session_id,person_id,source,label,audio_file,start_time,end_time,split
session_cough_0001,P_FORMAL_001,data/formal_audio_50/cough_0001.wav,cough,data/formal_audio_50/cough_0001.wav,0.0,9.78,train
session_cough_0002,P_FORMAL_002,data/formal_audio_50/cough_0002.wav,cough,data/formal_audio_50/cough_0002.wav,0.0,4.5,train
session_cough_0003,P_FORMAL_003,data/formal_audio_50/cough_0003.wav,cough,data/formal_audio_50/cough_0003.wav,0.0,9.84,train
session_cough_0004,P_FORMAL_004,data/formal_audio_50/cough_0004.wav,cough,data/formal_audio_50/cough_0004.wav,0.0,7.26,train
session_cough_0005,P_FORMAL_005,data/formal_audio_50/cough_0005.wav,cough,data/formal_audio_50/cough_0005.wav,0.0,9.78,train
session_cough_0006,P_FORMAL_006,data/formal_audio_50/cough_0006.wav,cough,data/formal_audio_50/cough_0006.wav,0.0,9.84,train
session_cough_0007,P_FORMAL_007,data/formal_audio_50/cough_0007.wav,cough,data/formal_audio_50/cough_0007.wav,0.0,9.84,train
session_cough_0008,P_FORMAL_008,data/formal_audio_50/cough_0008.wav,cough,data/formal_audio_50/cough_0008.wav,0.0,7.5,train
session_cough_0009,P_FORMAL_009,data/formal_audio_50/cough_0009.wav,cough,data/formal_audio_50/cough_0009.wav,0.0,9.9,train
session_cough_0010,P_FORMAL_010,data/formal_audio_50/cough_0010.wav,cough,data/formal_audio_50/cough_0010.wav,0.0,1.44,train
session_cough_0011,P_FORMAL_011,data/formal_audio_50/cough_0011.wav,cough,data/formal_audio_50/cough_0011.wav,0.0,9.9,train
session_cough_0012,P_FORMAL_012,data/formal_audio_50/cough_0012.wav,cough,data/formal_audio_50/cough_0012.wav,0.0,4.26,train
session_cough_0013,P_FORMAL_013,data/formal_audio_50/cough_0013.wav,cough,data/formal_audio_50/cough_0013.wav,0.0,9.96,train
session_cough_0014,P_FORMAL_014,data/formal_audio_50/cough_0014.wav,cough,data/formal_audio_50/cough_0014.wav,0.0,9.78,train
session_cough_0015,P_FORMAL_015,data/formal_audio_50/cough_0015.wav,cough,data/formal_audio_50/cough_0015.wav,0.0,9.6,train
session_cough_0016,P_FORMAL_016,data/formal_audio_50/cough_0016.wav,cough,data/formal_audio_50/cough_0016.wav,0.0,9.96,train
session_cough_0017,P_FORMAL_017,data/formal_audio_50/cough_0017.wav,cough,data/formal_audio_50/cough_0017.wav,0.0,9.84,train
session_cough_0018,P_FORMAL_018,data/formal_audio_50/cough_0018.wav,cough,data/formal_audio_50/cough_0018.wav,0.0,9.9,train
session_cough_0019,P_FORMAL_019,data/formal_audio_50/cough_0019.wav,cough,data/formal_audio_50/cough_0019.wav,0.0,9.984,val
session_cough_0020,P_FORMAL_020,data/formal_audio_50/cough_0020.wav,cough,data/formal_audio_50/cough_0020.wav,0.0,7.92,val
session_cough_0021,P_FORMAL_021,data/formal_audio_50/cough_0021.wav,cough,data/formal_audio_50/cough_0021.wav,0.0,5.370687,val
session_cough_0022,P_FORMAL_022,data/formal_audio_50/cough_0022.wav,cough,data/formal_audio_50/cough_0022.wav,0.0,9.66,val
session_cough_0023,P_FORMAL_023,data/formal_audio_50/cough_0023.wav,cough,data/formal_audio_50/cough_0023.wav,0.0,6.48,test
session_cough_0024,P_FORMAL_024,data/formal_audio_50/cough_0024.wav,cough,data/formal_audio_50/cough_0024.wav,0.0,1.0,test
session_cough_0025,P_FORMAL_025,data/formal_audio_50/cough_0025.wav,cough,data/formal_audio_50/cough_0025.wav,0.0,9.78,test
session_non_cough_0001,P_FORMAL_026,data/formal_audio_50/non_cough_0001.wav,non_cough,data/formal_audio_50/non_cough_0001.wav,0.0,18.553062,train
session_non_cough_0002,P_FORMAL_027,data/formal_audio_50/non_cough_0002.wav,non_cough,data/formal_audio_50/non_cough_0002.wav,0.0,8.247438,train
session_non_cough_0003,P_FORMAL_028,data/formal_audio_50/non_cough_0003.wav,non_cough,data/formal_audio_50/non_cough_0003.wav,0.0,9.422937,train
session_non_cough_0004,P_FORMAL_029,data/formal_audio_50/non_cough_0004.wav,non_cough,data/formal_audio_50/non_cough_0004.wav,0.0,18.170313,train
session_non_cough_0005,P_FORMAL_030,data/formal_audio_50/non_cough_0005.wav,non_cough,data/formal_audio_50/non_cough_0005.wav,0.0,1.563562,train
session_non_cough_0006,P_FORMAL_031,data/formal_audio_50/non_cough_0006.wav,non_cough,data/formal_audio_50/non_cough_0006.wav,0.0,7.45,train
session_non_cough_0007,P_FORMAL_032,data/formal_audio_50/non_cough_0007.wav,non_cough,data/formal_audio_50/non_cough_0007.wav,0.0,5.0,train
session_non_cough_0008,P_FORMAL_033,data/formal_audio_50/non_cough_0008.wav,non_cough,data/formal_audio_50/non_cough_0008.wav,0.0,28.65,train
session_non_cough_0009,P_FORMAL_034,data/formal_audio_50/non_cough_0009.wav,non_cough,data/formal_audio_50/non_cough_0009.wav,0.0,12.0,train
session_non_cough_0010,P_FORMAL_035,data/formal_audio_50/non_cough_0010.wav,non_cough,data/formal_audio_50/non_cough_0010.wav,0.0,5.05,train
session_non_cough_0011,P_FORMAL_036,data/formal_audio_50/non_cough_0011.wav,non_cough,data/formal_audio_50/non_cough_0011.wav,0.0,8.307,train
session_non_cough_0012,P_FORMAL_037,data/formal_audio_50/non_cough_0012.wav,non_cough,data/formal_audio_50/non_cough_0012.wav,0.0,6.269438,train
session_non_cough_0013,P_FORMAL_038,data/formal_audio_50/non_cough_0013.wav,non_cough,data/formal_audio_50/non_cough_0013.wav,0.0,4.336375,train
session_non_cough_0014,P_FORMAL_039,data/formal_audio_50/non_cough_0014.wav,non_cough,data/formal_audio_50/non_cough_0014.wav,0.0,4.022875,train
session_non_cough_0015,P_FORMAL_040,data/formal_audio_50/non_cough_0015.wav,non_cough,data/formal_audio_50/non_cough_0015.wav,0.0,7.758375,train
session_non_cough_0016,P_FORMAL_041,data/formal_audio_50/non_cough_0016.wav,non_cough,data/formal_audio_50/non_cough_0016.wav,0.0,10.7625,train
session_non_cough_0017,P_FORMAL_042,data/formal_audio_50/non_cough_0017.wav,non_cough,data/formal_audio_50/non_cough_0017.wav,0.0,9.613062,train
session_non_cough_0018,P_FORMAL_043,data/formal_audio_50/non_cough_0018.wav,non_cough,data/formal_audio_50/non_cough_0018.wav,0.0,4.780437,train
session_non_cough_0019,P_FORMAL_044,data/formal_audio_50/non_cough_0019.wav,non_cough,data/formal_audio_50/non_cough_0019.wav,0.0,10.161687,val
session_non_cough_0020,P_FORMAL_045,data/formal_audio_50/non_cough_0020.wav,non_cough,data/formal_audio_50/non_cough_0020.wav,0.0,17.1625,val
session_non_cough_0021,P_FORMAL_046,data/formal_audio_50/non_cough_0021.wav,non_cough,data/formal_audio_50/non_cough_0021.wav,0.0,15.36,val
session_non_cough_0022,P_FORMAL_047,data/formal_audio_50/non_cough_0022.wav,non_cough,data/formal_audio_50/non_cough_0022.wav,0.0,4.780437,val
session_non_cough_0023,P_FORMAL_048,data/formal_audio_50/non_cough_0023.wav,non_cough,data/formal_audio_50/non_cough_0023.wav,0.0,2.5,test
session_non_cough_0024,P_FORMAL_049,data/formal_audio_50/non_cough_0024.wav,non_cough,data/formal_audio_50/non_cough_0024.wav,0.0,6.321688,test
session_non_cough_0025,P_FORMAL_050,data/formal_audio_50/non_cough_0025.wav,non_cough,data/formal_audio_50/non_cough_0025.wav,0.0,21.655562,test
session_yamnet_review_84a319d0b3b9,P_YAMNET_7e06f38601,yamnet_review_gold,non_cough,D:\cough_model_train\DATA\non_cough\FSD50K_Negative_clean\51720.wav,14.0,15.0,train
session_yamnet_review_75a6e2f5b9de,P_YAMNET_a8bc5b3905,yamnet_review_gold,non_cough,D:\cough_model_train\DATA\non_cough\non_cough_READY\non_cough\non_cough_039205\data.wav,14.0,15.0,train
session_yamnet_review_c7372a2244cb,P_YAMNET_50c6b7d0f9,yamnet_review_gold,non_cough,D:\cough_model_train\DATA\non_cough\FSD50K_Negative_clean\389270.wav,2.5,3.5,train
session_yamnet_review_e4cd31ee4f6b,P_YAMNET_70644db26a,yamnet_review_gold,non_cough,D:\cough_model_train\DATA\non_cough\non_cough_READY\non_cough\non_cough_033465\data.wav,2.5,3.5,train
session_yamnet_review_288ec1c270c4,P_YAMNET_66f6eaa9a9,yamnet_review_gold,non_cough,D:\cough_model_train\DATA\non_cough\FSD50K_Negative_clean\363474.wav,5.5,6.5,train
session_yamnet_review_bd1e9e624f25,P_YAMNET_5309e83793,yamnet_review_gold,non_cough,D:\cough_model_train\DATA\non_cough\non_cough_READY\non_cough\non_cough_029297\data.wav,5.5,6.5,train
session_yamnet_review_4a5db7c41c17,P_YAMNET_47fa1d0a62,yamnet_review_gold,non_cough,D:\cough_model_train\DATA\non_cough\FSD50K_Negative_clean\179308.wav,1.5,2.5,train
session_yamnet_review_2415d4b82d98,P_YAMNET_3b9349d20a,yamnet_review_gold,non_cough,D:\cough_model_train\DATA\non_cough\non_cough_READY\non_cough\non_cough_009495\data.wav,1.5,2.5,train
session_yamnet_review_c05344f3b821,P_YAMNET_46a05ba971,yamnet_review_gold,non_cough,D:\cough_model_train\DATA\non_cough\FSD50K_Negative_clean\399131.wav,7.5,8.5,train
session_yamnet_review_c066649f638e,P_YAMNET_a134d584de,yamnet_review_gold,non_cough,D:\cough_model_train\DATA\non_cough\non_cough_READY\non_cough\non_cough_034542\data.wav,7.5,8.5,train
session_yamnet_review_69d13631bd3a,P_YAMNET_50c6b7d0f9,yamnet_review_gold,non_cough,D:\cough_model_train\DATA\non_cough\FSD50K_Negative_clean\389270.wav,1.0,2.0,train
session_yamnet_review_45be2bc37919,P_YAMNET_70644db26a,yamnet_review_gold,non_cough,D:\cough_model_train\DATA\non_cough\non_cough_READY\non_cough\non_cough_033465\data.wav,1.0,2.0,train
session_yamnet_review_a956c2d194e3,P_YAMNET_2f5b4f0a85,yamnet_review_gold,non_cough,D:\cough_model_train\DATA\non_cough\FSD50K_Negative_clean\108750.wav,11.0,12.0,train
session_yamnet_review_b60f0f608b51,P_YAMNET_9b3bcd23a9,yamnet_review_gold,non_cough,D:\cough_model_train\DATA\non_cough\non_cough_1.0_4305\non_cough_000955\data.wav,11.0,12.0,train
session_yamnet_review_419085d380d1,P_YAMNET_1ed9dcb01d,yamnet_review_gold,non_cough,D:\cough_model_train\DATA\non_cough\FSD50K_Negative_clean\238576.wav,1.0,2.0,train
session_yamnet_review_987e5534df98,P_YAMNET_8d17501b90,yamnet_review_gold,non_cough,D:\cough_model_train\DATA\non_cough\non_cough_READY\non_cough\non_cough_016067\data.wav,1.0,2.0,train
session_yamnet_review_e8a8edafc18e,P_YAMNET_94a60674e8,yamnet_review_gold,non_cough,D:\cough_model_train\DATA\non_cough\FSD50K_Negative_clean\238571.wav,3.5,4.5,train
session_yamnet_review_39e029abeea9,P_YAMNET_863057ab32,yamnet_review_gold,non_cough,D:\cough_model_train\DATA\non_cough\non_cough_READY\non_cough\non_cough_016063\data.wav,3.5,4.5,train
session_yamnet_review_b6d7adf7fb1a,P_YAMNET_38165ae5e4,yamnet_review_gold,non_cough,D:\cough_model_train\DATA\non_cough\FSD50K_Negative_clean\238701.wav,1.0,2.0,train
session_yamnet_review_8ff621fbb671,P_YAMNET_74d640930f,yamnet_review_gold,non_cough,D:\cough_model_train\DATA\non_cough\non_cough_READY\non_cough\non_cough_016102\data.wav,1.0,2.0,train
session_yamnet_review_63966a438335,P_YAMNET_e2278a7498,yamnet_review_gold,non_cough,D:\cough_model_train\DATA\non_cough\FSD50K_Negative_clean\109713.wav,4.0,5.0,train
session_yamnet_review_79c0d3f2c6a6,P_YAMNET_04e4cbce0b,yamnet_review_gold,non_cough,D:\cough_model_train\DATA\non_cough\non_cough_1.0_4305\non_cough_001032\data.wav,4.0,5.0,train
session_yamnet_review_570dd183d441,P_YAMNET_e2278a7498,yamnet_review_gold,non_cough,D:\cough_model_train\DATA\non_cough\FSD50K_Negative_clean\109713.wav,3.0,4.0,train
session_yamnet_review_2b8aa51cbb29,P_YAMNET_04e4cbce0b,yamnet_review_gold,non_cough,D:\cough_model_train\DATA\non_cough\non_cough_1.0_4305\non_cough_001032\data.wav,3.0,4.0,train
session_yamnet_review_74e23241e63a,P_YAMNET_e2278a7498,yamnet_review_gold,non_cough,D:\cough_model_train\DATA\non_cough\FSD50K_Negative_clean\109713.wav,1.0,2.0,train
session_yamnet_review_f68c64b3fef6,P_YAMNET_04e4cbce0b,yamnet_review_gold,non_cough,D:\cough_model_train\DATA\non_cough\non_cough_1.0_4305\non_cough_001032\data.wav,1.0,2.0,train
session_yamnet_review_b61fe101dedd,P_YAMNET_e2278a7498,yamnet_review_gold,non_cough,D:\cough_model_train\DATA\non_cough\FSD50K_Negative_clean\109713.wav,2.0,3.0,train
session_yamnet_review_3b0d0b74f1c4,P_YAMNET_04e4cbce0b,yamnet_review_gold,non_cough,D:\cough_model_train\DATA\non_cough\non_cough_1.0_4305\non_cough_001032\data.wav,2.0,3.0,train
session_yamnet_review_798ca48a7098,P_YAMNET_877c0882e5,yamnet_review_gold,non_cough,D:\cough_model_train\DATA\non_cough\FSD50K_Negative_clean\418785.wav,4.0,5.0,train
session_yamnet_review_772fb1292ae0,P_YAMNET_db3b028736,yamnet_review_gold,non_cough,D:\cough_model_train\DATA\non_cough\non_cough_READY\non_cough\non_cough_036737\data.wav,4.0,5.0,train
session_yamnet_review_1cf2bcc805ea,P_YAMNET_2f5b4f0a85,yamnet_review_gold,non_cough,D:\cough_model_train\DATA\non_cough\FSD50K_Negative_clean\108750.wav,6.5,7.5,train
session_yamnet_review_6fe09c04ae11,P_YAMNET_9b3bcd23a9,yamnet_review_gold,non_cough,D:\cough_model_train\DATA\non_cough\non_cough_1.0_4305\non_cough_000955\data.wav,6.5,7.5,train
session_yamnet_review_c11813b170e0,P_YAMNET_27b299b609,yamnet_review_gold,non_cough,D:\cough_model_train\DATA\non_cough\FSD50K_Negative_clean\108856.wav,14.0,15.0,train
session_yamnet_review_660c09900a43,P_YAMNET_dfa842cd53,yamnet_review_gold,non_cough,D:\cough_model_train\DATA\non_cough\non_cough_1.0_4305\non_cough_000971\data.wav,14.0,15.0,train
session_yamnet_review_a739d0eb6749,P_YAMNET_2f5b4f0a85,yamnet_review_gold,non_cough,D:\cough_model_train\DATA\non_cough\FSD50K_Negative_clean\108750.wav,1.5,2.5,train
session_yamnet_review_1faf549cfd42,P_YAMNET_9b3bcd23a9,yamnet_review_gold,non_cough,D:\cough_model_train\DATA\non_cough\non_cough_1.0_4305\non_cough_000955\data.wav,1.5,2.5,train
session_yamnet_review_6849393df5bb,P_YAMNET_037d0d9b96,yamnet_review_gold,non_cough,D:\cough_model_train\DATA\non_cough\FSD50K_Negative_clean\84746.wav,2.0,3.0,train
session_yamnet_review_1d55ac91d22a,P_YAMNET_455a1d4eb7,yamnet_review_gold,non_cough,D:\cough_model_train\DATA\non_cough\non_cough_READY\non_cough\non_cough_043660\data.wav,2.0,3.0,train
session_yamnet_review_90aed627e1f8,P_YAMNET_78ed06add8,yamnet_review_gold,non_cough,D:\cough_model_train\DATA\non_cough\FSD50K_Negative_clean\360900.wav,3.5,4.5,train
session_yamnet_review_6464f90a024a,P_YAMNET_230aabca2b,yamnet_review_gold,non_cough,D:\cough_model_train\DATA\non_cough\non_cough_READY\non_cough\non_cough_028984\data.wav,3.5,4.5,train
session_yamnet_review_d683ab481f75,P_YAMNET_d11d41e59e,yamnet_review_gold,non_cough,D:\cough_model_train\DATA\non_cough\FSD50K_Negative_clean\239068.wav,2.5,3.5,train
session_yamnet_review_1661f253a8e4,P_YAMNET_e996905826,yamnet_review_gold,non_cough,D:\cough_model_train\DATA\non_cough\non_cough_READY\non_cough\non_cough_016157\data.wav,2.5,3.5,train
session_yamnet_review_3f14c93a2f19,P_YAMNET_0d269311fc,yamnet_review_gold,non_cough,D:\cough_model_train\DATA\non_cough\FSD50K_Negative_clean\76615.wav,0.0,1.0,train
session_yamnet_review_3212622c113e,P_YAMNET_482dd5c2f1,yamnet_review_gold,non_cough,D:\cough_model_train\DATA\non_cough\non_cough_READY\non_cough\non_cough_042673\data.wav,0.0,1.0,train
session_yamnet_review_50c49a19a5bd,P_YAMNET_e1649f94ba,yamnet_review_gold,non_cough,D:\cough_model_train\DATA\non_cough\FSD50K_Negative_clean\420117.wav,8.5,9.5,train
session_yamnet_review_4a895e2f59b3,P_YAMNET_3f59d12a8e,yamnet_review_gold,non_cough,D:\cough_model_train\DATA\non_cough\non_cough_READY\non_cough\non_cough_036889\data.wav,8.5,9.5,train
session_yamnet_review_994a71a9c520,P_YAMNET_b19cd72568,yamnet_review_gold,non_cough,D:\cough_model_train\DATA\non_cough\FSD50K_Negative_clean\288941.wav,0.0,1.0,train
session_yamnet_review_275bb1f27c05,P_YAMNET_81e3cf3cbf,yamnet_review_gold,non_cough,D:\cough_model_train\DATA\non_cough\non_cough_READY\non_cough\non_cough_021427\data.wav,0.0,1.0,train
session_yamnet_review_73f8f0e47e46,P_YAMNET_2f5b4f0a85,yamnet_review_gold,non_cough,D:\cough_model_train\DATA\non_cough\FSD50K_Negative_clean\108750.wav,9.5,10.5,train
session_yamnet_review_67141221894b,P_YAMNET_9b3bcd23a9,yamnet_review_gold,non_cough,D:\cough_model_train\DATA\non_cough\non_cough_1.0_4305\non_cough_000955\data.wav,9.5,10.5,train
session_yamnet_review_e00b30d1520d,P_YAMNET_935dbcd506,yamnet_review_gold,non_cough,D:\cough_model_train\DATA\non_cough\FSD50K_Negative_clean\111615.wav,21.5,22.5,train
session_yamnet_review_167771ff0545,P_YAMNET_7cb3977edb,yamnet_review_gold,non_cough,D:\cough_model_train\DATA\non_cough\non_cough_1.0_4305\non_cough_001258\data.wav,21.5,22.5,train
session_yamnet_review_4a7b543dba0e,P_YAMNET_c776408905,yamnet_review_gold,non_cough,D:\cough_model_train\DATA\non_cough\FSD50K_Negative_clean\394772.wav,0.5,1.5,train
session_yamnet_review_44831b033303,P_YAMNET_a00c323334,yamnet_review_gold,non_cough,D:\cough_model_train\DATA\non_cough\non_cough_READY\non_cough\non_cough_034105\data.wav,0.5,1.5,train
session_yamnet_review_02128e99e7dc,P_YAMNET_3ab81d5ff4,yamnet_review_gold,non_cough,D:\cough_model_train\DATA\non_cough\FSD50K_Negative_clean\223521.wav,3.0,4.0,train
session_yamnet_review_0edf06893d2b,P_YAMNET_fd5d3ebb01,yamnet_review_gold,non_cough,D:\cough_model_train\DATA\non_cough\non_cough_READY\non_cough\non_cough_014621\data.wav,3.0,4.0,train
session_yamnet_review_fa4bc1639f8c,P_YAMNET_75244e4d30,yamnet_review_gold,non_cough,D:\cough_model_train\DATA\non_cough\FSD50K_Negative_clean\252449.wav,4.5,5.5,train
session_yamnet_review_859d20873e3b,P_YAMNET_73ec0dd1b2,yamnet_review_gold,non_cough,D:\cough_model_train\DATA\non_cough\non_cough_READY\non_cough\non_cough_018553\data.wav,4.5,5.5,train
session_yamnet_review_ce73baecaf08,P_YAMNET_c10f09906c,yamnet_review_gold,non_cough,D:\cough_model_train\DATA\non_cough\FSD50K_Negative_clean\91469.wav,2.5,3.5,train
session_yamnet_review_8cd7c52ccf20,P_YAMNET_9ffac53e28,yamnet_review_gold,non_cough,D:\cough_model_train\DATA\non_cough\non_cough_READY\non_cough\non_cough_044674\data.wav,2.5,3.5,train
session_yamnet_review_61ce99e8661a,P_YAMNET_2f5b4f0a85,yamnet_review_gold,non_cough,D:\cough_model_train\DATA\non_cough\FSD50K_Negative_clean\108750.wav,5.5,6.5,train
session_yamnet_review_62a345fd3297,P_YAMNET_9b3bcd23a9,yamnet_review_gold,non_cough,D:\cough_model_train\DATA\non_cough\non_cough_1.0_4305\non_cough_000955\data.wav,5.5,6.5,train
session_yamnet_review_345023de13ed,P_YAMNET_61939cfdbe,yamnet_review_gold,non_cough,D:\cough_model_train\DATA\non_cough\FSD50K_Negative_clean\339625.wav,2.0,3.0,train
session_yamnet_review_4fe41f26c490,P_YAMNET_f49466ff62,yamnet_review_gold,non_cough,D:\cough_model_train\DATA\non_cough\non_cough_READY\non_cough\non_cough_024714\data.wav,2.0,3.0,train
session_yamnet_review_bce574b01625,P_YAMNET_e1649f94ba,yamnet_review_gold,non_cough,D:\cough_model_train\DATA\non_cough\FSD50K_Negative_clean\420117.wav,10.0,11.0,train
session_yamnet_review_4bc4a846936e,P_YAMNET_3f59d12a8e,yamnet_review_gold,non_cough,D:\cough_model_train\DATA\non_cough\non_cough_READY\non_cough\non_cough_036889\data.wav,10.0,11.0,train
session_yamnet_review_bad6229512eb,P_YAMNET_27b299b609,yamnet_review_gold,non_cough,D:\cough_model_train\DATA\non_cough\FSD50K_Negative_clean\108856.wav,8.0,9.0,train
session_yamnet_review_dce64c917be8,P_YAMNET_dfa842cd53,yamnet_review_gold,non_cough,D:\cough_model_train\DATA\non_cough\non_cough_1.0_4305\non_cough_000971\data.wav,8.0,9.0,train
session_yamnet_review_c457383cd9f3,P_YAMNET_3a2dc0c9d7,yamnet_review_gold,non_cough,D:\cough_model_train\DATA\non_cough\FSD50K_Negative_clean\249708.wav,6.0,7.0,train
session_yamnet_review_5a375de06046,P_YAMNET_0df857a5be,yamnet_review_gold,non_cough,D:\cough_model_train\DATA\non_cough\non_cough_READY\non_cough\non_cough_018163\data.wav,6.0,7.0,train
session_yamnet_review_81cda6a905b0,P_YAMNET_1002d6cfbb,yamnet_review_gold,non_cough,D:\cough_model_train\DATA\non_cough\FSD50K_Negative_clean\238580.wav,12.0,13.0,train
session_yamnet_review_02e8682c3026,P_YAMNET_ce562771f3,yamnet_review_gold,non_cough,D:\cough_model_train\DATA\non_cough\non_cough_READY\non_cough\non_cough_016072\data.wav,12.0,13.0,train
session_yamnet_review_d8a07749188e,P_YAMNET_8e95bbb13e,yamnet_review_gold,non_cough,D:\cough_model_train\DATA\non_cough\FSD50K_Negative_clean\254000.wav,5.0,6.0,train
session_yamnet_review_d173520da0dc,P_YAMNET_14bd67f86f,yamnet_review_gold,non_cough,D:\cough_model_train\DATA\non_cough\non_cough_READY\non_cough\non_cough_018742\data.wav,5.0,6.0,train
session_yamnet_review_873d9875b464,P_YAMNET_50fa0a1d42,yamnet_review_gold,non_cough,D:\cough_model_train\DATA\non_cough\FSD50K_Negative_clean\108853.wav,3.5,4.5,train
session_yamnet_review_46b5cb993ab5,P_YAMNET_b9320188d0,yamnet_review_gold,non_cough,D:\cough_model_train\DATA\non_cough\non_cough_1.0_4305\non_cough_000969\data.wav,3.5,4.5,train
session_yamnet_review_395d3f5a4e39,P_YAMNET_3a2dc0c9d7,yamnet_review_gold,non_cough,D:\cough_model_train\DATA\non_cough\FSD50K_Negative_clean\249708.wav,2.0,3.0,train
session_yamnet_review_23f5ba4f9230,P_YAMNET_0df857a5be,yamnet_review_gold,non_cough,D:\cough_model_train\DATA\non_cough\non_cough_READY\non_cough\non_cough_018163\data.wav,2.0,3.0,train
session_yamnet_review_c46eaeca7963,P_YAMNET_b85a47dc34,yamnet_review_gold,non_cough,D:\cough_model_train\DATA\non_cough\FSD50K_Negative_clean\35876.wav,2.5,3.5,train
session_yamnet_review_13f16862f62d,P_YAMNET_6781d4431d,yamnet_review_gold,non_cough,D:\cough_model_train\DATA\non_cough\non_cough_READY\non_cough\non_cough_028509\data.wav,2.5,3.5,train
session_yamnet_review_bf1cbd3f8876,P_YAMNET_3a2dc0c9d7,yamnet_review_gold,non_cough,D:\cough_model_train\DATA\non_cough\FSD50K_Negative_clean\249708.wav,13.0,14.0,train
session_yamnet_review_4a02186a14b8,P_YAMNET_0df857a5be,yamnet_review_gold,non_cough,D:\cough_model_train\DATA\non_cough\non_cough_READY\non_cough\non_cough_018163\data.wav,13.0,14.0,train
session_yamnet_review_b6657e096823,P_YAMNET_345057556b,yamnet_review_gold,non_cough,D:\cough_model_train\DATA\non_cough\FSD50K_Negative_clean\326109.wav,14.5,15.5,train
session_yamnet_review_4a895b8d24e3,P_YAMNET_c7180f1102,yamnet_review_gold,non_cough,D:\cough_model_train\DATA\non_cough\non_cough_READY\non_cough\non_cough_022992\data.wav,14.5,15.5,train
session_yamnet_review_ef0bed0086ac,P_YAMNET_b0c7eefdf6,yamnet_review_gold,non_cough,D:\cough_model_train\DATA\non_cough\FSD50K_Negative_clean\215674.wav,5.0,6.0,train
session_yamnet_review_a5b9e4ff7cc8,P_YAMNET_ecede26595,yamnet_review_gold,non_cough,D:\cough_model_train\DATA\non_cough\non_cough_READY\non_cough\non_cough_013662\data.wav,5.0,6.0,train
session_yamnet_review_2a1b863f4873,P_YAMNET_ff25e98496,yamnet_review_gold,non_cough,D:\cough_model_train\DATA\non_cough\FSD50K_Negative_clean\195089.wav,12.5,13.5,train
session_yamnet_review_6739f179a653,P_YAMNET_234ea2a542,yamnet_review_gold,non_cough,D:\cough_model_train\DATA\non_cough\non_cough_READY\non_cough\non_cough_011432\data.wav,12.5,13.5,train
session_yamnet_review_d240e9780307,P_YAMNET_46a05ba971,yamnet_review_gold,non_cough,D:\cough_model_train\DATA\non_cough\FSD50K_Negative_clean\399131.wav,8.5,9.5,train
session_yamnet_review_b4f35e94736a,P_YAMNET_a134d584de,yamnet_review_gold,non_cough,D:\cough_model_train\DATA\non_cough\non_cough_READY\non_cough\non_cough_034542\data.wav,8.5,9.5,train
session_yamnet_review_ed7406a6d4e2,P_YAMNET_6c0485f2e7,yamnet_review_gold,non_cough,D:\cough_model_train\DATA\non_cough\FSD50K_Negative_clean\108854.wav,0.0,1.0,train
session_yamnet_review_1622302ecd61,P_YAMNET_5d83a5e4c4,yamnet_review_gold,non_cough,D:\cough_model_train\DATA\non_cough\non_cough_1.0_4305\non_cough_000970\data.wav,0.0,1.0,train
session_yamnet_review_e846ff8308d6,P_YAMNET_386c54509c,yamnet_review_gold,non_cough,D:\cough_model_train\DATA\non_cough\FSD50K_Negative_clean\194460.wav,19.0,20.0,train
session_yamnet_review_2b7ac054f4e3,P_YAMNET_7ab37c186a,yamnet_review_gold,non_cough,D:\cough_model_train\DATA\non_cough\non_cough_READY\non_cough\non_cough_011335\data.wav,19.0,20.0,train
session_yamnet_review_74132c983a08,P_YAMNET_11c088d601,yamnet_review_gold,non_cough,D:\cough_model_train\DATA\non_cough\FSD50K_Negative_clean\123748.wav,1.0,2.0,train
session_yamnet_review_1a4a4d46f50e,P_YAMNET_b1742c1ce7,yamnet_review_gold,non_cough,D:\cough_model_train\DATA\non_cough\non_cough_1.0_4305\non_cough_002789\data.wav,1.0,2.0,train
session_yamnet_review_0ca0ecacb77c,P_YAMNET_1a00dc2074,yamnet_review_gold,non_cough,D:\cough_model_train\DATA\non_cough\FSD50K_Negative_clean\180049.wav,12.5,13.5,train
session_yamnet_review_5631d0200587,P_YAMNET_3b86ff8d6d,yamnet_review_gold,non_cough,D:\cough_model_train\DATA\non_cough\non_cough_READY\non_cough\non_cough_009554\data.wav,12.5,13.5,train
session_yamnet_review_395bddc82754,P_YAMNET_1002d6cfbb,yamnet_review_gold,non_cough,D:\cough_model_train\DATA\non_cough\FSD50K_Negative_clean\238580.wav,3.0,4.0,train
session_yamnet_review_b3185cf4d0aa,P_YAMNET_ce562771f3,yamnet_review_gold,non_cough,D:\cough_model_train\DATA\non_cough\non_cough_READY\non_cough\non_cough_016072\data.wav,3.0,4.0,train
session_yamnet_review_f486ab3cfcd9,P_YAMNET_ff25e98496,yamnet_review_gold,non_cough,D:\cough_model_train\DATA\non_cough\FSD50K_Negative_clean\195089.wav,7.0,8.0,train
session_yamnet_review_310e07977349,P_YAMNET_234ea2a542,yamnet_review_gold,non_cough,D:\cough_model_train\DATA\non_cough\non_cough_READY\non_cough\non_cough_011432\data.wav,7.0,8.0,train
session_yamnet_review_436649b3767b,P_YAMNET_17551f02d2,yamnet_review_gold,non_cough,D:\cough_model_train\DATA\non_cough\FSD50K_Negative_clean\197417.wav,4.5,5.5,train
session_yamnet_review_c01bf2192418,P_YAMNET_73ae7a7a55,yamnet_review_gold,non_cough,D:\cough_model_train\DATA\non_cough\non_cough_READY\non_cough\non_cough_011725\data.wav,4.5,5.5,train
session_yamnet_review_b38ed90e61fd,P_YAMNET_bcd618d3b4,yamnet_review_gold,non_cough,D:\cough_model_train\DATA\non_cough\FSD50K_Negative_clean\76616.wav,0.0,1.0,train
session_yamnet_review_0887fb5703fa,P_YAMNET_4a6973d3a3,yamnet_review_gold,non_cough,D:\cough_model_train\DATA\non_cough\non_cough_READY\non_cough\non_cough_042674\data.wav,0.0,1.0,train
session_yamnet_review_596d2d036a9e,P_YAMNET_6b7109fa6e,yamnet_review_gold,non_cough,D:\cough_model_train\DATA\non_cough\FSD50K_Negative_clean\238570.wav,3.5,4.5,train
session_yamnet_review_008e6f09f11c,P_YAMNET_8d22bbb9d1,yamnet_review_gold,non_cough,D:\cough_model_train\DATA\non_cough\non_cough_READY\non_cough\non_cough_016062\data.wav,3.5,4.5,train
session_yamnet_review_236a610e8cc9,P_YAMNET_3a2dc0c9d7,yamnet_review_gold,non_cough,D:\cough_model_train\DATA\non_cough\FSD50K_Negative_clean\249708.wav,26.0,27.0,train
session_yamnet_review_4ac3f0b1e78f,P_YAMNET_0df857a5be,yamnet_review_gold,non_cough,D:\cough_model_train\DATA\non_cough\non_cough_READY\non_cough\non_cough_018163\data.wav,26.0,27.0,train
session_yamnet_review_afb5353911cc,P_YAMNET_119896530f,yamnet_review_gold,non_cough,D:\cough_model_train\DATA\non_cough\FSD50K_Negative_clean\170211.wav,3.0,4.0,train
session_yamnet_review_572452e0b007,P_YAMNET_2c10526079,yamnet_review_gold,non_cough,D:\cough_model_train\DATA\non_cough\non_cough_READY\non_cough\non_cough_008424\data.wav,3.0,4.0,train
session_yamnet_review_c74faa279476,P_YAMNET_a3ca7b9dce,yamnet_review_gold,non_cough,D:\cough_model_train\DATA\non_cough\FSD50K_Negative_clean\264351.wav,3.0,4.0,train
session_yamnet_review_6aede44bb8ab,P_YAMNET_8efb92e71d,yamnet_review_gold,non_cough,D:\cough_model_train\DATA\non_cough\non_cough_READY\non_cough\non_cough_019802\data.wav,3.0,4.0,train
session_yamnet_review_9d391353d3cf,P_YAMNET_345057556b,yamnet_review_gold,non_cough,D:\cough_model_train\DATA\non_cough\FSD50K_Negative_clean\326109.wav,17.5,18.5,train
session_yamnet_review_8f2e97fea8e7,P_YAMNET_c7180f1102,yamnet_review_gold,non_cough,D:\cough_model_train\DATA\non_cough\non_cough_READY\non_cough\non_cough_022992\data.wav,17.5,18.5,train
session_yamnet_review_584305e4ac4d,P_YAMNET_b85a47dc34,yamnet_review_gold,non_cough,D:\cough_model_train\DATA\non_cough\FSD50K_Negative_clean\35876.wav,6.5,7.5,train
session_yamnet_review_221009894745,P_YAMNET_6781d4431d,yamnet_review_gold,non_cough,D:\cough_model_train\DATA\non_cough\non_cough_READY\non_cough\non_cough_028509\data.wav,6.5,7.5,train
session_yamnet_review_db9a3e080ce9,P_YAMNET_3a2dc0c9d7,yamnet_review_gold,non_cough,D:\cough_model_train\DATA\non_cough\FSD50K_Negative_clean\249708.wav,10.5,11.5,train
session_yamnet_review_90a82501441b,P_YAMNET_0df857a5be,yamnet_review_gold,non_cough,D:\cough_model_train\DATA\non_cough\non_cough_READY\non_cough\non_cough_018163\data.wav,10.5,11.5,train
session_yamnet_review_6b94671af88c,P_YAMNET_ff25e98496,yamnet_review_gold,non_cough,D:\cough_model_train\DATA\non_cough\FSD50K_Negative_clean\195089.wav,0.5,1.5,train
session_yamnet_review_a30cedeb3f57,P_YAMNET_234ea2a542,yamnet_review_gold,non_cough,D:\cough_model_train\DATA\non_cough\non_cough_READY\non_cough\non_cough_011432\data.wav,0.5,1.5,train
session_yamnet_review_99d0659b94a5,P_YAMNET_7b3d2e7ed3,yamnet_review_gold,non_cough,D:\cough_model_train\DATA\non_cough\FSD50K_Negative_clean\239469.wav,3.0,4.0,train
session_yamnet_review_0371b8e2a9b1,P_YAMNET_ebbdf9a7bb,yamnet_review_gold,non_cough,D:\cough_model_train\DATA\non_cough\non_cough_READY\non_cough\non_cough_016249\data.wav,3.0,4.0,train
session_yamnet_review_9f9aa5ea3615,P_YAMNET_1ed9dcb01d,yamnet_review_gold,non_cough,D:\cough_model_train\DATA\non_cough\FSD50K_Negative_clean\238576.wav,2.5,3.5,train
session_yamnet_review_7fcd4ba0cfa7,P_YAMNET_8d17501b90,yamnet_review_gold,non_cough,D:\cough_model_train\DATA\non_cough\non_cough_READY\non_cough\non_cough_016067\data.wav,2.5,3.5,train
session_yamnet_review_bfe10917c392,P_YAMNET_19dae22188,yamnet_review_gold,non_cough,D:\cough_model_train\DATA\non_cough\FSD50K_Negative_clean\399134.wav,8.0,9.0,train
session_yamnet_review_2caaa6ae27cb,P_YAMNET_4985ec6a9e,yamnet_review_gold,non_cough,D:\cough_model_train\DATA\non_cough\non_cough_READY\non_cough\non_cough_034545\data.wav,8.0,9.0,train
session_yamnet_review_95f520732cc7,P_YAMNET_5c750ec7fa,yamnet_review_gold,non_cough,D:\cough_model_train\DATA\non_cough\FSD50K_Negative_clean\9547.wav,0.0,1.0,train
session_yamnet_review_c81e93f548ac,P_YAMNET_7b4eba1cc2,yamnet_review_gold,non_cough,D:\cough_model_train\DATA\non_cough\non_cough_READY\non_cough\non_cough_045128\data.wav,0.0,1.0,train
session_yamnet_review_d26546c6ed07,P_YAMNET_fef9b00c22,yamnet_review_gold,non_cough,D:\cough_model_train\DATA\non_cough\FSD50K_Negative_clean\195220.wav,2.0,3.0,train
session_yamnet_review_8873a8db6c97,P_YAMNET_3221e877ba,yamnet_review_gold,non_cough,D:\cough_model_train\DATA\non_cough\non_cough_READY\non_cough\non_cough_011448\data.wav,2.0,3.0,train
session_yamnet_review_6663fae163f2,P_YAMNET_78ed06add8,yamnet_review_gold,non_cough,D:\cough_model_train\DATA\non_cough\FSD50K_Negative_clean\360900.wav,0.0,1.0,train
session_yamnet_review_93bb53be81ec,P_YAMNET_230aabca2b,yamnet_review_gold,non_cough,D:\cough_model_train\DATA\non_cough\non_cough_READY\non_cough\non_cough_028984\data.wav,0.0,1.0,train
session_yamnet_review_f925bec6063e,P_YAMNET_78b81d0382,yamnet_review_gold,non_cough,D:\cough_model_train\DATA\non_cough\FSD50K_Negative_clean\218055.wav,5.0,6.0,train
session_yamnet_review_ba00ca56cc0c,P_YAMNET_7fafd8b96d,yamnet_review_gold,non_cough,D:\cough_model_train\DATA\non_cough\non_cough_READY\non_cough\non_cough_013979\data.wav,5.0,6.0,train
session_yamnet_review_139c2cf9d569,P_YAMNET_ee93b8f8cd,yamnet_review_gold,non_cough,D:\cough_model_train\DATA\non_cough\FSD50K_Negative_clean\407764.wav,4.0,5.0,train
session_yamnet_review_32bec252efd2,P_YAMNET_a6b5fb15a7,yamnet_review_gold,non_cough,D:\cough_model_train\DATA\non_cough\non_cough_READY\non_cough\non_cough_035610\data.wav,4.0,5.0,train
session_yamnet_review_759c6db40b83,P_YAMNET_27f10c99fa,yamnet_review_gold,non_cough,D:\cough_model_train\DATA\non_cough\FSD50K_Negative_clean\378695.wav,1.5,2.5,train
session_yamnet_review_aa7b26a9764e,P_YAMNET_2a85992477,yamnet_review_gold,non_cough,D:\cough_model_train\DATA\non_cough\non_cough_READY\non_cough\non_cough_031944\data.wav,1.5,2.5,train
session_yamnet_review_7c6b177d18f9,P_YAMNET_4a1d594b7a,yamnet_review_gold,non_cough,D:\cough_model_train\DATA\non_cough\FSD50K_Negative_clean\177252.wav,4.5,5.5,train
session_yamnet_review_683e80f0329c,P_YAMNET_e15a65b781,yamnet_review_gold,non_cough,D:\cough_model_train\DATA\non_cough\non_cough_READY\non_cough\non_cough_009265\data.wav,4.5,5.5,train
session_yamnet_review_cc4266d8a3b5,P_YAMNET_4989285cd9,yamnet_review_gold,non_cough,D:\cough_model_train\DATA\non_cough\FSD50K_Negative_clean\212427.wav,0.5,1.5,train
session_yamnet_review_6cc3654b5986,P_YAMNET_a6ff044f3d,yamnet_review_gold,non_cough,D:\cough_model_train\DATA\non_cough\non_cough_READY\non_cough\non_cough_013357\data.wav,0.5,1.5,train
session_yamnet_review_75635adea786,P_YAMNET_4a1d594b7a,yamnet_review_gold,non_cough,D:\cough_model_train\DATA\non_cough\FSD50K_Negative_clean\177252.wav,0.5,1.5,train
session_yamnet_review_a0a98ebb785f,P_YAMNET_e15a65b781,yamnet_review_gold,non_cough,D:\cough_model_train\DATA\non_cough\non_cough_READY\non_cough\non_cough_009265\data.wav,0.5,1.5,train
session_yamnet_review_b304411209d0,P_YAMNET_345057556b,yamnet_review_gold,non_cough,D:\cough_model_train\DATA\non_cough\FSD50K_Negative_clean\326109.wav,11.0,12.0,train
session_yamnet_review_389df49763b9,P_YAMNET_c7180f1102,yamnet_review_gold,non_cough,D:\cough_model_train\DATA\non_cough\non_cough_READY\non_cough\non_cough_022992\data.wav,11.0,12.0,train
session_yamnet_review_9460a203865d,P_YAMNET_b0c7eefdf6,yamnet_review_gold,non_cough,D:\cough_model_train\DATA\non_cough\FSD50K_Negative_clean\215674.wav,7.5,8.5,train
session_yamnet_review_739efa9ee3e6,P_YAMNET_ecede26595,yamnet_review_gold,non_cough,D:\cough_model_train\DATA\non_cough\non_cough_READY\non_cough\non_cough_013662\data.wav,7.5,8.5,train
session_yamnet_review_a1f1932ae9a8,P_YAMNET_c776408905,yamnet_review_gold,non_cough,D:\cough_model_train\DATA\non_cough\FSD50K_Negative_clean\394772.wav,4.0,5.0,train
session_yamnet_review_86aa1736f49b,P_YAMNET_a00c323334,yamnet_review_gold,non_cough,D:\cough_model_train\DATA\non_cough\non_cough_READY\non_cough\non_cough_034105\data.wav,4.0,5.0,train
session_yamnet_review_c003525902c7,P_YAMNET_8e95bbb13e,yamnet_review_gold,non_cough,D:\cough_model_train\DATA\non_cough\FSD50K_Negative_clean\254000.wav,12.0,13.0,train
session_yamnet_review_8232973ae61c,P_YAMNET_14bd67f86f,yamnet_review_gold,non_cough,D:\cough_model_train\DATA\non_cough\non_cough_READY\non_cough\non_cough_018742\data.wav,12.0,13.0,train
session_yamnet_review_988711cb7a0a,P_YAMNET_8e95bbb13e,yamnet_review_gold,non_cough,D:\cough_model_train\DATA\non_cough\FSD50K_Negative_clean\254000.wav,4.0,5.0,train
session_yamnet_review_a9478bd00715,P_YAMNET_14bd67f86f,yamnet_review_gold,non_cough,D:\cough_model_train\DATA\non_cough\non_cough_READY\non_cough\non_cough_018742\data.wav,4.0,5.0,train
session_yamnet_review_456579298bab,P_YAMNET_50fa0a1d42,yamnet_review_gold,non_cough,D:\cough_model_train\DATA\non_cough\FSD50K_Negative_clean\108853.wav,0.5,1.5,train
session_yamnet_review_c57b8486f361,P_YAMNET_b9320188d0,yamnet_review_gold,non_cough,D:\cough_model_train\DATA\non_cough\non_cough_1.0_4305\non_cough_000969\data.wav,0.5,1.5,train
session_yamnet_review_4175fadb5f36,P_YAMNET_05cf781d70,yamnet_review_gold,non_cough,D:\cough_model_train\DATA\non_cough\FSD50K_Negative_clean\80285.wav,0.0,1.0,train
session_yamnet_review_74fcb699048e,P_YAMNET_8527ac4819,yamnet_review_gold,non_cough,D:\cough_model_train\DATA\non_cough\non_cough_READY\non_cough\non_cough_043173\data.wav,0.0,1.0,train
session_yamnet_review_0864b9c728fe,P_YAMNET_3ab81d5ff4,yamnet_review_gold,non_cough,D:\cough_model_train\DATA\non_cough\FSD50K_Negative_clean\223521.wav,0.5,1.5,train
session_yamnet_review_c09048bb519f,P_YAMNET_fd5d3ebb01,yamnet_review_gold,non_cough,D:\cough_model_train\DATA\non_cough\non_cough_READY\non_cough\non_cough_014621\data.wav,0.5,1.5,train
session_yamnet_review_ff8a9aa9ad97,P_YAMNET_fef9b00c22,yamnet_review_gold,non_cough,D:\cough_model_train\DATA\non_cough\FSD50K_Negative_clean\195220.wav,0.0,1.0,train
session_yamnet_review_60b5cccab1f7,P_YAMNET_3221e877ba,yamnet_review_gold,non_cough,D:\cough_model_train\DATA\non_cough\non_cough_READY\non_cough\non_cough_011448\data.wav,0.0,1.0,train
session_yamnet_review_178f045b4cc9,P_YAMNET_05cf781d70,yamnet_review_gold,non_cough,D:\cough_model_train\DATA\non_cough\FSD50K_Negative_clean\80285.wav,4.5,5.5,train
session_yamnet_review_8a03d6e66592,P_YAMNET_8527ac4819,yamnet_review_gold,non_cough,D:\cough_model_train\DATA\non_cough\non_cough_READY\non_cough\non_cough_043173\data.wav,4.5,5.5,train
session_yamnet_review_be2c4c57dd77,P_YAMNET_4e4c04c11b,yamnet_review_gold,non_cough,D:\cough_model_train\DATA\non_cough\FSD50K_Negative_clean\219766.wav,1.5,2.5,train
session_yamnet_review_ae9126b55e38,P_YAMNET_bdb3a74fe4,yamnet_review_gold,non_cough,D:\cough_model_train\DATA\non_cough\non_cough_READY\non_cough\non_cough_014215\data.wav,1.5,2.5,train
session_yamnet_review_dd01b820a185,P_YAMNET_4b1b4dd508,yamnet_review_gold,non_cough,D:\cough_model_train\DATA\non_cough\FSD50K_Negative_clean\414030.wav,0.5,1.5,train
session_yamnet_review_e7b892a70d66,P_YAMNET_9e605aab94,yamnet_review_gold,non_cough,D:\cough_model_train\DATA\non_cough\non_cough_READY\non_cough\non_cough_036176\data.wav,0.5,1.5,train
session_yamnet_review_889e3c8d19fd,P_YAMNET_eceaf25cdb,yamnet_review_gold,non_cough,D:\cough_model_train\DATA\non_cough\FSD50K_Negative_clean\418782.wav,4.0,5.0,train
session_yamnet_review_994a8ae3bbdc,P_YAMNET_fd2f6239b3,yamnet_review_gold,non_cough,D:\cough_model_train\DATA\non_cough\non_cough_READY\non_cough\non_cough_036734\data.wav,4.0,5.0,train
session_yamnet_review_a9bf1ecae4f3,P_YAMNET_c2b59940be,yamnet_review_gold,non_cough,D:\cough_model_train\DATA\non_cough\FSD50K_Negative_clean\334468.wav,16.5,17.5,train
session_yamnet_review_2393c9c13550,P_YAMNET_acf3b7f848,yamnet_review_gold,non_cough,D:\cough_model_train\DATA\non_cough\non_cough_READY\non_cough\non_cough_023996\data.wav,16.5,17.5,train
session_yamnet_review_163f2db5c519,P_YAMNET_53b4a2fd0a,yamnet_review_gold,non_cough,D:\cough_model_train\DATA\non_cough\FSD50K_Negative_clean\406089.wav,0.5,1.5,train
session_yamnet_review_19b18e7db140,P_YAMNET_b8587be616,yamnet_review_gold,non_cough,D:\cough_model_train\DATA\non_cough\non_cough_READY\non_cough\non_cough_035370\data.wav,0.5,1.5,train
session_yamnet_review_2f1a3a59354d,P_YAMNET_67ac6db280,yamnet_review_gold,non_cough,D:\cough_model_train\DATA\non_cough\FSD50K_Negative_clean\136492.wav,9.5,10.5,train
session_yamnet_review_03fa99e358b4,P_YAMNET_c59c492cfd,yamnet_review_gold,non_cough,D:\cough_model_train\DATA\non_cough\non_cough_1.0_4305\non_cough_004053\data.wav,9.5,10.5,train
session_yamnet_review_b4e83efc4809,P_YAMNET_db6144a4d9,yamnet_review_gold,non_cough,D:\cough_model_train\DATA\non_cough\FSD50K_Negative_clean\100884.wav,2.0,3.0,train
session_yamnet_review_a8244c8d7020,P_YAMNET_a14175694f,yamnet_review_gold,non_cough,D:\cough_model_train\DATA\non_cough\non_cough_1.0_4305\non_cough_000125\data.wav,2.0,3.0,train
session_yamnet_review_02064bc38d8b,P_YAMNET_67325a9868,yamnet_review_gold,non_cough,D:\cough_model_train\DATA\non_cough\FSD50K_Negative_clean\76600.wav,1.0,2.0,train
session_yamnet_review_0cb51b371deb,P_YAMNET_a7f6e49b65,yamnet_review_gold,non_cough,D:\cough_model_train\DATA\non_cough\non_cough_READY\non_cough\non_cough_042660\data.wav,1.0,2.0,train
session_yamnet_review_6a57ca5499c6,P_YAMNET_234c8ce00b,yamnet_review_gold,non_cough,D:\cough_model_train\DATA\non_cough\FSD50K_Negative_clean\212691.wav,0.0,0.856812,train
session_yamnet_review_4c73b633d40b,P_YAMNET_cb51b1e092,yamnet_review_gold,non_cough,D:\cough_model_train\DATA\non_cough\non_cough_READY\non_cough\non_cough_013391\data.wav,0.0,0.856812,train
session_yamnet_review_d33819deb450,P_YAMNET_c1ff9cc137,yamnet_review_gold,non_cough,D:\cough_model_train\DATA\non_cough\FSD50K_Negative_clean\265180.wav,22.0,23.0,train
session_yamnet_review_ebec4115e20f,P_YAMNET_2d106c0f53,yamnet_review_gold,non_cough,D:\cough_model_train\DATA\non_cough\non_cough_READY\non_cough\non_cough_019869\data.wav,22.0,23.0,train
session_yamnet_review_35394f81e1d7,P_YAMNET_a2c3d290d6,yamnet_review_gold,non_cough,D:\cough_model_train\DATA\non_cough\FSD50K_Negative_clean\337623.wav,9.5,10.5,train
session_yamnet_review_175098ca603b,P_YAMNET_651abc2a21,yamnet_review_gold,non_cough,D:\cough_model_train\DATA\non_cough\non_cough_READY\non_cough\non_cough_024523\data.wav,9.5,10.5,train
session_yamnet_review_fd9373b00adf,P_YAMNET_345057556b,yamnet_review_gold,non_cough,D:\cough_model_train\DATA\non_cough\FSD50K_Negative_clean\326109.wav,6.5,7.5,train
session_yamnet_review_2acc2f7f9bf8,P_YAMNET_c7180f1102,yamnet_review_gold,non_cough,D:\cough_model_train\DATA\non_cough\non_cough_READY\non_cough\non_cough_022992\data.wav,6.5,7.5,train
session_yamnet_review_0741c97a212b,P_YAMNET_1b2ff0b5f1,yamnet_review_gold,non_cough,D:\cough_model_train\DATA\non_cough\FSD50K_Negative_clean\160996.wav,18.5,19.5,train
session_yamnet_review_af94becbb1ae,P_YAMNET_2bc0ff0372,yamnet_review_gold,non_cough,D:\cough_model_train\DATA\non_cough\non_cough_READY\non_cough\non_cough_007339\data.wav,18.5,19.5,train
session_yamnet_review_3789f266c011,P_YAMNET_345057556b,yamnet_review_gold,non_cough,D:\cough_model_train\DATA\non_cough\FSD50K_Negative_clean\326109.wav,9.5,10.5,train
session_yamnet_review_5332306ef1df,P_YAMNET_c7180f1102,yamnet_review_gold,non_cough,D:\cough_model_train\DATA\non_cough\non_cough_READY\non_cough\non_cough_022992\data.wav,9.5,10.5,train
session_yamnet_review_aa6c3ddab55b,P_YAMNET_2d1b0cf494,yamnet_review_gold,non_cough,D:\cough_model_train\DATA\non_cough\FSD50K_Negative_clean\333360.wav,2.0,3.0,train
session_yamnet_review_3be20347f9ad,P_YAMNET_740e149476,yamnet_review_gold,non_cough,D:\cough_model_train\DATA\non_cough\non_cough_READY\non_cough\non_cough_023851\data.wav,2.0,3.0,train
session_yamnet_review_b895eb9a6de0,P_YAMNET_5a67688ba9,yamnet_review_gold,non_cough,D:\cough_model_train\DATA\non_cough\FSD50K_Negative_clean\238582.wav,1.0,2.0,train
session_yamnet_review_55916c12f167,P_YAMNET_a46e066983,yamnet_review_gold,non_cough,D:\cough_model_train\DATA\non_cough\non_cough_READY\non_cough\non_cough_016074\data.wav,1.0,2.0,train
session_yamnet_review_ca8b3fa338fa,P_YAMNET_85433e5772,yamnet_review_gold,non_cough,D:\cough_model_train\DATA\non_cough\FSD50K_Negative_clean\116949.wav,0.5,1.5,train
session_yamnet_review_54a4a49f257f,P_YAMNET_7aec95f08b,yamnet_review_gold,non_cough,D:\cough_model_train\DATA\non_cough\non_cough_1.0_4305\non_cough_001764\data.wav,0.5,1.5,train
session_yamnet_review_057eb371f36f,P_YAMNET_78ed06add8,yamnet_review_gold,non_cough,D:\cough_model_train\DATA\non_cough\FSD50K_Negative_clean\360900.wav,1.5,2.5,train
session_yamnet_review_26ac9a3b2504,P_YAMNET_230aabca2b,yamnet_review_gold,non_cough,D:\cough_model_train\DATA\non_cough\non_cough_READY\non_cough\non_cough_028984\data.wav,1.5,2.5,train
session_yamnet_review_5e1320132eac,P_YAMNET_69e539e30c,yamnet_review_gold,non_cough,D:\cough_model_train\DATA\non_cough\FSD50K_Negative_clean\223526.wav,3.0,4.0,train
session_yamnet_review_ff3160dabb87,P_YAMNET_54bde361c8,yamnet_review_gold,non_cough,D:\cough_model_train\DATA\non_cough\non_cough_READY\non_cough\non_cough_014622\data.wav,3.0,4.0,train
session_yamnet_review_bed73dd71d7c,P_YAMNET_344249b632,yamnet_review_gold,non_cough,D:\cough_model_train\DATA\non_cough\FSD50K_Negative_clean\192133.wav,16.0,17.0,train
session_yamnet_review_0bfa73b15e25,P_YAMNET_da32493572,yamnet_review_gold,non_cough,D:\cough_model_train\DATA\non_cough\non_cough_READY\non_cough\non_cough_011092\data.wav,16.0,17.0,train
session_yamnet_review_0a35e7924da7,P_YAMNET_8e95bbb13e,yamnet_review_gold,non_cough,D:\cough_model_train\DATA\non_cough\FSD50K_Negative_clean\254000.wav,6.0,7.0,train
session_yamnet_review_56e0943f11c2,P_YAMNET_14bd67f86f,yamnet_review_gold,non_cough,D:\cough_model_train\DATA\non_cough\non_cough_READY\non_cough\non_cough_018742\data.wav,6.0,7.0,train
session_yamnet_review_3f26aa90f3d4,P_YAMNET_0cce3e8ab2,yamnet_review_gold,non_cough,D:\cough_model_train\DATA\non_cough\FSD50K_Negative_clean\187762.wav,0.0,1.0,train
session_yamnet_review_7559554b150f,P_YAMNET_35a82ff6f3,yamnet_review_gold,non_cough,D:\cough_model_train\DATA\non_cough\non_cough_READY\non_cough\non_cough_010616\data.wav,0.0,1.0,train
session_yamnet_review_c7247d30a9e5,P_YAMNET_46a05ba971,yamnet_review_gold,non_cough,D:\cough_model_train\DATA\non_cough\FSD50K_Negative_clean\399131.wav,1.5,2.5,train
session_yamnet_review_65e84bb41eef,P_YAMNET_a134d584de,yamnet_review_gold,non_cough,D:\cough_model_train\DATA\non_cough\non_cough_READY\non_cough\non_cough_034542\data.wav,1.5,2.5,train
session_yamnet_review_fc45433e34da,P_YAMNET_a9818a1821,yamnet_review_gold,non_cough,D:\cough_model_train\DATA\non_cough\FSD50K_Negative_clean\46746.wav,19.0,20.0,train
session_yamnet_review_9fdcf632ddee,P_YAMNET_77ef938b41,yamnet_review_gold,non_cough,D:\cough_model_train\DATA\non_cough\non_cough_READY\non_cough\non_cough_038642\data.wav,19.0,20.0,train
session_yamnet_review_627f0b57f0af,P_YAMNET_8e95bbb13e,yamnet_review_gold,non_cough,D:\cough_model_train\DATA\non_cough\FSD50K_Negative_clean\254000.wav,3.0,4.0,train
session_yamnet_review_5544df69f1f8,P_YAMNET_14bd67f86f,yamnet_review_gold,non_cough,D:\cough_model_train\DATA\non_cough\non_cough_READY\non_cough\non_cough_018742\data.wav,3.0,4.0,train
session_yamnet_review_492c9da792ab,P_YAMNET_50fa0a1d42,yamnet_review_gold,non_cough,D:\cough_model_train\DATA\non_cough\FSD50K_Negative_clean\108853.wav,1.5,2.5,train
session_yamnet_review_b4a549fa4257,P_YAMNET_b9320188d0,yamnet_review_gold,non_cough,D:\cough_model_train\DATA\non_cough\non_cough_1.0_4305\non_cough_000969\data.wav,1.5,2.5,train
session_yamnet_review_dc319fa70db8,P_YAMNET_77fa028036,yamnet_review_gold,non_cough,D:\cough_model_train\DATA\non_cough\FSD50K_Negative_clean\4227.wav,3.5,4.5,train
session_yamnet_review_d6a89f1bd05a,P_YAMNET_f41c34ea07,yamnet_review_gold,non_cough,D:\cough_model_train\DATA\non_cough\non_cough_READY\non_cough\non_cough_037148\data.wav,3.5,4.5,train
session_yamnet_review_46780e95aa3e,P_YAMNET_e8df05a98b,yamnet_review_gold,non_cough,D:\cough_model_train\DATA\non_cough\FSD50K_Negative_clean\216534.wav,13.5,14.5,train
session_yamnet_review_27bf82dd4403,P_YAMNET_8195424cde,yamnet_review_gold,non_cough,D:\cough_model_train\DATA\non_cough\non_cough_READY\non_cough\non_cough_013808\data.wav,13.5,14.5,train
session_yamnet_review_ecd2bba98594,P_YAMNET_119896530f,yamnet_review_gold,non_cough,D:\cough_model_train\DATA\non_cough\FSD50K_Negative_clean\170211.wav,9.5,10.5,train
session_yamnet_review_2b61e37416dc,P_YAMNET_2c10526079,yamnet_review_gold,non_cough,D:\cough_model_train\DATA\non_cough\non_cough_READY\non_cough\non_cough_008424\data.wav,9.5,10.5,train
session_yamnet_review_99cfc339558e,P_YAMNET_3f38aa24c7,yamnet_review_gold,non_cough,D:\cough_model_train\DATA\non_cough\FSD50K_Negative_clean\261854.wav,0.0,1.0,train
session_yamnet_review_1b4fa1d59fba,P_YAMNET_b95b0e8235,yamnet_review_gold,non_cough,D:\cough_model_train\DATA\non_cough\non_cough_READY\non_cough\non_cough_019569\data.wav,0.0,1.0,train
session_yamnet_review_0f3da8484d3f,P_YAMNET_4e74306669,yamnet_review_gold,non_cough,D:\cough_model_train\DATA\non_cough\FSD50K_Negative_clean\67332.wav,2.0,3.0,train
session_yamnet_review_95a29319e62d,P_YAMNET_8935e168ea,yamnet_review_gold,non_cough,D:\cough_model_train\DATA\non_cough\non_cough_READY\non_cough\non_cough_041496\data.wav,2.0,3.0,train
session_yamnet_review_e4ff37f6d59b,P_YAMNET_c11ca0f77d,yamnet_review_gold,non_cough,D:\cough_model_train\DATA\non_cough\FSD50K_Negative_clean\239464.wav,3.0,4.0,train
session_yamnet_review_d0d7d67b2d54,P_YAMNET_b03b81f278,yamnet_review_gold,non_cough,D:\cough_model_train\DATA\non_cough\non_cough_READY\non_cough\non_cough_016244\data.wav,3.0,4.0,train
session_yamnet_review_bd07df6da7e3,P_YAMNET_27b299b609,yamnet_review_gold,non_cough,D:\cough_model_train\DATA\non_cough\FSD50K_Negative_clean\108856.wav,10.0,11.0,train
session_yamnet_review_d93633de58a8,P_YAMNET_dfa842cd53,yamnet_review_gold,non_cough,D:\cough_model_train\DATA\non_cough\non_cough_1.0_4305\non_cough_000971\data.wav,10.0,11.0,train
session_yamnet_review_cd6ca2f7f995,P_YAMNET_30000375ea,yamnet_review_gold,non_cough,D:\cough_model_train\DATA\non_cough\FSD50K_Negative_clean\408070.wav,1.5,2.5,train
session_yamnet_review_dc88e136f163,P_YAMNET_2b33200d8f,yamnet_review_gold,non_cough,D:\cough_model_train\DATA\non_cough\non_cough_READY\non_cough\non_cough_035625\data.wav,1.5,2.5,train
session_yamnet_review_97d02dbd1764,P_YAMNET_f6081f47ff,yamnet_review_gold,non_cough,D:\cough_model_train\DATA\non_cough\FSD50K_Negative_clean\69543.wav,2.0,3.0,train
session_yamnet_review_d56a839a665e,P_YAMNET_3b89237b77,yamnet_review_gold,non_cough,D:\cough_model_train\DATA\non_cough\non_cough_READY\non_cough\non_cough_041788\data.wav,2.0,3.0,train
session_yamnet_review_2145cc05a62b,P_YAMNET_bf4c68c311,yamnet_review_gold,non_cough,D:\cough_model_train\DATA\non_cough\FSD50K_Negative_clean\64556.wav,0.5,1.5,train
session_yamnet_review_6fabb4dc5235,P_YAMNET_339d5701b2,yamnet_review_gold,non_cough,D:\cough_model_train\DATA\non_cough\non_cough_READY\non_cough\non_cough_041081\data.wav,0.5,1.5,train
session_yamnet_review_ce9a4fa5de9a,P_YAMNET_27b299b609,yamnet_review_gold,non_cough,D:\cough_model_train\DATA\non_cough\FSD50K_Negative_clean\108856.wav,3.0,4.0,train
session_yamnet_review_f17beace90d9,P_YAMNET_dfa842cd53,yamnet_review_gold,non_cough,D:\cough_model_train\DATA\non_cough\non_cough_1.0_4305\non_cough_000971\data.wav,3.0,4.0,train
session_yamnet_review_3717f44a8475,P_YAMNET_c0da3db59f,yamnet_review_gold,non_cough,D:\cough_model_train\DATA\non_cough\FSD50K_Negative_clean\199824.wav,9.0,10.0,train
session_yamnet_review_ff454f70a4d4,P_YAMNET_7441904358,yamnet_review_gold,non_cough,D:\cough_model_train\DATA\non_cough\non_cough_READY\non_cough\non_cough_011974\data.wav,9.0,10.0,train
session_yamnet_review_75348aa1c411,P_YAMNET_6806ad6911,yamnet_review_gold,non_cough,D:\cough_model_train\DATA\non_cough\FSD50K_Negative_clean\242906.wav,0.0,1.0,train
session_yamnet_review_6d5a751f7a61,P_YAMNET_8942aafb07,yamnet_review_gold,non_cough,D:\cough_model_train\DATA\non_cough\non_cough_READY\non_cough\non_cough_016711\data.wav,0.0,1.0,train
session_yamnet_review_051282bd9d62,P_YAMNET_a192aebbcd,yamnet_review_gold,non_cough,D:\cough_model_train\DATA\non_cough\FSD50K_Negative_clean\252546.wav,2.0,3.0,train
session_yamnet_review_cbf93fe9bbe5,P_YAMNET_3b39a7b2fa,yamnet_review_gold,non_cough,D:\cough_model_train\DATA\non_cough\non_cough_READY\non_cough\non_cough_018575\data.wav,2.0,3.0,train
session_yamnet_review_a3e3baf756b6,P_YAMNET_6d4e72abfc,yamnet_review_gold,non_cough,D:\cough_model_train\DATA\non_cough\FSD50K_Negative_clean\35881.wav,1.0,2.0,train
session_yamnet_review_5fa5ee3b1027,P_YAMNET_50f5518754,yamnet_review_gold,non_cough,D:\cough_model_train\DATA\non_cough\non_cough_READY\non_cough\non_cough_028516\data.wav,1.0,2.0,train
session_yamnet_review_2c8ffde5ab3d,P_YAMNET_5af718be2b,yamnet_review_gold,non_cough,D:\cough_model_train\DATA\non_cough\FSD50K_Negative_clean\362665.wav,8.5,9.5,train
session_yamnet_review_9012ff2b6c84,P_YAMNET_83df9f2624,yamnet_review_gold,non_cough,D:\cough_model_train\DATA\non_cough\non_cough_READY\non_cough\non_cough_029215\data.wav,8.5,9.5,train
session_yamnet_review_7e52df589b4a,P_YAMNET_4ee0b08e75,yamnet_review_gold,non_cough,D:\cough_model_train\DATA\non_cough\FSD50K_Negative_clean\101202.wav,11.5,12.5,train
session_yamnet_review_e78ed6af685a,P_YAMNET_c31969bc7b,yamnet_review_gold,non_cough,D:\cough_model_train\DATA\non_cough\non_cough_1.0_4305\non_cough_000183\data.wav,11.5,12.5,train
session_yamnet_review_b40009281166,P_YAMNET_1a00dc2074,yamnet_review_gold,non_cough,D:\cough_model_train\DATA\non_cough\FSD50K_Negative_clean\180049.wav,8.0,9.0,train
session_yamnet_review_e4d1614160ee,P_YAMNET_3b86ff8d6d,yamnet_review_gold,non_cough,D:\cough_model_train\DATA\non_cough\non_cough_READY\non_cough\non_cough_009554\data.wav,8.0,9.0,train
session_yamnet_review_78ed40fda86b,P_YAMNET_53b4a2fd0a,yamnet_review_gold,non_cough,D:\cough_model_train\DATA\non_cough\FSD50K_Negative_clean\406089.wav,1.5,2.5,train
session_yamnet_review_ce054498315d,P_YAMNET_b8587be616,yamnet_review_gold,non_cough,D:\cough_model_train\DATA\non_cough\non_cough_READY\non_cough\non_cough_035370\data.wav,1.5,2.5,train
session_yamnet_review_f91f37896395,P_YAMNET_4b3aa45836,yamnet_review_gold,non_cough,D:\cough_model_train\DATA\non_cough\FSD50K_Negative_clean\328406.wav,11.0,12.0,train
session_yamnet_review_f9a8e301da9c,P_YAMNET_6c5208db38,yamnet_review_gold,non_cough,D:\cough_model_train\DATA\non_cough\non_cough_READY\non_cough\non_cough_023348\data.wav,11.0,12.0,train
session_yamnet_review_06da96953b5b,P_YAMNET_05cf781d70,yamnet_review_gold,non_cough,D:\cough_model_train\DATA\non_cough\FSD50K_Negative_clean\80285.wav,3.0,4.0,train
session_yamnet_review_de776ed2d377,P_YAMNET_8527ac4819,yamnet_review_gold,non_cough,D:\cough_model_train\DATA\non_cough\non_cough_READY\non_cough\non_cough_043173\data.wav,3.0,4.0,train
session_yamnet_review_cb225b25f20b,P_YAMNET_1002d6cfbb,yamnet_review_gold,non_cough,D:\cough_model_train\DATA\non_cough\FSD50K_Negative_clean\238580.wav,10.0,11.0,train
session_yamnet_review_a67be916a470,P_YAMNET_ce562771f3,yamnet_review_gold,non_cough,D:\cough_model_train\DATA\non_cough\non_cough_READY\non_cough\non_cough_016072\data.wav,10.0,11.0,train
session_yamnet_review_2ea424aa45ff,P_YAMNET_b0c7eefdf6,yamnet_review_gold,non_cough,D:\cough_model_train\DATA\non_cough\FSD50K_Negative_clean\215674.wav,0.5,1.5,train
session_yamnet_review_c2241e509f3a,P_YAMNET_ecede26595,yamnet_review_gold,non_cough,D:\cough_model_train\DATA\non_cough\non_cough_READY\non_cough\non_cough_013662\data.wav,0.5,1.5,train
session_yamnet_review_701b6b8e764e,P_YAMNET_9151bab507,yamnet_review_gold,non_cough,D:\cough_model_train\DATA\non_cough\FSD50K_Negative_clean\234039.wav,0.0,1.0,train
session_yamnet_review_ec55730ee372,P_YAMNET_4b85b7af51,yamnet_review_gold,non_cough,D:\cough_model_train\DATA\non_cough\non_cough_READY\non_cough\non_cough_015186\data.wav,0.0,1.0,train
session_yamnet_review_c039f97fc9bd,P_YAMNET_7122419d5f,yamnet_review_gold,non_cough,D:\cough_model_train\DATA\non_cough\FSD50K_Negative_clean\389395.wav,9.0,10.0,train
session_yamnet_review_8071af96a4e6,P_YAMNET_a865fd6255,yamnet_review_gold,non_cough,D:\cough_model_train\DATA\non_cough\non_cough_READY\non_cough\non_cough_033475\data.wav,9.0,10.0,train
session_yamnet_review_3458dc2df787,P_YAMNET_60561c77b3,yamnet_review_gold,non_cough,D:\cough_model_train\DATA\non_cough\FSD50K_Negative_clean\418784.wav,4.0,5.0,train
session_yamnet_review_20d3ed0f1b0c,P_YAMNET_375dfcfb2c,yamnet_review_gold,non_cough,D:\cough_model_train\DATA\non_cough\non_cough_READY\non_cough\non_cough_036736\data.wav,4.0,5.0,train
session_yamnet_review_140511112081,P_YAMNET_53b4a2fd0a,yamnet_review_gold,non_cough,D:\cough_model_train\DATA\non_cough\FSD50K_Negative_clean\406089.wav,2.5,3.5,train
session_yamnet_review_846afe600ea2,P_YAMNET_b8587be616,yamnet_review_gold,non_cough,D:\cough_model_train\DATA\non_cough\non_cough_READY\non_cough\non_cough_035370\data.wav,2.5,3.5,train
session_yamnet_review_9af4d2ec8a4f,P_YAMNET_5af718be2b,yamnet_review_gold,non_cough,D:\cough_model_train\DATA\non_cough\FSD50K_Negative_clean\362665.wav,6.5,7.5,train
session_yamnet_review_951f5af365d7,P_YAMNET_83df9f2624,yamnet_review_gold,non_cough,D:\cough_model_train\DATA\non_cough\non_cough_READY\non_cough\non_cough_029215\data.wav,6.5,7.5,train
session_yamnet_review_3722979ca4ef,P_YAMNET_5eb011d15a,yamnet_review_gold,non_cough,D:\cough_model_train\DATA\non_cough\FSD50K_Negative_clean\32251.wav,0.5,1.5,train
session_yamnet_review_db0d9ed3ce9f,P_YAMNET_23bf2129c8,yamnet_review_gold,non_cough,D:\cough_model_train\DATA\non_cough\non_cough_READY\non_cough\non_cough_022416\data.wav,0.5,1.5,train
session_yamnet_review_12c7d456a2e3,P_YAMNET_9c59634379,yamnet_review_gold,non_cough,D:\cough_model_train\DATA\non_cough\FSD50K_Negative_clean\332211.wav,5.5,6.5,train
session_yamnet_review_c4d2f760291b,P_YAMNET_b4aece75cb,yamnet_review_gold,non_cough,D:\cough_model_train\DATA\non_cough\non_cough_READY\non_cough\non_cough_023741\data.wav,5.5,6.5,train
session_yamnet_review_faed8b493e39,P_YAMNET_390da64d97,yamnet_review_gold,non_cough,D:\cough_model_train\DATA\non_cough\FSD50K_Negative_clean\213261.wav,1.5,2.5,train
session_yamnet_review_125e8a3b562c,P_YAMNET_a3e46ce813,yamnet_review_gold,non_cough,D:\cough_model_train\DATA\non_cough\non_cough_READY\non_cough\non_cough_013482\data.wav,1.5,2.5,train
session_yamnet_review_c08510eee962,P_YAMNET_c2b59940be,yamnet_review_gold,non_cough,D:\cough_model_train\DATA\non_cough\FSD50K_Negative_clean\334468.wav,17.5,18.5,train
session_yamnet_review_b2d1ee87a777,P_YAMNET_acf3b7f848,yamnet_review_gold,non_cough,D:\cough_model_train\DATA\non_cough\non_cough_READY\non_cough\non_cough_023996\data.wav,17.5,18.5,train
session_yamnet_review_7878e9e2907f,P_YAMNET_d11d41e59e,yamnet_review_gold,non_cough,D:\cough_model_train\DATA\non_cough\FSD50K_Negative_clean\239068.wav,3.5,4.5,train
session_yamnet_review_88e96cb94e4e,P_YAMNET_e996905826,yamnet_review_gold,non_cough,D:\cough_model_train\DATA\non_cough\non_cough_READY\non_cough\non_cough_016157\data.wav,3.5,4.5,train
session_yamnet_review_d89dded9b2ae,P_YAMNET_9d30ed7ca2,yamnet_review_gold,non_cough,D:\cough_model_train\DATA\non_cough\FSD50K_Negative_clean\250059.wav,13.0,14.0,train
session_yamnet_review_00dda6d384da,P_YAMNET_13b1453952,yamnet_review_gold,non_cough,D:\cough_model_train\DATA\non_cough\non_cough_READY\non_cough\non_cough_018207\data.wav,13.0,14.0,train
session_yamnet_review_8b90966d8282,P_YAMNET_fef9b00c22,yamnet_review_gold,non_cough,D:\cough_model_train\DATA\non_cough\FSD50K_Negative_clean\195220.wav,3.0,4.0,train
session_yamnet_review_cb5d83726ccf,P_YAMNET_3221e877ba,yamnet_review_gold,non_cough,D:\cough_model_train\DATA\non_cough\non_cough_READY\non_cough\non_cough_011448\data.wav,3.0,4.0,train
session_yamnet_review_dc8ed73da160,P_YAMNET_ff25e98496,yamnet_review_gold,non_cough,D:\cough_model_train\DATA\non_cough\FSD50K_Negative_clean\195089.wav,1.5,2.5,train
session_yamnet_review_dff1b57d7cbd,P_YAMNET_234ea2a542,yamnet_review_gold,non_cough,D:\cough_model_train\DATA\non_cough\non_cough_READY\non_cough\non_cough_011432\data.wav,1.5,2.5,train
session_yamnet_review_af215650a4bd,P_YAMNET_4a1d594b7a,yamnet_review_gold,non_cough,D:\cough_model_train\DATA\non_cough\FSD50K_Negative_clean\177252.wav,6.0,7.0,train
session_yamnet_review_f00a4f36d898,P_YAMNET_e15a65b781,yamnet_review_gold,non_cough,D:\cough_model_train\DATA\non_cough\non_cough_READY\non_cough\non_cough_009265\data.wav,6.0,7.0,train
session_yamnet_review_78e3f57d8b8b,P_YAMNET_ba5ef2bb0d,yamnet_review_gold,non_cough,D:\cough_model_train\DATA\non_cough\FSD50K_Negative_clean\339243.wav,0.5,1.5,train
session_yamnet_review_7ad64d8bd909,P_YAMNET_cff1d73e1b,yamnet_review_gold,non_cough,D:\cough_model_train\DATA\non_cough\non_cough_READY\non_cough\non_cough_024683\data.wav,0.5,1.5,train
session_yamnet_review_ae3d1eb96b6b,P_YAMNET_8e848b27bb,yamnet_review_gold,non_cough,D:\cough_model_train\DATA\non_cough\FSD50K_Negative_clean\432187.wav,10.0,11.0,train
session_yamnet_review_1a384f0f57db,P_YAMNET_4d81177a53,yamnet_review_gold,non_cough,D:\cough_model_train\DATA\non_cough\non_cough_READY\non_cough\non_cough_038012\data.wav,10.0,11.0,train
session_yamnet_review_e7734683f2ef,P_YAMNET_1a00dc2074,yamnet_review_gold,non_cough,D:\cough_model_train\DATA\non_cough\FSD50K_Negative_clean\180049.wav,17.5,18.5,train
session_yamnet_review_c582069c45cd,P_YAMNET_3b86ff8d6d,yamnet_review_gold,non_cough,D:\cough_model_train\DATA\non_cough\non_cough_READY\non_cough\non_cough_009554\data.wav,17.5,18.5,train
session_yamnet_review_127e0147098f,P_YAMNET_227b0780af,yamnet_review_gold,non_cough,D:\cough_model_train\DATA\non_cough\FSD50K_Negative_clean\380634.wav,3.5,4.5,train
session_yamnet_review_222f322b4a43,P_YAMNET_4183dd257b,yamnet_review_gold,non_cough,D:\cough_model_train\DATA\non_cough\non_cough_READY\non_cough\non_cough_032168\data.wav,3.5,4.5,train
session_yamnet_review_91026942b3c8,P_YAMNET_9151bab507,yamnet_review_gold,non_cough,D:\cough_model_train\DATA\non_cough\FSD50K_Negative_clean\234039.wav,1.0,2.0,train
session_yamnet_review_9cd18af0d0a0,P_YAMNET_4b85b7af51,yamnet_review_gold,non_cough,D:\cough_model_train\DATA\non_cough\non_cough_READY\non_cough\non_cough_015186\data.wav,1.0,2.0,train
session_yamnet_review_791d7daed329,P_YAMNET_ab8b2b95de,yamnet_review_gold,non_cough,D:\cough_model_train\DATA\non_cough\FSD50K_Negative_clean\100895.wav,2.5,3.5,train
session_yamnet_review_8e9ef0e0ad77,P_YAMNET_f465485081,yamnet_review_gold,non_cough,D:\cough_model_train\DATA\non_cough\non_cough_1.0_4305\non_cough_000130\data.wav,2.5,3.5,train
session_yamnet_review_37cea89d95b9,P_YAMNET_51f826e4be,yamnet_review_gold,non_cough,D:\cough_model_train\DATA\non_cough\FSD50K_Negative_clean\395593.wav,25.0,26.0,train
session_yamnet_review_059562a9afc6,P_YAMNET_25064ae779,yamnet_review_gold,non_cough,D:\cough_model_train\DATA\non_cough\non_cough_READY\non_cough\non_cough_034207\data.wav,25.0,26.0,train
session_yamnet_review_aa94c422dda4,P_YAMNET_483af3ae70,yamnet_review_gold,non_cough,D:\cough_model_train\DATA\non_cough\FSD50K_Negative_clean\423444.wav,11.0,12.0,train
session_yamnet_review_8d6c840f8d3f,P_YAMNET_4f0289de32,yamnet_review_gold,non_cough,D:\cough_model_train\DATA\non_cough\non_cough_READY\non_cough\non_cough_037233\data.wav,11.0,12.0,train
session_yamnet_review_a0bad0d5506f,P_YAMNET_a44c53502d,yamnet_review_gold,non_cough,D:\cough_model_train\DATA\non_cough\FSD50K_Negative_clean\219665.wav,0.5,1.5,train
session_yamnet_review_810443625bfc,P_YAMNET_262823fb5e,yamnet_review_gold,non_cough,D:\cough_model_train\DATA\non_cough\non_cough_READY\non_cough\non_cough_014207\data.wav,0.5,1.5,train
session_yamnet_review_3df596984fe5,P_YAMNET_9d8d09a30e,yamnet_review_gold,non_cough,D:\cough_model_train\DATA\non_cough\FSD50K_Negative_clean\343169.wav,0.0,1.0,train
session_yamnet_review_26d02dc58b9b,P_YAMNET_b975edb652,yamnet_review_gold,non_cough,D:\cough_model_train\DATA\non_cough\non_cough_READY\non_cough\non_cough_025242\data.wav,0.0,1.0,train
session_yamnet_review_7800feff4a4e,P_YAMNET_e8df05a98b,yamnet_review_gold,non_cough,D:\cough_model_train\DATA\non_cough\FSD50K_Negative_clean\216534.wav,0.0,1.0,train
session_yamnet_review_a2b62aebd338,P_YAMNET_8195424cde,yamnet_review_gold,non_cough,D:\cough_model_train\DATA\non_cough\non_cough_READY\non_cough\non_cough_013808\data.wav,0.0,1.0,train
session_yamnet_review_592c476f5092,P_YAMNET_1da5ffa19e,yamnet_review_gold,non_cough,D:\cough_model_train\DATA\non_cough\FSD50K_Negative_clean\96825.wav,6.0,7.0,train
session_yamnet_review_aba1dfc01fec,P_YAMNET_5ca2e731af,yamnet_review_gold,non_cough,D:\cough_model_train\DATA\non_cough\non_cough_READY\non_cough\non_cough_045309\data.wav,6.0,7.0,train
session_yamnet_review_882b9b45a70b,P_YAMNET_60561c77b3,yamnet_review_gold,non_cough,D:\cough_model_train\DATA\non_cough\FSD50K_Negative_clean\418784.wav,5.5,6.5,train
session_yamnet_review_3f0984b3c80d,P_YAMNET_375dfcfb2c,yamnet_review_gold,non_cough,D:\cough_model_train\DATA\non_cough\non_cough_READY\non_cough\non_cough_036736\data.wav,5.5,6.5,train
session_yamnet_review_859683da5288,P_YAMNET_227b0780af,yamnet_review_gold,non_cough,D:\cough_model_train\DATA\non_cough\FSD50K_Negative_clean\380634.wav,0.0,1.0,train
session_yamnet_review_a88f71c0ec95,P_YAMNET_4183dd257b,yamnet_review_gold,non_cough,D:\cough_model_train\DATA\non_cough\non_cough_READY\non_cough\non_cough_032168\data.wav,0.0,1.0,train
session_yamnet_review_71f76e0aabc4,P_YAMNET_05cf781d70,yamnet_review_gold,non_cough,D:\cough_model_train\DATA\non_cough\FSD50K_Negative_clean\80285.wav,2.0,3.0,train
session_yamnet_review_78a786ae5a26,P_YAMNET_8527ac4819,yamnet_review_gold,non_cough,D:\cough_model_train\DATA\non_cough\non_cough_READY\non_cough\non_cough_043173\data.wav,2.0,3.0,train
session_yamnet_review_fa0259f5b809,P_YAMNET_27f10c99fa,yamnet_review_gold,non_cough,D:\cough_model_train\DATA\non_cough\FSD50K_Negative_clean\378695.wav,7.5,8.5,train
session_yamnet_review_53c485f5d477,P_YAMNET_2a85992477,yamnet_review_gold,non_cough,D:\cough_model_train\DATA\non_cough\non_cough_READY\non_cough\non_cough_031944\data.wav,7.5,8.5,train
session_yamnet_review_956cc1bf2487,P_YAMNET_6d0378eef6,yamnet_review_gold,non_cough,D:\cough_model_train\DATA\non_cough\FSD50K_Negative_clean\79018.wav,17.0,18.0,train
session_yamnet_review_e28fe886c30c,P_YAMNET_bd7645e0f5,yamnet_review_gold,non_cough,D:\cough_model_train\DATA\non_cough\non_cough_READY\non_cough\non_cough_043006\data.wav,17.0,18.0,train
session_yamnet_review_d55c52031ba5,P_YAMNET_902a6c6218,yamnet_review_gold,non_cough,D:\cough_model_train\DATA\non_cough\FSD50K_Negative_clean\107538.wav,0.5,1.5,train
session_yamnet_review_a5bf902df9ad,P_YAMNET_e689d07f45,yamnet_review_gold,non_cough,D:\cough_model_train\DATA\non_cough\non_cough_1.0_4305\non_cough_000820\data.wav,0.5,1.5,train
session_yamnet_review_8bbf18def9bb,P_YAMNET_5ee13276c9,yamnet_review_gold,non_cough,D:\cough_model_train\DATA\non_cough\FSD50K_Negative_clean\391300.wav,9.0,10.0,train
session_yamnet_review_a6eb61380303,P_YAMNET_82b58fbbb5,yamnet_review_gold,non_cough,D:\cough_model_train\DATA\non_cough\non_cough_READY\non_cough\non_cough_033720\data.wav,9.0,10.0,train
session_yamnet_review_22756475e6dd,P_YAMNET_085f2068f6,yamnet_review_gold,non_cough,D:\cough_model_train\DATA\non_cough\FSD50K_Negative_clean\26142.wav,1.5,2.5,train
session_yamnet_review_dd7eb9875316,P_YAMNET_a8f619dcd2,yamnet_review_gold,non_cough,D:\cough_model_train\DATA\non_cough\non_cough_READY\non_cough\non_cough_019531\data.wav,1.5,2.5,train
session_yamnet_review_f598f76e3850,P_YAMNET_eceaf25cdb,yamnet_review_gold,non_cough,D:\cough_model_train\DATA\non_cough\FSD50K_Negative_clean\418782.wav,9.0,10.0,train
session_yamnet_review_9106ea859cb8,P_YAMNET_fd2f6239b3,yamnet_review_gold,non_cough,D:\cough_model_train\DATA\non_cough\non_cough_READY\non_cough\non_cough_036734\data.wav,9.0,10.0,train
session_yamnet_review_bf44671fce6b,P_YAMNET_8129349a37,yamnet_review_gold,non_cough,D:\cough_model_train\DATA\non_cough\FSD50K_Negative_clean\67334.wav,2.0,3.0,train
session_yamnet_review_b02eb8beb207,P_YAMNET_502459dbd2,yamnet_review_gold,non_cough,D:\cough_model_train\DATA\non_cough\non_cough_READY\non_cough\non_cough_041498\data.wav,2.0,3.0,train
session_yamnet_review_57ac2f7d745e,P_YAMNET_67ac6db280,yamnet_review_gold,non_cough,D:\cough_model_train\DATA\non_cough\FSD50K_Negative_clean\136492.wav,2.0,3.0,train
session_yamnet_review_79bda6e3cdd6,P_YAMNET_c59c492cfd,yamnet_review_gold,non_cough,D:\cough_model_train\DATA\non_cough\non_cough_1.0_4305\non_cough_004053\data.wav,2.0,3.0,train
session_yamnet_review_10159327b97c,P_YAMNET_ef53559bfc,yamnet_review_gold,non_cough,D:\cough_model_train\DATA\non_cough\FSD50K_Negative_clean\119346.wav,3.0,4.0,train
session_yamnet_review_b2053694631e,P_YAMNET_5b9fe78c1a,yamnet_review_gold,non_cough,D:\cough_model_train\DATA\non_cough\non_cough_1.0_4305\non_cough_002286\data.wav,3.0,4.0,train
session_yamnet_review_5352530bd066,P_YAMNET_df6280deca,yamnet_review_gold,non_cough,D:\cough_model_train\DATA\non_cough\FSD50K_Negative_clean\399133.wav,1.5,2.5,train
session_yamnet_review_a485df52cab9,P_YAMNET_e353f4d060,yamnet_review_gold,non_cough,D:\cough_model_train\DATA\non_cough\non_cough_READY\non_cough\non_cough_034544\data.wav,1.5,2.5,train
session_yamnet_review_11ca93d2522e,P_YAMNET_4cbd849545,yamnet_review_gold,non_cough,D:\cough_model_train\DATA\non_cough\FSD50K_Negative_clean\425150.wav,11.0,12.0,train
session_yamnet_review_dbe6a2d0d98d,P_YAMNET_fc3deb391a,yamnet_review_gold,non_cough,D:\cough_model_train\DATA\non_cough\non_cough_READY\non_cough\non_cough_037384\data.wav,11.0,12.0,train
session_yamnet_review_d30d947eb7eb,P_YAMNET_7bc883452d,yamnet_review_gold,non_cough,D:\cough_model_train\DATA\non_cough\FSD50K_Negative_clean\239070.wav,1.0,2.0,train
session_yamnet_review_d80afa6518f1,P_YAMNET_986466346f,yamnet_review_gold,non_cough,D:\cough_model_train\DATA\non_cough\non_cough_READY\non_cough\non_cough_016160\data.wav,1.0,2.0,train
session_yamnet_review_014d0afeab0d,P_YAMNET_50fa0a1d42,yamnet_review_gold,non_cough,D:\cough_model_train\DATA\non_cough\FSD50K_Negative_clean\108853.wav,2.5,3.5,train
session_yamnet_review_826b92fe56e8,P_YAMNET_b9320188d0,yamnet_review_gold,non_cough,D:\cough_model_train\DATA\non_cough\non_cough_1.0_4305\non_cough_000969\data.wav,2.5,3.5,train
session_yamnet_review_5411701e0d6d,P_YAMNET_6c0485f2e7,yamnet_review_gold,non_cough,D:\cough_model_train\DATA\non_cough\FSD50K_Negative_clean\108854.wav,4.0,5.0,train
session_yamnet_review_3b2011a4813d,P_YAMNET_5d83a5e4c4,yamnet_review_gold,non_cough,D:\cough_model_train\DATA\non_cough\non_cough_1.0_4305\non_cough_000970\data.wav,4.0,5.0,train
session_yamnet_review_45998f9c14de,P_YAMNET_aa7c57ac7d,yamnet_review_gold,non_cough,D:\cough_model_train\DATA\non_cough\FSD50K_Negative_clean\182547.wav,8.0,9.0,train
session_yamnet_review_d0f72f3e1ecb,P_YAMNET_a1f647dc8b,yamnet_review_gold,non_cough,D:\cough_model_train\DATA\non_cough\non_cough_READY\non_cough\non_cough_009887\data.wav,8.0,9.0,train
session_yamnet_review_fec9b9fadcd8,P_YAMNET_e7a9584769,yamnet_review_gold,non_cough,D:\cough_model_train\DATA\non_cough\FSD50K_Negative_clean\412456.wav,3.5,4.5,train
session_yamnet_review_76d1cda2caba,P_YAMNET_10df13c70e,yamnet_review_gold,non_cough,D:\cough_model_train\DATA\non_cough\non_cough_READY\non_cough\non_cough_036034\data.wav,3.5,4.5,train
session_yamnet_review_6fee57189c82,P_YAMNET_748e4aa3fd,yamnet_review_gold,non_cough,D:\cough_model_train\DATA\non_cough\FSD50K_Negative_clean\33731.wav,0.5,1.5,train
session_yamnet_review_aaf00e8773f2,P_YAMNET_40ae8f57e0,yamnet_review_gold,non_cough,D:\cough_model_train\DATA\non_cough\non_cough_READY\non_cough\non_cough_024413\data.wav,0.5,1.5,train
session_yamnet_review_fc8722cfe22f,P_YAMNET_10977a9019,yamnet_review_gold,non_cough,D:\cough_model_train\DATA\non_cough\FSD50K_Negative_clean\326889.wav,5.5,6.5,train
session_yamnet_review_0fd6aeb23d8f,P_YAMNET_b3b6408cf4,yamnet_review_gold,non_cough,D:\cough_model_train\DATA\non_cough\non_cough_READY\non_cough\non_cough_023148\data.wav,5.5,6.5,train
session_yamnet_review_78f47f66a493,P_YAMNET_8e848b27bb,yamnet_review_gold,non_cough,D:\cough_model_train\DATA\non_cough\FSD50K_Negative_clean\432187.wav,11.0,12.0,train
session_yamnet_review_05c1bee234df,P_YAMNET_4d81177a53,yamnet_review_gold,non_cough,D:\cough_model_train\DATA\non_cough\non_cough_READY\non_cough\non_cough_038012\data.wav,11.0,12.0,train
session_yamnet_review_e62d786c743b,P_YAMNET_ee81f8c7ac,yamnet_review_gold,non_cough,D:\cough_model_train\DATA\non_cough\FSD50K_Negative_clean\239471.wav,3.5,4.5,train
session_yamnet_review_729114c8dcb3,P_YAMNET_88874b793f,yamnet_review_gold,non_cough,D:\cough_model_train\DATA\non_cough\non_cough_READY\non_cough\non_cough_016251\data.wav,3.5,4.5,train
session_yamnet_review_3c6f622813cd,P_YAMNET_4056a85be9,yamnet_review_gold,non_cough,D:\cough_model_train\DATA\non_cough\FSD50K_Negative_clean\431141.wav,2.5,3.5,train
session_yamnet_review_d3d7c39220a0,P_YAMNET_f87b0127af,yamnet_review_gold,non_cough,D:\cough_model_train\DATA\non_cough\non_cough_READY\non_cough\non_cough_037930\data.wav,2.5,3.5,train
session_yamnet_review_3e0a123a71dc,P_YAMNET_4989285cd9,yamnet_review_gold,non_cough,D:\cough_model_train\DATA\non_cough\FSD50K_Negative_clean\212427.wav,1.5,2.5,train
session_yamnet_review_9de8c20626f7,P_YAMNET_a6ff044f3d,yamnet_review_gold,non_cough,D:\cough_model_train\DATA\non_cough\non_cough_READY\non_cough\non_cough_013357\data.wav,1.5,2.5,train
session_yamnet_review_561994743ec1,P_YAMNET_4a1d594b7a,yamnet_review_gold,non_cough,D:\cough_model_train\DATA\non_cough\FSD50K_Negative_clean\177252.wav,1.5,2.5,train
session_yamnet_review_f971dbf0f990,P_YAMNET_e15a65b781,yamnet_review_gold,non_cough,D:\cough_model_train\DATA\non_cough\non_cough_READY\non_cough\non_cough_009265\data.wav,1.5,2.5,train
session_yamnet_review_b4b09885bca2,P_YAMNET_048d1a86ce,yamnet_review_gold,non_cough,D:\cough_model_train\DATA\non_cough\FSD50K_Negative_clean\350035.wav,0.0,1.0,train
session_yamnet_review_13362d969b76,P_YAMNET_3a5cde1689,yamnet_review_gold,non_cough,D:\cough_model_train\DATA\non_cough\non_cough_READY\non_cough\non_cough_026171\data.wav,0.0,1.0,train
session_yamnet_review_766dd6604cbc,P_YAMNET_8e848b27bb,yamnet_review_gold,non_cough,D:\cough_model_train\DATA\non_cough\FSD50K_Negative_clean\432187.wav,4.0,5.0,train
session_yamnet_review_70e6fbd98e5f,P_YAMNET_4d81177a53,yamnet_review_gold,non_cough,D:\cough_model_train\DATA\non_cough\non_cough_READY\non_cough\non_cough_038012\data.wav,4.0,5.0,train
session_yamnet_review_58489ae9c1ef,P_YAMNET_037d0d9b96,yamnet_review_gold,non_cough,D:\cough_model_train\DATA\non_cough\FSD50K_Negative_clean\84746.wav,3.0,4.0,train
session_yamnet_review_032aaa23eb8c,P_YAMNET_455a1d4eb7,yamnet_review_gold,non_cough,D:\cough_model_train\DATA\non_cough\non_cough_READY\non_cough\non_cough_043660\data.wav,3.0,4.0,train
session_yamnet_review_b7c7ae640669,P_YAMNET_8e848b27bb,yamnet_review_gold,non_cough,D:\cough_model_train\DATA\non_cough\FSD50K_Negative_clean\432187.wav,1.0,2.0,train
session_yamnet_review_c3ca758fd835,P_YAMNET_4d81177a53,yamnet_review_gold,non_cough,D:\cough_model_train\DATA\non_cough\non_cough_READY\non_cough\non_cough_038012\data.wav,1.0,2.0,train
session_yamnet_review_5490cd2aa328,P_YAMNET_5af718be2b,yamnet_review_gold,non_cough,D:\cough_model_train\DATA\non_cough\FSD50K_Negative_clean\362665.wav,14.5,15.5,train
session_yamnet_review_0cb4d31c34e1,P_YAMNET_83df9f2624,yamnet_review_gold,non_cough,D:\cough_model_train\DATA\non_cough\non_cough_READY\non_cough\non_cough_029215\data.wav,14.5,15.5,train
session_yamnet_review_b6ce8d740939,P_YAMNET_c2b59940be,yamnet_review_gold,non_cough,D:\cough_model_train\DATA\non_cough\FSD50K_Negative_clean\334468.wav,6.5,7.5,train
session_yamnet_review_f21dca9b7267,P_YAMNET_acf3b7f848,yamnet_review_gold,non_cough,D:\cough_model_train\DATA\non_cough\non_cough_READY\non_cough\non_cough_023996\data.wav,6.5,7.5,train
session_yamnet_review_f65e15a58ca9,P_YAMNET_28c5d13c3e,yamnet_review_gold,non_cough,D:\cough_model_train\DATA\non_cough\FSD50K_Negative_clean\194774.wav,17.0,18.0,train
session_yamnet_review_dbfa3e4d49a8,P_YAMNET_dca946a677,yamnet_review_gold,non_cough,D:\cough_model_train\DATA\non_cough\non_cough_READY\non_cough\non_cough_011373\data.wav,17.0,18.0,train
session_yamnet_review_b4525271ab85,P_YAMNET_aafee02cbe,yamnet_review_gold,non_cough,D:\cough_model_train\DATA\non_cough\FSD50K_Negative_clean\168688.wav,6.5,7.5,train
session_yamnet_review_9e6ae95c18b1,P_YAMNET_9477f3fdee,yamnet_review_gold,non_cough,D:\cough_model_train\DATA\non_cough\non_cough_READY\non_cough\non_cough_008293\data.wav,6.5,7.5,train
session_yamnet_review_7a151cff80d3,P_YAMNET_1da5ffa19e,yamnet_review_gold,non_cough,D:\cough_model_train\DATA\non_cough\FSD50K_Negative_clean\96825.wav,1.0,2.0,train
session_yamnet_review_b1522692bff2,P_YAMNET_5ca2e731af,yamnet_review_gold,non_cough,D:\cough_model_train\DATA\non_cough\non_cough_READY\non_cough\non_cough_045309\data.wav,1.0,2.0,train
session_yamnet_review_023476d55c4e,P_YAMNET_4cbd849545,yamnet_review_gold,non_cough,D:\cough_model_train\DATA\non_cough\FSD50K_Negative_clean\425150.wav,9.0,10.0,train
session_yamnet_review_4d10e3bf3176,P_YAMNET_fc3deb391a,yamnet_review_gold,non_cough,D:\cough_model_train\DATA\non_cough\non_cough_READY\non_cough\non_cough_037384\data.wav,9.0,10.0,train
session_yamnet_review_b9a2cd132b48,P_YAMNET_27b299b609,yamnet_review_gold,non_cough,D:\cough_model_train\DATA\non_cough\FSD50K_Negative_clean\108856.wav,15.0,16.0,train
session_yamnet_review_46a93f5e57fe,P_YAMNET_dfa842cd53,yamnet_review_gold,non_cough,D:\cough_model_train\DATA\non_cough\non_cough_1.0_4305\non_cough_000971\data.wav,15.0,16.0,train
session_yamnet_review_c565a95d4071,P_YAMNET_bcec319153,yamnet_review_gold,non_cough,D:\cough_model_train\DATA\non_cough\FSD50K_Negative_clean\79019.wav,7.5,8.5,train
session_yamnet_review_965ecbe087f4,P_YAMNET_145436a15e,yamnet_review_gold,non_cough,D:\cough_model_train\DATA\non_cough\non_cough_READY\non_cough\non_cough_043007\data.wav,7.5,8.5,train
session_yamnet_review_de26f37254a0,P_YAMNET_fe5478cb35,yamnet_review_gold,non_cough,D:\cough_model_train\DATA\non_cough\FSD50K_Negative_clean\188264.wav,2.5,3.5,train
session_yamnet_review_ff8e98c8bf8a,P_YAMNET_6b9802c487,yamnet_review_gold,non_cough,D:\cough_model_train\DATA\non_cough\non_cough_READY\non_cough\non_cough_010697\data.wav,2.5,3.5,train
session_yamnet_review_1aa8a37b9bdf,P_YAMNET_813111ca12,yamnet_review_gold,non_cough,D:\cough_model_train\DATA\non_cough\FSD50K_Negative_clean\344025.wav,0.5,1.5,train
session_yamnet_review_e2db2d71432a,P_YAMNET_a36791b8e2,yamnet_review_gold,non_cough,D:\cough_model_train\DATA\non_cough\non_cough_READY\non_cough\non_cough_025325\data.wav,0.5,1.5,train
session_yamnet_review_eb0d87432831,P_YAMNET_e39bb0fc78,yamnet_review_gold,non_cough,D:\cough_model_train\DATA\non_cough\FSD50K_Negative_clean\239069.wav,1.0,2.0,train
session_yamnet_review_227b1db6b404,P_YAMNET_c4a25d22e5,yamnet_review_gold,non_cough,D:\cough_model_train\DATA\non_cough\non_cough_READY\non_cough\non_cough_016158\data.wav,1.0,2.0,train
session_yamnet_review_50cb945184de,P_YAMNET_c0da3db59f,yamnet_review_gold,non_cough,D:\cough_model_train\DATA\non_cough\FSD50K_Negative_clean\199824.wav,4.0,5.0,train
session_yamnet_review_5000927d2af4,P_YAMNET_7441904358,yamnet_review_gold,non_cough,D:\cough_model_train\DATA\non_cough\non_cough_READY\non_cough\non_cough_011974\data.wav,4.0,5.0,train
session_yamnet_review_951ae5630900,P_YAMNET_27f10c99fa,yamnet_review_gold,non_cough,D:\cough_model_train\DATA\non_cough\FSD50K_Negative_clean\378695.wav,4.5,5.5,train
session_yamnet_review_9710b076883e,P_YAMNET_2a85992477,yamnet_review_gold,non_cough,D:\cough_model_train\DATA\non_cough\non_cough_READY\non_cough\non_cough_031944\data.wav,4.5,5.5,train
session_yamnet_review_05350e478b7f,P_YAMNET_9c59634379,yamnet_review_gold,non_cough,D:\cough_model_train\DATA\non_cough\FSD50K_Negative_clean\332211.wav,7.5,8.5,train
session_yamnet_review_eb8cf40111b5,P_YAMNET_b4aece75cb,yamnet_review_gold,non_cough,D:\cough_model_train\DATA\non_cough\non_cough_READY\non_cough\non_cough_023741\data.wav,7.5,8.5,train
session_yamnet_review_a5ef5ea31b54,P_YAMNET_9d70beb035,yamnet_review_gold,non_cough,D:\cough_model_train\DATA\non_cough\FSD50K_Negative_clean\109822.wav,0.5,1.5,train
session_yamnet_review_6796404c0865,P_YAMNET_888f225135,yamnet_review_gold,non_cough,D:\cough_model_train\DATA\non_cough\non_cough_1.0_4305\non_cough_001060\data.wav,0.5,1.5,train
session_yamnet_review_b3e4e04b3eee,P_YAMNET_6eb6bcf419,yamnet_review_gold,non_cough,D:\cough_model_train\DATA\non_cough\FSD50K_Negative_clean\377118.wav,0.5,1.5,train
session_yamnet_review_d125b7914fe7,P_YAMNET_51218d516b,yamnet_review_gold,non_cough,D:\cough_model_train\DATA\non_cough\non_cough_READY\non_cough\non_cough_031680\data.wav,0.5,1.5,train
session_yamnet_review_b8cc4f2e4cbe,P_YAMNET_a7c2538798,yamnet_review_gold,non_cough,D:\cough_model_train\DATA\non_cough\FSD50K_Negative_clean\175511.wav,0.0,0.939063,train
session_yamnet_review_ca6e25798509,P_YAMNET_bc6f2b167b,yamnet_review_gold,non_cough,D:\cough_model_train\DATA\non_cough\non_cough_READY\non_cough\non_cough_009097\data.wav,0.0,0.939063,train
session_yamnet_review_ff90e8c68759,P_YAMNET_89abf8e94a,yamnet_review_gold,non_cough,D:\cough_model_train\DATA\non_cough\FSD50K_Negative_clean\219773.wav,2.5,3.5,train
session_yamnet_review_332944705d20,P_YAMNET_c7f2c64bce,yamnet_review_gold,non_cough,D:\cough_model_train\DATA\non_cough\non_cough_READY\non_cough\non_cough_014217\data.wav,2.5,3.5,train
session_yamnet_review_c2b10a129ecd,P_YAMNET_14b44ebdd9,yamnet_review_gold,non_cough,D:\cough_model_train\DATA\non_cough\FSD50K_Negative_clean\67333.wav,0.5,1.5,train
session_yamnet_review_7cb86b2e1db6,P_YAMNET_1b32baf189,yamnet_review_gold,non_cough,D:\cough_model_train\DATA\non_cough\non_cough_READY\non_cough\non_cough_041497\data.wav,0.5,1.5,train
session_yamnet_review_79b7b551b159,P_YAMNET_f6081f47ff,yamnet_review_gold,non_cough,D:\cough_model_train\DATA\non_cough\FSD50K_Negative_clean\69543.wav,4.5,5.5,train
session_yamnet_review_9da4eef3e363,P_YAMNET_3b89237b77,yamnet_review_gold,non_cough,D:\cough_model_train\DATA\non_cough\non_cough_READY\non_cough\non_cough_041788\data.wav,4.5,5.5,train
session_yamnet_review_18a750c7f68b,P_YAMNET_4961813423,yamnet_review_gold,non_cough,D:\cough_model_train\DATA\non_cough\FSD50K_Negative_clean\109653.wav,0.0,1.0,train
session_yamnet_review_cd2a7474e61f,P_YAMNET_ba8d44ffd7,yamnet_review_gold,non_cough,D:\cough_model_train\DATA\non_cough\non_cough_1.0_4305\non_cough_001030\data.wav,0.0,1.0,train
session_yamnet_review_99a1fcdae39f,P_YAMNET_78b81d0382,yamnet_review_gold,non_cough,D:\cough_model_train\DATA\non_cough\FSD50K_Negative_clean\218055.wav,3.5,4.5,train
session_yamnet_review_521eded9c40f,P_YAMNET_7fafd8b96d,yamnet_review_gold,non_cough,D:\cough_model_train\DATA\non_cough\non_cough_READY\non_cough\non_cough_013979\data.wav,3.5,4.5,train
session_yamnet_review_1dc883ded658,P_YAMNET_1002d6cfbb,yamnet_review_gold,non_cough,D:\cough_model_train\DATA\non_cough\FSD50K_Negative_clean\238580.wav,1.0,2.0,train
session_yamnet_review_79db9df387c7,P_YAMNET_ce562771f3,yamnet_review_gold,non_cough,D:\cough_model_train\DATA\non_cough\non_cough_READY\non_cough\non_cough_016072\data.wav,1.0,2.0,train
session_yamnet_review_6d4ee6ed8772,P_YAMNET_e506b2a4af,yamnet_review_gold,non_cough,D:\cough_model_train\DATA\non_cough\FSD50K_Negative_clean\117941.wav,17.5,18.5,train
session_yamnet_review_d290a979778a,P_YAMNET_4a43163bf5,yamnet_review_gold,non_cough,D:\cough_model_train\DATA\non_cough\non_cough_1.0_4305\non_cough_001893\data.wav,17.5,18.5,train
session_yamnet_review_2b7533281b18,P_YAMNET_c2b59940be,yamnet_review_gold,non_cough,D:\cough_model_train\DATA\non_cough\FSD50K_Negative_clean\334468.wav,8.0,9.0,train
session_yamnet_review_f6b1180680f7,P_YAMNET_acf3b7f848,yamnet_review_gold,non_cough,D:\cough_model_train\DATA\non_cough\non_cough_READY\non_cough\non_cough_023996\data.wav,8.0,9.0,train
session_yamnet_review_b0baf88f4268,P_YAMNET_344249b632,yamnet_review_gold,non_cough,D:\cough_model_train\DATA\non_cough\FSD50K_Negative_clean\192133.wav,13.0,14.0,train
session_yamnet_review_8fac94529751,P_YAMNET_da32493572,yamnet_review_gold,non_cough,D:\cough_model_train\DATA\non_cough\non_cough_READY\non_cough\non_cough_011092\data.wav,13.0,14.0,train
session_yamnet_review_312d30185a31,P_YAMNET_10977a9019,yamnet_review_gold,non_cough,D:\cough_model_train\DATA\non_cough\FSD50K_Negative_clean\326889.wav,9.5,10.5,train
session_yamnet_review_d392624cbed0,P_YAMNET_b3b6408cf4,yamnet_review_gold,non_cough,D:\cough_model_train\DATA\non_cough\non_cough_READY\non_cough\non_cough_023148\data.wav,9.5,10.5,train
session_yamnet_review_fbf5b2d271d5,P_YAMNET_eb8516424b,yamnet_review_gold,non_cough,D:\cough_model_train\DATA\non_cough\FSD50K_Negative_clean\191944.wav,21.0,22.0,train
session_yamnet_review_15894a96a258,P_YAMNET_6dc6564368,yamnet_review_gold,non_cough,D:\cough_model_train\DATA\non_cough\non_cough_READY\non_cough\non_cough_011063\data.wav,21.0,22.0,train
session_yamnet_review_c91b92f11ca5,P_YAMNET_877c0882e5,yamnet_review_gold,non_cough,D:\cough_model_train\DATA\non_cough\FSD50K_Negative_clean\418785.wav,5.5,6.5,train
session_yamnet_review_ef9c0c5e48c5,P_YAMNET_db3b028736,yamnet_review_gold,non_cough,D:\cough_model_train\DATA\non_cough\non_cough_READY\non_cough\non_cough_036737\data.wav,5.5,6.5,train
session_yamnet_review_94fd49d3870b,P_YAMNET_67ac6db280,yamnet_review_gold,non_cough,D:\cough_model_train\DATA\non_cough\FSD50K_Negative_clean\136492.wav,8.5,9.5,train
session_yamnet_review_12ce08df4504,P_YAMNET_c59c492cfd,yamnet_review_gold,non_cough,D:\cough_model_train\DATA\non_cough\non_cough_1.0_4305\non_cough_004053\data.wav,8.5,9.5,train
session_yamnet_review_92b2beaff80b,P_YAMNET_6c0485f2e7,yamnet_review_gold,non_cough,D:\cough_model_train\DATA\non_cough\FSD50K_Negative_clean\108854.wav,2.5,3.5,train
session_yamnet_review_cb06d85c8b1c,P_YAMNET_5d83a5e4c4,yamnet_review_gold,non_cough,D:\cough_model_train\DATA\non_cough\non_cough_1.0_4305\non_cough_000970\data.wav,2.5,3.5,train
session_yamnet_review_edc166690fad,P_YAMNET_783ff19ea4,yamnet_review_gold,non_cough,D:\cough_model_train\DATA\non_cough\FSD50K_Negative_clean\222597.wav,2.5,3.5,train
session_yamnet_review_6c6233711c73,P_YAMNET_eab03898bd,yamnet_review_gold,non_cough,D:\cough_model_train\DATA\non_cough\non_cough_READY\non_cough\non_cough_014540\data.wav,2.5,3.5,train
session_yamnet_review_a4a3e7a42bea,P_YAMNET_a3ca7b9dce,yamnet_review_gold,non_cough,D:\cough_model_train\DATA\non_cough\FSD50K_Negative_clean\264351.wav,6.5,7.5,train
session_yamnet_review_05c3bcef3188,P_YAMNET_8efb92e71d,yamnet_review_gold,non_cough,D:\cough_model_train\DATA\non_cough\non_cough_READY\non_cough\non_cough_019802\data.wav,6.5,7.5,train
session_yamnet_review_f0b5795304be,P_YAMNET_f51ba517bc,yamnet_review_gold,non_cough,D:\cough_model_train\DATA\non_cough\FSD50K_Negative_clean\219953.wav,0.5,1.5,train
session_yamnet_review_22f94c8a9187,P_YAMNET_689c4c50f8,yamnet_review_gold,non_cough,D:\cough_model_train\DATA\non_cough\non_cough_READY\non_cough\non_cough_014249\data.wav,0.5,1.5,train
session_yamnet_review_3e8b545a203b,P_YAMNET_9151bab507,yamnet_review_gold,non_cough,D:\cough_model_train\DATA\non_cough\FSD50K_Negative_clean\234039.wav,3.5,4.5,train
session_yamnet_review_4af7c7a43081,P_YAMNET_4b85b7af51,yamnet_review_gold,non_cough,D:\cough_model_train\DATA\non_cough\non_cough_READY\non_cough\non_cough_015186\data.wav,3.5,4.5,train
session_yamnet_review_8a060b2be6f2,P_YAMNET_85d2bcb155,yamnet_review_gold,non_cough,D:\cough_model_train\DATA\non_cough\FSD50K_Negative_clean\397269.wav,17.5,18.5,train
session_yamnet_review_6aa6dc7f327d,P_YAMNET_f0e1405dfa,yamnet_review_gold,non_cough,D:\cough_model_train\DATA\non_cough\non_cough_READY\non_cough\non_cough_034329\data.wav,17.5,18.5,train
session_yamnet_review_f46769238170,P_YAMNET_9151bab507,yamnet_review_gold,non_cough,D:\cough_model_train\DATA\non_cough\FSD50K_Negative_clean\234039.wav,7.0,8.0,train
session_yamnet_review_bb445f794a3b,P_YAMNET_4b85b7af51,yamnet_review_gold,non_cough,D:\cough_model_train\DATA\non_cough\non_cough_READY\non_cough\non_cough_015186\data.wav,7.0,8.0,train
session_yamnet_review_ac51f5de0363,P_YAMNET_119896530f,yamnet_review_gold,non_cough,D:\cough_model_train\DATA\non_cough\FSD50K_Negative_clean\170211.wav,2.0,3.0,train
session_yamnet_review_8ed7232c3f35,P_YAMNET_2c10526079,yamnet_review_gold,non_cough,D:\cough_model_train\DATA\non_cough\non_cough_READY\non_cough\non_cough_008424\data.wav,2.0,3.0,train
session_yamnet_review_7842eba4c2bd,P_YAMNET_0118a70baa,yamnet_review_gold,non_cough,D:\cough_model_train\DATA\non_cough\FSD50K_Negative_clean\406991.wav,18.5,19.5,train
session_yamnet_review_4afcf472dd72,P_YAMNET_4114298a8b,yamnet_review_gold,non_cough,D:\cough_model_train\DATA\non_cough\non_cough_READY\non_cough\non_cough_035523\data.wav,18.5,19.5,train
session_yamnet_review_9b6204f2462a,P_YAMNET_9d70beb035,yamnet_review_gold,non_cough,D:\cough_model_train\DATA\non_cough\FSD50K_Negative_clean\109822.wav,2.0,3.0,train
session_yamnet_review_efb223d49edd,P_YAMNET_888f225135,yamnet_review_gold,non_cough,D:\cough_model_train\DATA\non_cough\non_cough_1.0_4305\non_cough_001060\data.wav,2.0,3.0,train
session_yamnet_review_03593cb007aa,P_YAMNET_28d6f92ff0,yamnet_review_gold,non_cough,D:\cough_model_train\DATA\non_cough\FSD50K_Negative_clean\362666.wav,13.0,14.0,train
session_yamnet_review_6bd61188f613,P_YAMNET_9e24b7b630,yamnet_review_gold,non_cough,D:\cough_model_train\DATA\non_cough\non_cough_READY\non_cough\non_cough_029216\data.wav,13.0,14.0,train
session_yamnet_review_5966e5fefe10,P_YAMNET_ab8b2b95de,yamnet_review_gold,non_cough,D:\cough_model_train\DATA\non_cough\FSD50K_Negative_clean\100895.wav,13.5,14.5,train
session_yamnet_review_18cfda80d3bb,P_YAMNET_f465485081,yamnet_review_gold,non_cough,D:\cough_model_train\DATA\non_cough\non_cough_1.0_4305\non_cough_000130\data.wav,13.5,14.5,train
session_yamnet_review_ada3a7ee5992,P_YAMNET_1ce74f741f,yamnet_review_gold,non_cough,D:\cough_model_train\DATA\non_cough\FSD50K_Negative_clean\408166.wav,14.0,15.0,train
session_yamnet_review_54038878f431,P_YAMNET_46498c1720,yamnet_review_gold,non_cough,D:\cough_model_train\DATA\non_cough\non_cough_READY\non_cough\non_cough_035635\data.wav,14.0,15.0,train
session_yamnet_review_53e86791b924,P_YAMNET_15789893f9,yamnet_review_gold,non_cough,D:\cough_model_train\DATA\non_cough\FSD50K_Negative_clean\325791.wav,9.0,10.0,train
session_yamnet_review_e4c7e879e978,P_YAMNET_43767c7414,yamnet_review_gold,non_cough,D:\cough_model_train\DATA\non_cough\non_cough_READY\non_cough\non_cough_022923\data.wav,9.0,10.0,train
session_yamnet_review_51aad5fd4cce,P_YAMNET_a9c8944c66,yamnet_review_gold,non_cough,D:\cough_model_train\DATA\non_cough\FSD50K_Negative_clean\8157.wav,19.5,20.5,train
session_yamnet_review_acb12f37094a,P_YAMNET_2ba0cd5ff0,yamnet_review_gold,non_cough,D:\cough_model_train\DATA\non_cough\non_cough_READY\non_cough\non_cough_043308\data.wav,19.5,20.5,train
session_yamnet_review_07dd5eceab50,P_YAMNET_c11ca0f77d,yamnet_review_gold,non_cough,D:\cough_model_train\DATA\non_cough\FSD50K_Negative_clean\239464.wav,1.5,2.5,train
session_yamnet_review_5715c2eab39b,P_YAMNET_b03b81f278,yamnet_review_gold,non_cough,D:\cough_model_train\DATA\non_cough\non_cough_READY\non_cough\non_cough_016244\data.wav,1.5,2.5,train
session_yamnet_review_14f1c478f990,P_YAMNET_75e02fed30,yamnet_review_gold,non_cough,D:\cough_model_train\DATA\non_cough\FSD50K_Negative_clean\358983.wav,13.0,14.0,train
session_yamnet_review_353e47bd95fc,P_YAMNET_fb8d918fc1,yamnet_review_gold,non_cough,D:\cough_model_train\DATA\non_cough\non_cough_READY\non_cough\non_cough_028552\data.wav,13.0,14.0,train
session_yamnet_review_85cc7a60c906,P_YAMNET_1002d6cfbb,yamnet_review_gold,non_cough,D:\cough_model_train\DATA\non_cough\FSD50K_Negative_clean\238580.wav,13.5,14.5,train
session_yamnet_review_68c084d6589a,P_YAMNET_ce562771f3,yamnet_review_gold,non_cough,D:\cough_model_train\DATA\non_cough\non_cough_READY\non_cough\non_cough_016072\data.wav,13.5,14.5,train
session_yamnet_review_167e73a8b008,P_YAMNET_31fd0c3c3c,yamnet_review_gold,non_cough,D:\cough_model_train\DATA\non_cough\FSD50K_Negative_clean\273710.wav,3.0,4.0,train
session_yamnet_review_ea2f6130e4f3,P_YAMNET_b88c4f1b4b,yamnet_review_gold,non_cough,D:\cough_model_train\DATA\non_cough\non_cough_READY\non_cough\non_cough_020721\data.wav,3.0,4.0,train
session_yamnet_review_481bfdd87cbc,P_YAMNET_0ec38dc1d2,yamnet_review_gold,non_cough,D:\cough_model_train\DATA\non_cough\FSD50K_Negative_clean\410145.wav,13.5,14.5,train
session_yamnet_review_b18dbc685812,P_YAMNET_1cf37179fb,yamnet_review_gold,non_cough,D:\cough_model_train\DATA\non_cough\non_cough_READY\non_cough\non_cough_035804\data.wav,13.5,14.5,train
session_yamnet_review_397d5cc79d3b,P_YAMNET_267c63bb44,yamnet_review_gold,non_cough,D:\cough_model_train\DATA\non_cough\FSD50K_Negative_clean\80284.wav,4.0,5.0,train
session_yamnet_review_99158744cba8,P_YAMNET_743de62742,yamnet_review_gold,non_cough,D:\cough_model_train\DATA\non_cough\non_cough_READY\non_cough\non_cough_043172\data.wav,4.0,5.0,train
session_yamnet_review_1cef92c21336,P_YAMNET_267c63bb44,yamnet_review_gold,non_cough,D:\cough_model_train\DATA\non_cough\FSD50K_Negative_clean\80284.wav,20.5,21.5,train
session_yamnet_review_98041c57f9bb,P_YAMNET_743de62742,yamnet_review_gold,non_cough,D:\cough_model_train\DATA\non_cough\non_cough_READY\non_cough\non_cough_043172\data.wav,20.5,21.5,train
session_yamnet_review_4916c2f82fd7,P_YAMNET_5ee13276c9,yamnet_review_gold,non_cough,D:\cough_model_train\DATA\non_cough\FSD50K_Negative_clean\391300.wav,1.5,2.5,train
session_yamnet_review_1fec6edd1e0e,P_YAMNET_82b58fbbb5,yamnet_review_gold,non_cough,D:\cough_model_train\DATA\non_cough\non_cough_READY\non_cough\non_cough_033720\data.wav,1.5,2.5,train
session_yamnet_review_8e5af17708dd,P_YAMNET_869a12e6da,yamnet_review_gold,non_cough,D:\cough_model_train\DATA\non_cough\FSD50K_Negative_clean\174685.wav,0.5,1.5,train
session_yamnet_review_4f360f99d9f9,P_YAMNET_41b5be8c4d,yamnet_review_gold,non_cough,D:\cough_model_train\DATA\non_cough\non_cough_READY\non_cough\non_cough_008923\data.wav,0.5,1.5,train
session_yamnet_review_24e3817aba31,P_YAMNET_ab8b2b95de,yamnet_review_gold,non_cough,D:\cough_model_train\DATA\non_cough\FSD50K_Negative_clean\100895.wav,18.0,19.0,train
session_yamnet_review_93873a265d52,P_YAMNET_f465485081,yamnet_review_gold,non_cough,D:\cough_model_train\DATA\non_cough\non_cough_1.0_4305\non_cough_000130\data.wav,18.0,19.0,train
session_yamnet_review_39fa6b670ceb,P_YAMNET_ee6aed977e,yamnet_review_gold,non_cough,D:\cough_model_train\DATA\non_cough\FSD50K_Negative_clean\32182.wav,0.5,1.5,train
session_yamnet_review_485514c33480,P_YAMNET_3c7c7429c3,yamnet_review_gold,non_cough,D:\cough_model_train\DATA\non_cough\non_cough_READY\non_cough\non_cough_022297\data.wav,0.5,1.5,train
session_yamnet_review_4838ca250ee4,P_YAMNET_0c76687c50,yamnet_review_gold,non_cough,D:\cough_model_train\DATA\non_cough\FSD50K_Negative_clean\210004.wav,5.0,6.0,train
session_yamnet_review_5501a8fe978a,P_YAMNET_c008c8a404,yamnet_review_gold,non_cough,D:\cough_model_train\DATA\non_cough\non_cough_READY\non_cough\non_cough_013045\data.wav,5.0,6.0,train
session_yamnet_review_92db07a3c3a7,P_YAMNET_eb8516424b,yamnet_review_gold,non_cough,D:\cough_model_train\DATA\non_cough\FSD50K_Negative_clean\191944.wav,9.5,10.5,train
session_yamnet_review_93bddf54c431,P_YAMNET_6dc6564368,yamnet_review_gold,non_cough,D:\cough_model_train\DATA\non_cough\non_cough_READY\non_cough\non_cough_011063\data.wav,9.5,10.5,train
session_yamnet_review_80af47a92180,P_YAMNET_1e74eb866d,yamnet_review_gold,non_cough,D:\cough_model_train\DATA\non_cough\FSD50K_Negative_clean\168965.wav,6.5,7.5,train
session_yamnet_review_b8ab4f89f6a9,P_YAMNET_41c296c63e,yamnet_review_gold,non_cough,D:\cough_model_train\DATA\non_cough\non_cough_READY\non_cough\non_cough_008329\data.wav,6.5,7.5,train
session_yamnet_review_f0326905667d,P_YAMNET_1e74eb866d,yamnet_review_gold,non_cough,D:\cough_model_train\DATA\non_cough\FSD50K_Negative_clean\168965.wav,8.0,9.0,train
session_yamnet_review_667272df52aa,P_YAMNET_41c296c63e,yamnet_review_gold,non_cough,D:\cough_model_train\DATA\non_cough\non_cough_READY\non_cough\non_cough_008329\data.wav,8.0,9.0,train
session_yamnet_review_5837e41fde91,P_YAMNET_0180542b8e,yamnet_review_gold,non_cough,D:\cough_model_train\DATA\non_cough\FSD50K_Negative_clean\240324.wav,5.0,6.0,train
session_yamnet_review_ab0fd3207afc,P_YAMNET_da8649fde5,yamnet_review_gold,non_cough,D:\cough_model_train\DATA\non_cough\non_cough_READY\non_cough\non_cough_016424\data.wav,5.0,6.0,train
session_yamnet_review_0c16d1787b3e,P_YAMNET_c1c840a7d7,yamnet_review_gold,non_cough,D:\cough_model_train\DATA\non_cough\FSD50K_Negative_clean\234041.wav,4.5,5.5,train
session_yamnet_review_46ba727a4dd5,P_YAMNET_6d5aabd8c0,yamnet_review_gold,non_cough,D:\cough_model_train\DATA\non_cough\non_cough_READY\non_cough\non_cough_015187\data.wav,4.5,5.5,train
session_yamnet_review_9ae713e25d65,P_YAMNET_0688d3bff4,yamnet_review_gold,non_cough,D:\cough_model_train\DATA\non_cough\FSD50K_Negative_clean\31272.wav,1.5,2.5,train
session_yamnet_review_b8c7377de043,P_YAMNET_683ed304f1,yamnet_review_gold,non_cough,D:\cough_model_train\DATA\non_cough\non_cough_READY\non_cough\non_cough_021648\data.wav,1.5,2.5,train
session_yamnet_review_bf0c07be00d0,P_YAMNET_c28a7739b8,yamnet_review_gold,non_cough,D:\cough_model_train\DATA\non_cough\FSD50K_Negative_clean\233577.wav,11.0,12.0,train
session_yamnet_review_d2ea09877c37,P_YAMNET_90957a89cd,yamnet_review_gold,non_cough,D:\cough_model_train\DATA\non_cough\non_cough_READY\non_cough\non_cough_015163\data.wav,11.0,12.0,train
session_yamnet_review_a4a1d8f7e44e,P_YAMNET_5af718be2b,yamnet_review_gold,non_cough,D:\cough_model_train\DATA\non_cough\FSD50K_Negative_clean\362665.wav,10.0,11.0,train
session_yamnet_review_1c490f884194,P_YAMNET_83df9f2624,yamnet_review_gold,non_cough,D:\cough_model_train\DATA\non_cough\non_cough_READY\non_cough\non_cough_029215\data.wav,10.0,11.0,train
session_yamnet_review_2302e5e1dd9f,P_YAMNET_19dae22188,yamnet_review_gold,non_cough,D:\cough_model_train\DATA\non_cough\FSD50K_Negative_clean\399134.wav,1.0,2.0,train
session_yamnet_review_7ba3a8343ec3,P_YAMNET_4985ec6a9e,yamnet_review_gold,non_cough,D:\cough_model_train\DATA\non_cough\non_cough_READY\non_cough\non_cough_034545\data.wav,1.0,2.0,train
session_yamnet_review_5ea0f5a2fd44,P_YAMNET_494dfd94f7,yamnet_review_gold,non_cough,D:\cough_model_train\DATA\non_cough\FSD50K_Negative_clean\76611.wav,0.0,1.0,train
session_yamnet_review_afd9cc244717,P_YAMNET_193ec7f9ba,yamnet_review_gold,non_cough,D:\cough_model_train\DATA\non_cough\non_cough_READY\non_cough\non_cough_042670\data.wav,0.0,1.0,train
session_yamnet_review_8efd5135b77f,P_YAMNET_fc4bb44646,yamnet_review_gold,non_cough,D:\cough_model_train\DATA\non_cough\FSD50K_Negative_clean\253530.wav,0.5,1.5,train
session_yamnet_review_550c2b2fe5f4,P_YAMNET_2c90f606fb,yamnet_review_gold,non_cough,D:\cough_model_train\DATA\non_cough\non_cough_READY\non_cough\non_cough_018649\data.wav,0.5,1.5,train
session_yamnet_review_ca4a23fb46b3,P_YAMNET_fcd74ceee3,yamnet_review_gold,non_cough,D:\cough_model_train\DATA\non_cough\FSD50K_Negative_clean\277594.wav,2.0,3.0,train
session_yamnet_review_138b9223f044,P_YAMNET_c8009617ed,yamnet_review_gold,non_cough,D:\cough_model_train\DATA\non_cough\non_cough_READY\non_cough\non_cough_021229\data.wav,2.0,3.0,train
session_yamnet_review_2c039a6abe5a,P_YAMNET_081dc561be,yamnet_review_gold,non_cough,D:\cough_model_train\DATA\non_cough\FSD50K_Negative_clean\195414.wav,10.0,11.0,train
session_yamnet_review_57c5662ec7aa,P_YAMNET_926bcc5506,yamnet_review_gold,non_cough,D:\cough_model_train\DATA\non_cough\non_cough_READY\non_cough\non_cough_011485\data.wav,10.0,11.0,train
session_yamnet_review_c031ff26fcb5,P_YAMNET_0a2ef5e113,yamnet_review_gold,non_cough,D:\cough_model_train\DATA\non_cough\FSD50K_Negative_clean\416652.wav,4.5,5.5,train
session_yamnet_review_287c683a50f0,P_YAMNET_52187f07d7,yamnet_review_gold,non_cough,D:\cough_model_train\DATA\non_cough\non_cough_READY\non_cough\non_cough_036533\data.wav,4.5,5.5,train
session_yamnet_review_e05df93b558d,P_YAMNET_d11d41e59e,yamnet_review_gold,non_cough,D:\cough_model_train\DATA\non_cough\FSD50K_Negative_clean\239068.wav,1.5,2.5,train
session_yamnet_review_9a10f3a2e027,P_YAMNET_e996905826,yamnet_review_gold,non_cough,D:\cough_model_train\DATA\non_cough\non_cough_READY\non_cough\non_cough_016157\data.wav,1.5,2.5,train
session_yamnet_review_fe53b2d23933,P_YAMNET_69e539e30c,yamnet_review_gold,non_cough,D:\cough_model_train\DATA\non_cough\FSD50K_Negative_clean\223526.wav,26.0,27.0,train
session_yamnet_review_b308c0985af7,P_YAMNET_54bde361c8,yamnet_review_gold,non_cough,D:\cough_model_train\DATA\non_cough\non_cough_READY\non_cough\non_cough_014622\data.wav,26.0,27.0,train
session_yamnet_review_d75132be9660,P_YAMNET_ba5ef2bb0d,yamnet_review_gold,non_cough,D:\cough_model_train\DATA\non_cough\FSD50K_Negative_clean\339243.wav,8.5,9.5,train
session_yamnet_review_9596de059dc1,P_YAMNET_cff1d73e1b,yamnet_review_gold,non_cough,D:\cough_model_train\DATA\non_cough\non_cough_READY\non_cough\non_cough_024683\data.wav,8.5,9.5,train
session_yamnet_review_cca0fa9bce31,P_YAMNET_5af718be2b,yamnet_review_gold,non_cough,D:\cough_model_train\DATA\non_cough\FSD50K_Negative_clean\362665.wav,4.5,5.5,train
session_yamnet_review_f3d3149635ed,P_YAMNET_83df9f2624,yamnet_review_gold,non_cough,D:\cough_model_train\DATA\non_cough\non_cough_READY\non_cough\non_cough_029215\data.wav,4.5,5.5,train
session_yamnet_review_fea9ac5e0336,P_YAMNET_83d3917c6d,yamnet_review_gold,non_cough,D:\cough_model_train\DATA\non_cough\FSD50K_Negative_clean\239468.wav,0.5,1.5,train
session_yamnet_review_19617048a4c7,P_YAMNET_2c8f13b361,yamnet_review_gold,non_cough,D:\cough_model_train\DATA\non_cough\non_cough_READY\non_cough\non_cough_016248\data.wav,0.5,1.5,train
session_yamnet_review_f3ea42ac146f,P_YAMNET_1b2ff0b5f1,yamnet_review_gold,non_cough,D:\cough_model_train\DATA\non_cough\FSD50K_Negative_clean\160996.wav,20.0,21.0,train
session_yamnet_review_18ad74b70cce,P_YAMNET_2bc0ff0372,yamnet_review_gold,non_cough,D:\cough_model_train\DATA\non_cough\non_cough_READY\non_cough\non_cough_007339\data.wav,20.0,21.0,train
session_yamnet_review_3e7a92048ff5,P_YAMNET_4e74306669,yamnet_review_gold,non_cough,D:\cough_model_train\DATA\non_cough\FSD50K_Negative_clean\67332.wav,0.0,1.0,train
session_yamnet_review_c732258d66c5,P_YAMNET_8935e168ea,yamnet_review_gold,non_cough,D:\cough_model_train\DATA\non_cough\non_cough_READY\non_cough\non_cough_041496\data.wav,0.0,1.0,train
session_yamnet_review_7ddc5722d41e,P_YAMNET_267c63bb44,yamnet_review_gold,non_cough,D:\cough_model_train\DATA\non_cough\FSD50K_Negative_clean\80284.wav,10.0,11.0,train
session_yamnet_review_d8ec886adb26,P_YAMNET_743de62742,yamnet_review_gold,non_cough,D:\cough_model_train\DATA\non_cough\non_cough_READY\non_cough\non_cough_043172\data.wav,10.0,11.0,train
session_yamnet_review_b9b777722914,P_YAMNET_85cb1098dc,yamnet_review_gold,non_cough,D:\cough_model_train\DATA\non_cough\FSD50K_Negative_clean\187359.wav,0.5,1.5,train
session_yamnet_review_5f6879af6199,P_YAMNET_9aaa260332,yamnet_review_gold,non_cough,D:\cough_model_train\DATA\non_cough\non_cough_READY\non_cough\non_cough_010579\data.wav,0.5,1.5,train
session_yamnet_review_5a5781eb73c2,P_YAMNET_8129349a37,yamnet_review_gold,non_cough,D:\cough_model_train\DATA\non_cough\FSD50K_Negative_clean\67334.wav,0.5,1.5,train
session_yamnet_review_316aaf9acdf6,P_YAMNET_502459dbd2,yamnet_review_gold,non_cough,D:\cough_model_train\DATA\non_cough\non_cough_READY\non_cough\non_cough_041498\data.wav,0.5,1.5,train
session_yamnet_review_5f2e99e8504b,P_YAMNET_783ff19ea4,yamnet_review_gold,non_cough,D:\cough_model_train\DATA\non_cough\FSD50K_Negative_clean\222597.wav,0.5,1.5,train
session_yamnet_review_c3c45f1922a2,P_YAMNET_eab03898bd,yamnet_review_gold,non_cough,D:\cough_model_train\DATA\non_cough\non_cough_READY\non_cough\non_cough_014540\data.wav,0.5,1.5,train
session_yamnet_review_c90f1c0021ee,P_YAMNET_a098eb3de4,yamnet_review_gold,non_cough,D:\cough_model_train\DATA\non_cough\FSD50K_Negative_clean\85135.wav,9.0,10.0,train
session_yamnet_review_618de8006fd0,P_YAMNET_1928140d7b,yamnet_review_gold,non_cough,D:\cough_model_train\DATA\non_cough\non_cough_READY\non_cough\non_cough_043712\data.wav,9.0,10.0,train
session_yamnet_review_9f29cfcd99a3,P_YAMNET_e12f96f56b,yamnet_review_gold,non_cough,D:\cough_model_train\DATA\non_cough\FSD50K_Negative_clean\252517.wav,4.5,5.5,train
session_yamnet_review_02cc701a9281,P_YAMNET_df31224788,yamnet_review_gold,non_cough,D:\cough_model_train\DATA\non_cough\non_cough_READY\non_cough\non_cough_018571\data.wav,4.5,5.5,train
session_yamnet_review_41ec684a51af,P_YAMNET_67ac6db280,yamnet_review_gold,non_cough,D:\cough_model_train\DATA\non_cough\FSD50K_Negative_clean\136492.wav,10.5,11.5,train
session_yamnet_review_1da0afbf0a73,P_YAMNET_c59c492cfd,yamnet_review_gold,non_cough,D:\cough_model_train\DATA\non_cough\non_cough_1.0_4305\non_cough_004053\data.wav,10.5,11.5,train
session_yamnet_review_32211a318d1d,P_YAMNET_0180542b8e,yamnet_review_gold,non_cough,D:\cough_model_train\DATA\non_cough\FSD50K_Negative_clean\240324.wav,1.0,2.0,train
session_yamnet_review_70150d8f1ec2,P_YAMNET_da8649fde5,yamnet_review_gold,non_cough,D:\cough_model_train\DATA\non_cough\non_cough_READY\non_cough\non_cough_016424\data.wav,1.0,2.0,train
session_yamnet_review_f522d0641063,P_YAMNET_c776408905,yamnet_review_gold,non_cough,D:\cough_model_train\DATA\non_cough\FSD50K_Negative_clean\394772.wav,3.0,4.0,train
session_yamnet_review_bb897760e3c7,P_YAMNET_a00c323334,yamnet_review_gold,non_cough,D:\cough_model_train\DATA\non_cough\non_cough_READY\non_cough\non_cough_034105\data.wav,3.0,4.0,train
session_yamnet_review_f56f81ed79aa,P_YAMNET_af6ee118d2,yamnet_review_gold,non_cough,D:\cough_model_train\DATA\non_cough\FSD50K_Negative_clean\367499.wav,3.0,4.0,train
session_yamnet_review_135ef1855804,P_YAMNET_11e37faec2,yamnet_review_gold,non_cough,D:\cough_model_train\DATA\non_cough\non_cough_READY\non_cough\non_cough_029790\data.wav,3.0,4.0,train
session_yamnet_review_be3de76bfc55,P_YAMNET_67ac6db280,yamnet_review_gold,non_cough,D:\cough_model_train\DATA\non_cough\FSD50K_Negative_clean\136492.wav,13.5,14.5,train
session_yamnet_review_de03968d6811,P_YAMNET_c59c492cfd,yamnet_review_gold,non_cough,D:\cough_model_train\DATA\non_cough\non_cough_1.0_4305\non_cough_004053\data.wav,13.5,14.5,train
session_yamnet_review_b68949b5a0d3,P_YAMNET_19dae22188,yamnet_review_gold,non_cough,D:\cough_model_train\DATA\non_cough\FSD50K_Negative_clean\399134.wav,9.0,10.0,train
session_yamnet_review_8769eef99ffa,P_YAMNET_4985ec6a9e,yamnet_review_gold,non_cough,D:\cough_model_train\DATA\non_cough\non_cough_READY\non_cough\non_cough_034545\data.wav,9.0,10.0,train
session_yamnet_review_f266e2dd1c07,P_YAMNET_57d32f1155,yamnet_review_gold,non_cough,D:\cough_model_train\DATA\non_cough\FSD50K_Negative_clean\118564.wav,0.0,1.0,train
session_yamnet_review_f593a22488e0,P_YAMNET_e342083142,yamnet_review_gold,non_cough,D:\cough_model_train\DATA\non_cough\non_cough_1.0_4305\non_cough_001997\data.wav,0.0,1.0,train
session_yamnet_review_a1207c813120,P_YAMNET_46a05ba971,yamnet_review_gold,non_cough,D:\cough_model_train\DATA\non_cough\FSD50K_Negative_clean\399131.wav,6.5,7.5,train
session_yamnet_review_9983238ca1b7,P_YAMNET_a134d584de,yamnet_review_gold,non_cough,D:\cough_model_train\DATA\non_cough\non_cough_READY\non_cough\non_cough_034542\data.wav,6.5,7.5,train
session_yamnet_review_e4ae00b91b9b,P_YAMNET_e14fd9afdd,yamnet_review_gold,non_cough,D:\cough_model_train\DATA\non_cough\FSD50K_Negative_clean\345519.wav,0.0,1.0,train
session_yamnet_review_4d484ee1a42e,P_YAMNET_2d4afde12c,yamnet_review_gold,non_cough,D:\cough_model_train\DATA\non_cough\non_cough_READY\non_cough\non_cough_025491\data.wav,0.0,1.0,train
session_yamnet_review_438500a2454a,P_YAMNET_9c59634379,yamnet_review_gold,non_cough,D:\cough_model_train\DATA\non_cough\FSD50K_Negative_clean\332211.wav,4.5,5.5,train
session_yamnet_review_065c79c2f468,P_YAMNET_b4aece75cb,yamnet_review_gold,non_cough,D:\cough_model_train\DATA\non_cough\non_cough_READY\non_cough\non_cough_023741\data.wav,4.5,5.5,train
session_yamnet_review_097e687f72bb,P_YAMNET_29eafee1cf,yamnet_review_gold,non_cough,D:\cough_model_train\DATA\non_cough\FSD50K_Negative_clean\112064.wav,2.5,3.5,train
session_yamnet_review_bc05946f9514,P_YAMNET_8984cdf763,yamnet_review_gold,non_cough,D:\cough_model_train\DATA\non_cough\non_cough_1.0_4305\non_cough_001276\data.wav,2.5,3.5,train
session_yamnet_review_77ebab5d3ac1,P_YAMNET_eb8516424b,yamnet_review_gold,non_cough,D:\cough_model_train\DATA\non_cough\FSD50K_Negative_clean\191944.wav,2.5,3.5,train
session_yamnet_review_c17755a79630,P_YAMNET_6dc6564368,yamnet_review_gold,non_cough,D:\cough_model_train\DATA\non_cough\non_cough_READY\non_cough\non_cough_011063\data.wav,2.5,3.5,train
session_yamnet_review_baa2081f706c,P_YAMNET_a3ca7b9dce,yamnet_review_gold,non_cough,D:\cough_model_train\DATA\non_cough\FSD50K_Negative_clean\264351.wav,5.0,6.0,train
session_yamnet_review_93177f1f322d,P_YAMNET_8efb92e71d,yamnet_review_gold,non_cough,D:\cough_model_train\DATA\non_cough\non_cough_READY\non_cough\non_cough_019802\data.wav,5.0,6.0,train
session_yamnet_review_6815e47e38f2,P_YAMNET_0180542b8e,yamnet_review_gold,non_cough,D:\cough_model_train\DATA\non_cough\FSD50K_Negative_clean\240324.wav,17.5,18.5,train
session_yamnet_review_4227d670baff,P_YAMNET_da8649fde5,yamnet_review_gold,non_cough,D:\cough_model_train\DATA\non_cough\non_cough_READY\non_cough\non_cough_016424\data.wav,17.5,18.5,train
session_yamnet_review_01ebf35290f1,P_YAMNET_dcbb8878b6,yamnet_review_gold,non_cough,D:\cough_model_train\DATA\non_cough\FSD50K_Negative_clean\194813.wav,12.0,13.0,train
session_yamnet_review_e85b0732663b,P_YAMNET_5bc29d17ec,yamnet_review_gold,non_cough,D:\cough_model_train\DATA\non_cough\non_cough_READY\non_cough\non_cough_011386\data.wav,12.0,13.0,train
session_yamnet_review_5dd48dddec62,P_YAMNET_35366cd3dd,yamnet_review_gold,non_cough,D:\cough_model_train\DATA\non_cough\FSD50K_Negative_clean\228602.wav,2.5,3.5,train
session_yamnet_review_22b88d1b4192,P_YAMNET_8abc8781bb,yamnet_review_gold,non_cough,D:\cough_model_train\DATA\non_cough\non_cough_READY\non_cough\non_cough_014737\data.wav,2.5,3.5,train
session_yamnet_review_da7fdd1a8fe8,P_YAMNET_136d6d7153,yamnet_review_gold,non_cough,D:\cough_model_train\DATA\non_cough\FSD50K_Negative_clean\182562.wav,6.0,7.0,train
session_yamnet_review_b8492f43bd83,P_YAMNET_36a6652541,yamnet_review_gold,non_cough,D:\cough_model_train\DATA\non_cough\non_cough_READY\non_cough\non_cough_009901\data.wav,6.0,7.0,train
session_yamnet_review_c4c4cefe7f3e,P_YAMNET_ab8b2b95de,yamnet_review_gold,non_cough,D:\cough_model_train\DATA\non_cough\FSD50K_Negative_clean\100895.wav,11.5,12.5,train
session_yamnet_review_26d67eeccfbf,P_YAMNET_f465485081,yamnet_review_gold,non_cough,D:\cough_model_train\DATA\non_cough\non_cough_1.0_4305\non_cough_000130\data.wav,11.5,12.5,train
session_yamnet_review_2fd4107795f0,P_YAMNET_9c59634379,yamnet_review_gold,non_cough,D:\cough_model_train\DATA\non_cough\FSD50K_Negative_clean\332211.wav,2.0,3.0,train
session_yamnet_review_02293cb57828,P_YAMNET_b4aece75cb,yamnet_review_gold,non_cough,D:\cough_model_train\DATA\non_cough\non_cough_READY\non_cough\non_cough_023741\data.wav,2.0,3.0,train
session_yamnet_review_f9a809a58c5b,P_YAMNET_4e6fa5edeb,yamnet_review_gold,non_cough,D:\cough_model_train\DATA\non_cough\FSD50K_Negative_clean\240830.wav,6.0,7.0,train
session_yamnet_review_ae2eddaf3ec6,P_YAMNET_3e9f4eb72f,yamnet_review_gold,non_cough,D:\cough_model_train\DATA\non_cough\non_cough_READY\non_cough\non_cough_016467\data.wav,6.0,7.0,train
session_yamnet_review_de712ab0c4d6,P_YAMNET_df6280deca,yamnet_review_gold,non_cough,D:\cough_model_train\DATA\non_cough\FSD50K_Negative_clean\399133.wav,0.5,1.5,train
session_yamnet_review_74dd0e825d8e,P_YAMNET_e353f4d060,yamnet_review_gold,non_cough,D:\cough_model_train\DATA\non_cough\non_cough_READY\non_cough\non_cough_034544\data.wav,0.5,1.5,train
session_yamnet_review_91c400fab18e,P_YAMNET_040f44294f,yamnet_review_gold,non_cough,D:\cough_model_train\DATA\non_cough\FSD50K_Negative_clean\249711.wav,6.5,7.5,train
session_yamnet_review_5455e510dc07,P_YAMNET_1b8e823302,yamnet_review_gold,non_cough,D:\cough_model_train\DATA\non_cough\non_cough_READY\non_cough\non_cough_018164\data.wav,6.5,7.5,train
session_yamnet_review_75a1271cfcaf,P_YAMNET_fef9b00c22,yamnet_review_gold,non_cough,D:\cough_model_train\DATA\non_cough\FSD50K_Negative_clean\195220.wav,1.0,2.0,train
session_yamnet_review_414cbe52809b,P_YAMNET_3221e877ba,yamnet_review_gold,non_cough,D:\cough_model_train\DATA\non_cough\non_cough_READY\non_cough\non_cough_011448\data.wav,1.0,2.0,train
session_yamnet_review_cd477814f762,P_YAMNET_bb5934f432,yamnet_review_gold,non_cough,D:\cough_model_train\DATA\non_cough\FSD50K_Negative_clean\382016.wav,1.5,2.5,train
session_yamnet_review_4e2ac742ecf3,P_YAMNET_20c755b8de,yamnet_review_gold,non_cough,D:\cough_model_train\DATA\non_cough\non_cough_READY\non_cough\non_cough_032373\data.wav,1.5,2.5,train
session_yamnet_review_cdf3c944b26c,P_YAMNET_72c12037c3,yamnet_review_gold,non_cough,D:\cough_model_train\DATA\non_cough\FSD50K_Negative_clean\73329.wav,6.5,7.5,train
session_yamnet_review_e0a787cdc07b,P_YAMNET_ce2d97f825,yamnet_review_gold,non_cough,D:\cough_model_train\DATA\non_cough\non_cough_READY\non_cough\non_cough_042284\data.wav,6.5,7.5,train
session_yamnet_review_241bae703e04,P_YAMNET_5653d48d4b,yamnet_review_gold,non_cough,D:\cough_model_train\DATA\non_cough\FSD50K_Negative_clean\371306.wav,1.5,2.5,train
session_yamnet_review_09cfe08baa9f,P_YAMNET_2ab1683295,yamnet_review_gold,non_cough,D:\cough_model_train\DATA\non_cough\non_cough_READY\non_cough\non_cough_030229\data.wav,1.5,2.5,train
session_yamnet_review_da763c0b57b5,P_YAMNET_b9b23bd92c,yamnet_review_gold,non_cough,D:\cough_model_train\DATA\non_cough\FSD50K_Negative_clean\77424.wav,1.5,2.5,train
session_yamnet_review_4dfff03acba1,P_YAMNET_83921a95a5,yamnet_review_gold,non_cough,D:\cough_model_train\DATA\non_cough\non_cough_READY\non_cough\non_cough_042785\data.wav,1.5,2.5,train
session_yamnet_review_e67f5692fdd2,P_YAMNET_03aa549831,yamnet_review_gold,non_cough,D:\cough_model_train\DATA\non_cough\FSD50K_Negative_clean\326904.wav,0.5,1.5,train
session_yamnet_review_df662ab29ad4,P_YAMNET_baa977f81c,yamnet_review_gold,non_cough,D:\cough_model_train\DATA\non_cough\non_cough_READY\non_cough\non_cough_023151\data.wav,0.5,1.5,train
session_yamnet_review_131df2a87a65,P_YAMNET_267c63bb44,yamnet_review_gold,non_cough,D:\cough_model_train\DATA\non_cough\FSD50K_Negative_clean\80284.wav,13.0,14.0,train
session_yamnet_review_69e70cdc5a7e,P_YAMNET_743de62742,yamnet_review_gold,non_cough,D:\cough_model_train\DATA\non_cough\non_cough_READY\non_cough\non_cough_043172\data.wav,13.0,14.0,train
session_yamnet_review_c652d9042674,P_YAMNET_2ef35ed3bc,yamnet_review_gold,non_cough,D:\cough_model_train\DATA\non_cough\FSD50K_Negative_clean\60749.wav,0.0,1.0,train
session_yamnet_review_a9f2df4cfe10,P_YAMNET_357099b829,yamnet_review_gold,non_cough,D:\cough_model_train\DATA\non_cough\non_cough_READY\non_cough\non_cough_040433\data.wav,0.0,1.0,train
session_yamnet_review_072f87ec7e5a,P_YAMNET_9151bab507,yamnet_review_gold,non_cough,D:\cough_model_train\DATA\non_cough\FSD50K_Negative_clean\234039.wav,4.5,5.5,train
session_yamnet_review_56e012568075,P_YAMNET_4b85b7af51,yamnet_review_gold,non_cough,D:\cough_model_train\DATA\non_cough\non_cough_READY\non_cough\non_cough_015186\data.wav,4.5,5.5,train
session_yamnet_review_c27d57e97eb3,P_YAMNET_6271f15bfd,yamnet_review_gold,non_cough,D:\cough_model_train\DATA\non_cough\FSD50K_Negative_clean\250054.wav,6.5,7.5,train
session_yamnet_review_8c4951d0b546,P_YAMNET_2a834318b4,yamnet_review_gold,non_cough,D:\cough_model_train\DATA\non_cough\non_cough_READY\non_cough\non_cough_018205\data.wav,6.5,7.5,train
session_yamnet_review_d331cbf40f5a,P_YAMNET_ab8b2b95de,yamnet_review_gold,non_cough,D:\cough_model_train\DATA\non_cough\FSD50K_Negative_clean\100895.wav,8.5,9.5,train
session_yamnet_review_6050743153d0,P_YAMNET_f465485081,yamnet_review_gold,non_cough,D:\cough_model_train\DATA\non_cough\non_cough_1.0_4305\non_cough_000130\data.wav,8.5,9.5,train
session_yamnet_review_d67c59ad6581,P_YAMNET_dcbb8878b6,yamnet_review_gold,non_cough,D:\cough_model_train\DATA\non_cough\FSD50K_Negative_clean\194813.wav,5.5,6.5,train
session_yamnet_review_9270bbb962c9,P_YAMNET_5bc29d17ec,yamnet_review_gold,non_cough,D:\cough_model_train\DATA\non_cough\non_cough_READY\non_cough\non_cough_011386\data.wav,5.5,6.5,train
session_yamnet_review_412d876abd39,P_YAMNET_92d41cb55a,yamnet_review_gold,non_cough,D:\cough_model_train\DATA\non_cough\FSD50K_Negative_clean\387785.wav,0.0,1.0,train
session_yamnet_review_45264b573f17,P_YAMNET_46b9adde9d,yamnet_review_gold,non_cough,D:\cough_model_train\DATA\non_cough\non_cough_READY\non_cough\non_cough_033276\data.wav,0.0,1.0,train
session_yamnet_review_6e6a41260775,P_YAMNET_e2278a7498,yamnet_review_gold,non_cough,D:\cough_model_train\DATA\non_cough\FSD50K_Negative_clean\109713.wav,0.0,1.0,train
session_yamnet_review_decde707b826,P_YAMNET_04e4cbce0b,yamnet_review_gold,non_cough,D:\cough_model_train\DATA\non_cough\non_cough_1.0_4305\non_cough_001032\data.wav,0.0,1.0,train
session_yamnet_review_5684d3ab2c4c,P_YAMNET_1b2ff0b5f1,yamnet_review_gold,non_cough,D:\cough_model_train\DATA\non_cough\FSD50K_Negative_clean\160996.wav,12.0,13.0,train
session_yamnet_review_be13824c49dd,P_YAMNET_2bc0ff0372,yamnet_review_gold,non_cough,D:\cough_model_train\DATA\non_cough\non_cough_READY\non_cough\non_cough_007339\data.wav,12.0,13.0,train
session_yamnet_review_19c1f212d9d9,P_YAMNET_e8df05a98b,yamnet_review_gold,non_cough,D:\cough_model_train\DATA\non_cough\FSD50K_Negative_clean\216534.wav,1.5,2.5,train
session_yamnet_review_fafe3c8b0ce6,P_YAMNET_8195424cde,yamnet_review_gold,non_cough,D:\cough_model_train\DATA\non_cough\non_cough_READY\non_cough\non_cough_013808\data.wav,1.5,2.5,train
session_yamnet_review_95572b9434a8,P_YAMNET_3cd52c2f83,yamnet_review_gold,non_cough,D:\cough_model_train\DATA\non_cough\FSD50K_Negative_clean\67345.wav,2.5,3.5,train
session_yamnet_review_14b8e4c2548e,P_YAMNET_c3e2d8114f,yamnet_review_gold,non_cough,D:\cough_model_train\DATA\non_cough\non_cough_READY\non_cough\non_cough_041500\data.wav,2.5,3.5,train
session_yamnet_review_272007b9991b,P_YAMNET_a362d18901,yamnet_review_gold,non_cough,D:\cough_model_train\DATA\non_cough\FSD50K_Negative_clean\18966.wav,16.0,17.0,train
session_yamnet_review_dbe42edbba3f,P_YAMNET_d1bb94e3e7,yamnet_review_gold,non_cough,D:\cough_model_train\DATA\non_cough\non_cough_READY\non_cough\non_cough_010836\data.wav,16.0,17.0,train
session_yamnet_review_3ce6552bd150,P_YAMNET_c28a7739b8,yamnet_review_gold,non_cough,D:\cough_model_train\DATA\non_cough\FSD50K_Negative_clean\233577.wav,8.0,9.0,train
session_yamnet_review_ca24503f51f1,P_YAMNET_90957a89cd,yamnet_review_gold,non_cough,D:\cough_model_train\DATA\non_cough\non_cough_READY\non_cough\non_cough_015163\data.wav,8.0,9.0,train
session_yamnet_review_899d966c8bbb,P_YAMNET_c30af33b77,yamnet_review_gold,non_cough,D:\cough_model_train\DATA\non_cough\FSD50K_Negative_clean\101881.wav,13.0,14.0,train
session_yamnet_review_ef489a5957e2,P_YAMNET_59e26d577b,yamnet_review_gold,non_cough,D:\cough_model_train\DATA\non_cough\non_cough_1.0_4305\non_cough_000243\data.wav,13.0,14.0,train
session_yamnet_review_1d0e1e1e5b88,P_YAMNET_0688d3bff4,yamnet_review_gold,non_cough,D:\cough_model_train\DATA\non_cough\FSD50K_Negative_clean\31272.wav,0.0,1.0,train
session_yamnet_review_d00300931c1a,P_YAMNET_683ed304f1,yamnet_review_gold,non_cough,D:\cough_model_train\DATA\non_cough\non_cough_READY\non_cough\non_cough_021648\data.wav,0.0,1.0,train
session_yamnet_review_3650dd815e2f,P_YAMNET_9c59634379,yamnet_review_gold,non_cough,D:\cough_model_train\DATA\non_cough\FSD50K_Negative_clean\332211.wav,0.0,1.0,train
session_yamnet_review_d3150684d267,P_YAMNET_b4aece75cb,yamnet_review_gold,non_cough,D:\cough_model_train\DATA\non_cough\non_cough_READY\non_cough\non_cough_023741\data.wav,0.0,1.0,train
session_yamnet_review_54e4d1f26b4b,P_YAMNET_28d6f92ff0,yamnet_review_gold,non_cough,D:\cough_model_train\DATA\non_cough\FSD50K_Negative_clean\362666.wav,4.0,5.0,train
session_yamnet_review_112a162e080f,P_YAMNET_9e24b7b630,yamnet_review_gold,non_cough,D:\cough_model_train\DATA\non_cough\non_cough_READY\non_cough\non_cough_029216\data.wav,4.0,5.0,train
session_yamnet_review_460110a277c1,P_YAMNET_89abf8e94a,yamnet_review_gold,non_cough,D:\cough_model_train\DATA\non_cough\FSD50K_Negative_clean\219773.wav,0.5,1.5,train
session_yamnet_review_b5a7b3287715,P_YAMNET_c7f2c64bce,yamnet_review_gold,non_cough,D:\cough_model_train\DATA\non_cough\non_cough_READY\non_cough\non_cough_014217\data.wav,0.5,1.5,train
session_yamnet_review_9271ebe5ff89,P_YAMNET_50bc653a58,yamnet_review_gold,non_cough,D:\cough_model_train\DATA\non_cough\FSD50K_Negative_clean\86661.wav,17.0,18.0,train
session_yamnet_review_bddc7a37d681,P_YAMNET_e06ce814d0,yamnet_review_gold,non_cough,D:\cough_model_train\DATA\non_cough\non_cough_READY\non_cough\non_cough_043982\data.wav,17.0,18.0,train
session_yamnet_review_23ed2b9d29ea,P_YAMNET_b7b465db02,yamnet_review_gold,non_cough,D:\cough_model_train\DATA\non_cough\FSD50K_Negative_clean\103355.wav,0.0,1.0,train
session_yamnet_review_d17b0f500ed1,P_YAMNET_cb7d76b68a,yamnet_review_gold,non_cough,D:\cough_model_train\DATA\non_cough\non_cough_1.0_4305\non_cough_000384\data.wav,0.0,1.0,train
session_yamnet_review_820b341c1cd9,P_YAMNET_94af80452d,yamnet_review_gold,non_cough,D:\cough_model_train\DATA\non_cough\FSD50K_Negative_clean\259609.wav,15.0,16.0,train
session_yamnet_review_f6c11d298de0,P_YAMNET_ca68957679,yamnet_review_gold,non_cough,D:\cough_model_train\DATA\non_cough\non_cough_READY\non_cough\non_cough_019371\data.wav,15.0,16.0,train
session_yamnet_review_65a11a9fa4ae,P_YAMNET_53a80a7736,yamnet_review_gold,non_cough,D:\cough_model_train\DATA\non_cough\FSD50K_Negative_clean\22437.wav,9.5,10.5,train
session_yamnet_review_bf33e80d8bc4,P_YAMNET_09e184bd39,yamnet_review_gold,non_cough,D:\cough_model_train\DATA\non_cough\non_cough_READY\non_cough\non_cough_014674\data.wav,9.5,10.5,train
session_yamnet_review_26cd6089f30d,P_YAMNET_f447b225bc,yamnet_review_gold,non_cough,D:\cough_model_train\DATA\non_cough\FSD50K_Negative_clean\123747.wav,1.5,2.5,train
session_yamnet_review_d4e677cfe252,P_YAMNET_c903eae09b,yamnet_review_gold,non_cough,D:\cough_model_train\DATA\non_cough\non_cough_1.0_4305\non_cough_002788\data.wav,1.5,2.5,train
session_yamnet_review_f1832f49fc43,P_YAMNET_207b13e5fb,yamnet_review_gold,non_cough,D:\cough_model_train\DATA\non_cough\FSD50K_Negative_clean\365777.wav,1.0,2.0,train
session_yamnet_review_c5248c045dbb,P_YAMNET_223267278d,yamnet_review_gold,non_cough,D:\cough_model_train\DATA\non_cough\non_cough_READY\non_cough\non_cough_029545\data.wav,1.0,2.0,train
session_yamnet_review_0efb13be94f5,P_YAMNET_da3aae442a,yamnet_review_gold,non_cough,D:\cough_model_train\DATA\non_cough\FSD50K_Negative_clean\346685.wav,15.0,16.0,train
session_yamnet_review_a3f23a1c46de,P_YAMNET_316b1a7c28,yamnet_review_gold,non_cough,D:\cough_model_train\DATA\non_cough\non_cough_READY\non_cough\non_cough_025622\data.wav,15.0,16.0,train
session_yamnet_review_ae31f8258461,P_YAMNET_bb063ab50c,yamnet_review_gold,non_cough,D:\cough_model_train\DATA\non_cough\FSD50K_Negative_clean\32250.wav,0.5,1.5,train
session_yamnet_review_3389e6e7d68b,P_YAMNET_c0ee4653c4,yamnet_review_gold,non_cough,D:\cough_model_train\DATA\non_cough\non_cough_READY\non_cough\non_cough_022406\data.wav,0.5,1.5,train
session_yamnet_review_6aec3dece8fb,P_YAMNET_1b2ff0b5f1,yamnet_review_gold,non_cough,D:\cough_model_train\DATA\non_cough\FSD50K_Negative_clean\160996.wav,10.0,11.0,train
session_yamnet_review_c3a57404477f,P_YAMNET_2bc0ff0372,yamnet_review_gold,non_cough,D:\cough_model_train\DATA\non_cough\non_cough_READY\non_cough\non_cough_007339\data.wav,10.0,11.0,train
session_yamnet_review_5a95d6a308f3,P_YAMNET_80952e233f,yamnet_review_gold,non_cough,D:\cough_model_train\DATA\non_cough\FSD50K_Negative_clean\424426.wav,0.5,1.5,train
session_yamnet_review_df06e1e9e5b0,P_YAMNET_df27e328d9,yamnet_review_gold,non_cough,D:\cough_model_train\DATA\non_cough\non_cough_READY\non_cough\non_cough_037306\data.wav,0.5,1.5,train
session_yamnet_review_88c77f2cbbcb,P_YAMNET_46deebdd2c,yamnet_review_gold,non_cough,D:\cough_model_train\DATA\non_cough\FSD50K_Negative_clean\262213.wav,10.0,11.0,train
session_yamnet_review_ed88109e83a5,P_YAMNET_73c1340c12,yamnet_review_gold,non_cough,D:\cough_model_train\DATA\non_cough\non_cough_READY\non_cough\non_cough_019594\data.wav,10.0,11.0,train
session_yamnet_review_4b0c306b770e,P_YAMNET_2a7c71c6b1,yamnet_review_gold,non_cough,D:\cough_model_train\DATA\non_cough\FSD50K_Negative_clean\251885.wav,3.0,4.0,train
session_yamnet_review_3316e8e4d921,P_YAMNET_aa83116a9a,yamnet_review_gold,non_cough,D:\cough_model_train\DATA\non_cough\non_cough_READY\non_cough\non_cough_018477\data.wav,3.0,4.0,train
session_yamnet_review_db92dcee1f99,P_YAMNET_390da64d97,yamnet_review_gold,non_cough,D:\cough_model_train\DATA\non_cough\FSD50K_Negative_clean\213261.wav,0.0,1.0,train
session_yamnet_review_bc9615b20d02,P_YAMNET_a3e46ce813,yamnet_review_gold,non_cough,D:\cough_model_train\DATA\non_cough\non_cough_READY\non_cough\non_cough_013482\data.wav,0.0,1.0,train
session_yamnet_review_5b41135e7422,P_YAMNET_c2b59940be,yamnet_review_gold,non_cough,D:\cough_model_train\DATA\non_cough\FSD50K_Negative_clean\334468.wav,0.0,1.0,train
session_yamnet_review_1de79474cb81,P_YAMNET_acf3b7f848,yamnet_review_gold,non_cough,D:\cough_model_train\DATA\non_cough\non_cough_READY\non_cough\non_cough_023996\data.wav,0.0,1.0,train
session_yamnet_review_a5e9229f1a1f,P_YAMNET_94af80452d,yamnet_review_gold,non_cough,D:\cough_model_train\DATA\non_cough\FSD50K_Negative_clean\259609.wav,10.5,11.5,train
session_yamnet_review_e822f57c865b,P_YAMNET_ca68957679,yamnet_review_gold,non_cough,D:\cough_model_train\DATA\non_cough\non_cough_READY\non_cough\non_cough_019371\data.wav,10.5,11.5,train
session_yamnet_review_2be6000746da,P_YAMNET_3356bf9db2,yamnet_review_gold,non_cough,D:\cough_model_train\DATA\non_cough\FSD50K_Negative_clean\196672.wav,13.5,14.5,train
session_yamnet_review_7a2fd92cd0b7,P_YAMNET_94c7c13cc0,yamnet_review_gold,non_cough,D:\cough_model_train\DATA\non_cough\non_cough_READY\non_cough\non_cough_011647\data.wav,13.5,14.5,train
session_yamnet_review_ba07fcf1c2d2,P_YAMNET_a733491d25,yamnet_review_gold,non_cough,D:\cough_model_train\DATA\non_cough\FSD50K_Negative_clean\106445.wav,1.0,2.0,train
session_yamnet_review_80471687f841,P_YAMNET_688bb8b613,yamnet_review_gold,non_cough,D:\cough_model_train\DATA\non_cough\non_cough_1.0_4305\non_cough_000722\data.wav,1.0,2.0,train
session_yamnet_review_cbea9b44bf41,P_YAMNET_3a7bb1821d,yamnet_review_gold,non_cough,D:\cough_model_train\DATA\non_cough\FSD50K_Negative_clean\362283.wav,12.0,13.0,train
session_yamnet_review_a4c048cf7832,P_YAMNET_4e026b53b9,yamnet_review_gold,non_cough,D:\cough_model_train\DATA\non_cough\non_cough_READY\non_cough\non_cough_029185\data.wav,12.0,13.0,train
session_yamnet_review_76ebd3e06443,P_YAMNET_9dd425304e,yamnet_review_gold,non_cough,D:\cough_model_train\DATA\non_cough\FSD50K_Negative_clean\421874.wav,1.0,2.0,train
session_yamnet_review_c6c25ba8ac82,P_YAMNET_63f1a9f3e9,yamnet_review_gold,non_cough,D:\cough_model_train\DATA\non_cough\non_cough_READY\non_cough\non_cough_037044\data.wav,1.0,2.0,train
session_yamnet_review_3a4c9d90b25a,P_YAMNET_4cbd849545,yamnet_review_gold,non_cough,D:\cough_model_train\DATA\non_cough\FSD50K_Negative_clean\425150.wav,2.5,3.5,train
session_yamnet_review_6aec45d4596e,P_YAMNET_fc3deb391a,yamnet_review_gold,non_cough,D:\cough_model_train\DATA\non_cough\non_cough_READY\non_cough\non_cough_037384\data.wav,2.5,3.5,train
session_yamnet_review_00ef6ca04367,P_YAMNET_abc210fd3b,yamnet_review_gold,non_cough,D:\cough_model_train\DATA\non_cough\FSD50K_Negative_clean\360682.wav,0.0,1.0,train
session_yamnet_review_a26e21ca5c64,P_YAMNET_6f981c81e4,yamnet_review_gold,non_cough,D:\cough_model_train\DATA\non_cough\non_cough_READY\non_cough\non_cough_028954\data.wav,0.0,1.0,train
session_yamnet_review_7337fd47be91,P_YAMNET_e948b6433b,yamnet_review_gold,non_cough,D:\cough_model_train\DATA\non_cough\FSD50K_Negative_clean\54276.wav,11.5,12.5,train
session_yamnet_review_8f052402f294,P_YAMNET_51c5ba0737,yamnet_review_gold,non_cough,D:\cough_model_train\DATA\non_cough\non_cough_READY\non_cough\non_cough_039470\data.wav,11.5,12.5,train
session_yamnet_review_83ee769c1fcb,P_YAMNET_b6acea8ec7,yamnet_review_gold,non_cough,D:\cough_model_train\DATA\non_cough\FSD50K_Negative_clean\315831.wav,2.0,3.0,train
session_yamnet_review_a2c3a988e9d2,P_YAMNET_d26b31eba8,yamnet_review_gold,non_cough,D:\cough_model_train\DATA\non_cough\non_cough_READY\non_cough\non_cough_021706\data.wav,2.0,3.0,train
session_yamnet_review_25821a94f300,P_YAMNET_abd7bea42e,yamnet_review_gold,non_cough,D:\cough_model_train\DATA\non_cough\FSD50K_Negative_clean\252430.wav,0.0,1.0,train
session_yamnet_review_a4252524edea,P_YAMNET_0aa0672a09,yamnet_review_gold,non_cough,D:\cough_model_train\DATA\non_cough\non_cough_READY\non_cough\non_cough_018548\data.wav,0.0,1.0,train
session_yamnet_review_e3c404dbfd8a,P_YAMNET_f7db7a8d25,yamnet_review_gold,non_cough,D:\cough_model_train\DATA\non_cough\FSD50K_Negative_clean\273202.wav,16.0,17.0,train
session_yamnet_review_0deb40946625,P_YAMNET_a6d49f5cbd,yamnet_review_gold,non_cough,D:\cough_model_train\DATA\non_cough\non_cough_READY\non_cough\non_cough_020653\data.wav,16.0,17.0,train
session_yamnet_review_d6db470cee4a,P_YAMNET_50bc653a58,yamnet_review_gold,non_cough,D:\cough_model_train\DATA\non_cough\FSD50K_Negative_clean\86661.wav,2.5,3.5,train
session_yamnet_review_1c3827c3b9c1,P_YAMNET_e06ce814d0,yamnet_review_gold,non_cough,D:\cough_model_train\DATA\non_cough\non_cough_READY\non_cough\non_cough_043982\data.wav,2.5,3.5,train
session_yamnet_review_214760499130,P_YAMNET_344249b632,yamnet_review_gold,non_cough,D:\cough_model_train\DATA\non_cough\FSD50K_Negative_clean\192133.wav,19.0,20.0,train
session_yamnet_review_88fdd0c027d8,P_YAMNET_da32493572,yamnet_review_gold,non_cough,D:\cough_model_train\DATA\non_cough\non_cough_READY\non_cough\non_cough_011092\data.wav,19.0,20.0,train
session_yamnet_review_ba3234eca241,P_YAMNET_fcb943f433,yamnet_review_gold,non_cough,D:\cough_model_train\DATA\non_cough\FSD50K_Negative_clean\67336.wav,0.0,1.0,train
session_yamnet_review_2982d5ef30bb,P_YAMNET_e960321872,yamnet_review_gold,non_cough,D:\cough_model_train\DATA\non_cough\non_cough_READY\non_cough\non_cough_041499\data.wav,0.0,1.0,train
session_yamnet_review_d0aeb837f70f,P_YAMNET_5fe075083e,yamnet_review_gold,non_cough,D:\cough_model_train\DATA\non_cough\FSD50K_Negative_clean\61577.wav,2.5,3.5,train
session_yamnet_review_0f04f489df31,P_YAMNET_73de7f32cc,yamnet_review_gold,non_cough,D:\cough_model_train\DATA\non_cough\non_cough_READY\non_cough\non_cough_040558\data.wav,2.5,3.5,train
session_yamnet_review_23e86a9d2a2d,P_YAMNET_6277399269,yamnet_review_gold,non_cough,D:\cough_model_train\DATA\non_cough\FSD50K_Negative_clean\268269.wav,0.0,1.0,train
session_yamnet_review_677748ec42dc,P_YAMNET_653c76e7b0,yamnet_review_gold,non_cough,D:\cough_model_train\DATA\non_cough\non_cough_READY\non_cough\non_cough_020184\data.wav,0.0,1.0,train
session_yamnet_review_9a389c0614b5,P_YAMNET_cbb677b5bf,yamnet_review_gold,non_cough,D:\cough_model_train\DATA\non_cough\FSD50K_Negative_clean\61834.wav,23.0,24.0,train
session_yamnet_review_6d5a67180698,P_YAMNET_1852047f0a,yamnet_review_gold,non_cough,D:\cough_model_train\DATA\non_cough\non_cough_READY\non_cough\non_cough_040586\data.wav,23.0,24.0,train
session_yamnet_review_46f3a301d047,P_YAMNET_bcd618d3b4,yamnet_review_gold,non_cough,D:\cough_model_train\DATA\non_cough\FSD50K_Negative_clean\76616.wav,1.5,2.5,train
session_yamnet_review_971d1c80392b,P_YAMNET_4a6973d3a3,yamnet_review_gold,non_cough,D:\cough_model_train\DATA\non_cough\non_cough_READY\non_cough\non_cough_042674\data.wav,1.5,2.5,train
session_yamnet_review_f097e7470735,P_YAMNET_c1228e08b7,yamnet_review_gold,non_cough,D:\cough_model_train\DATA\non_cough\FSD50K_Negative_clean\158621.wav,6.0,7.0,train
session_yamnet_review_8ac5d7e71d6f,P_YAMNET_2870aec9cd,yamnet_review_gold,non_cough,D:\cough_model_train\DATA\non_cough\non_cough_READY\non_cough\non_cough_007045\data.wav,6.0,7.0,train
session_yamnet_review_bd57c385d8be,P_YAMNET_da13db964e,yamnet_review_gold,non_cough,D:\cough_model_train\DATA\non_cough\FSD50K_Negative_clean\240333.wav,6.5,7.5,train
session_yamnet_review_0287a0b1950a,P_YAMNET_636b31dd6c,yamnet_review_gold,non_cough,D:\cough_model_train\DATA\non_cough\non_cough_READY\non_cough\non_cough_016425\data.wav,6.5,7.5,train
session_yamnet_review_d176081a0464,P_YAMNET_943af0d6a5,yamnet_review_gold,non_cough,D:\cough_model_train\DATA\non_cough\FSD50K_Negative_clean\159277.wav,6.5,7.5,train
session_yamnet_review_a3d1d9325d97,P_YAMNET_ab84262376,yamnet_review_gold,non_cough,D:\cough_model_train\DATA\non_cough\non_cough_READY\non_cough\non_cough_007133\data.wav,6.5,7.5,train
session_yamnet_review_42d09cd73a1d,P_YAMNET_da13db964e,yamnet_review_gold,non_cough,D:\cough_model_train\DATA\non_cough\FSD50K_Negative_clean\240333.wav,10.0,11.0,train
session_yamnet_review_cbfa6caa604c,P_YAMNET_636b31dd6c,yamnet_review_gold,non_cough,D:\cough_model_train\DATA\non_cough\non_cough_READY\non_cough\non_cough_016425\data.wav,10.0,11.0,train
session_yamnet_review_0d80755456ef,P_YAMNET_aae5d679f4,yamnet_review_gold,non_cough,D:\cough_model_train\DATA\non_cough\FSD50K_Negative_clean\333848.wav,0.0,1.0,train
session_yamnet_review_e22ff7f8b695,P_YAMNET_9b128025eb,yamnet_review_gold,non_cough,D:\cough_model_train\DATA\non_cough\non_cough_READY\non_cough\non_cough_023939\data.wav,0.0,1.0,train
session_yamnet_review_2cbe4d623bf2,P_YAMNET_53eb626cb4,yamnet_review_gold,non_cough,D:\cough_model_train\DATA\non_cough\FSD50K_Negative_clean\319939.wav,5.0,6.0,train
session_yamnet_review_68400e395148,P_YAMNET_1c5ff9a88c,yamnet_review_gold,non_cough,D:\cough_model_train\DATA\non_cough\non_cough_READY\non_cough\non_cough_022067\data.wav,5.0,6.0,train
session_yamnet_review_e5ca806ba7ac,P_YAMNET_da13db964e,yamnet_review_gold,non_cough,D:\cough_model_train\DATA\non_cough\FSD50K_Negative_clean\240333.wav,1.0,2.0,train
session_yamnet_review_e08ef713223c,P_YAMNET_636b31dd6c,yamnet_review_gold,non_cough,D:\cough_model_train\DATA\non_cough\non_cough_READY\non_cough\non_cough_016425\data.wav,1.0,2.0,train
session_yamnet_review_13464d64ed1e,P_YAMNET_da13db964e,yamnet_review_gold,non_cough,D:\cough_model_train\DATA\non_cough\FSD50K_Negative_clean\240333.wav,3.5,4.5,train
session_yamnet_review_75408d8f41d2,P_YAMNET_636b31dd6c,yamnet_review_gold,non_cough,D:\cough_model_train\DATA\non_cough\non_cough_READY\non_cough\non_cough_016425\data.wav,3.5,4.5,train
session_yamnet_review_501e99b9b63b,P_YAMNET_da13db964e,yamnet_review_gold,non_cough,D:\cough_model_train\DATA\non_cough\FSD50K_Negative_clean\240333.wav,5.5,6.5,train
session_yamnet_review_48cd0299bf58,P_YAMNET_636b31dd6c,yamnet_review_gold,non_cough,D:\cough_model_train\DATA\non_cough\non_cough_READY\non_cough\non_cough_016425\data.wav,5.5,6.5,train
session_yamnet_review_cf7dd27822a3,P_YAMNET_1f8a8f91fd,yamnet_review_gold,non_cough,D:\cough_model_train\DATA\non_cough\FSD50K_Negative_clean\120898.wav,9.0,10.0,train
session_yamnet_review_1b52c8219689,P_YAMNET_f25f17443a,yamnet_review_gold,non_cough,D:\cough_model_train\DATA\non_cough\non_cough_1.0_4305\non_cough_002563\data.wav,9.0,10.0,train
session_yamnet_review_e5062d74cfc4,P_YAMNET_1f8a8f91fd,yamnet_review_gold,non_cough,D:\cough_model_train\DATA\non_cough\FSD50K_Negative_clean\120898.wav,6.5,7.5,train
session_yamnet_review_0f9b74fd2358,P_YAMNET_f25f17443a,yamnet_review_gold,non_cough,D:\cough_model_train\DATA\non_cough\non_cough_1.0_4305\non_cough_002563\data.wav,6.5,7.5,train
session_yamnet_review_eb75a61f2f09,P_YAMNET_c1228e08b7,yamnet_review_gold,non_cough,D:\cough_model_train\DATA\non_cough\FSD50K_Negative_clean\158621.wav,9.5,10.5,train
session_yamnet_review_a6c6e537e432,P_YAMNET_2870aec9cd,yamnet_review_gold,non_cough,D:\cough_model_train\DATA\non_cough\non_cough_READY\non_cough\non_cough_007045\data.wav,9.5,10.5,train
session_yamnet_review_5adfa2a1ce60,P_YAMNET_1338210785,yamnet_review_gold,non_cough,D:\cough_model_train\DATA\non_cough\FSD50K_Negative_clean\380695.wav,0.5,1.5,train
session_yamnet_review_4126fd86fe11,P_YAMNET_237dfcee7b,yamnet_review_gold,non_cough,D:\cough_model_train\DATA\non_cough\non_cough_READY\non_cough\non_cough_032187\data.wav,0.5,1.5,train
session_yamnet_review_34fa7f6d8394,P_YAMNET_94f66fd9bc,yamnet_review_gold,non_cough,D:\cough_model_train\DATA\non_cough\FSD50K_Negative_clean\425588.wav,7.0,8.0,train
session_yamnet_review_9014620f1d9e,P_YAMNET_2732e25e37,yamnet_review_gold,non_cough,D:\cough_model_train\DATA\non_cough\non_cough_READY\non_cough\non_cough_037442\data.wav,7.0,8.0,train
session_yamnet_review_dd5f4bedc2f5,P_YAMNET_c1228e08b7,yamnet_review_gold,non_cough,D:\cough_model_train\DATA\non_cough\FSD50K_Negative_clean\158621.wav,5.0,6.0,train
session_yamnet_review_07b948c443b5,P_YAMNET_2870aec9cd,yamnet_review_gold,non_cough,D:\cough_model_train\DATA\non_cough\non_cough_READY\non_cough\non_cough_007045\data.wav,5.0,6.0,train
session_yamnet_review_2b56e7891fe8,P_YAMNET_99539abde5,yamnet_review_gold,non_cough,D:\cough_model_train\DATA\non_cough\FSD50K_Negative_clean\380696.wav,0.5,1.5,train
session_yamnet_review_7d33710797b9,P_YAMNET_3009ba4720,yamnet_review_gold,non_cough,D:\cough_model_train\DATA\non_cough\non_cough_READY\non_cough\non_cough_032188\data.wav,0.5,1.5,train
session_yamnet_review_29612260d359,P_YAMNET_ba51f50ed6,yamnet_review_gold,non_cough,D:\cough_model_train\DATA\non_cough\FSD50K_Negative_clean\333714.wav,0.0,1.0,train
session_yamnet_review_20b38b33bba0,P_YAMNET_edef971fbc,yamnet_review_gold,non_cough,D:\cough_model_train\DATA\non_cough\non_cough_READY\non_cough\non_cough_023891\data.wav,0.0,1.0,train
session_yamnet_review_a3025c17188f,P_YAMNET_94f66fd9bc,yamnet_review_gold,non_cough,D:\cough_model_train\DATA\non_cough\FSD50K_Negative_clean\425588.wav,6.0,7.0,train
session_yamnet_review_8e886c405a91,P_YAMNET_2732e25e37,yamnet_review_gold,non_cough,D:\cough_model_train\DATA\non_cough\non_cough_READY\non_cough\non_cough_037442\data.wav,6.0,7.0,train
session_yamnet_review_d9b4b1de70f0,P_YAMNET_e1649f94ba,yamnet_review_gold,non_cough,D:\cough_model_train\DATA\non_cough\FSD50K_Negative_clean\420117.wav,2.0,3.0,train
session_yamnet_review_25e4d14e642a,P_YAMNET_3f59d12a8e,yamnet_review_gold,non_cough,D:\cough_model_train\DATA\non_cough\non_cough_READY\non_cough\non_cough_036889\data.wav,2.0,3.0,train
session_yamnet_review_bf295aaf74a5,P_YAMNET_de4d07940d,yamnet_review_gold,non_cough,D:\cough_model_train\DATA\non_cough\FSD50K_Negative_clean\200338.wav,6.5,7.5,train
session_yamnet_review_30de284f0088,P_YAMNET_6f1a611211,yamnet_review_gold,non_cough,D:\cough_model_train\DATA\non_cough\non_cough_READY\non_cough\non_cough_012059\data.wav,6.5,7.5,train
session_yamnet_review_7d4febd6e290,P_YAMNET_9af7e063d7,yamnet_review_gold,non_cough,D:\cough_model_train\DATA\non_cough\FSD50K_Negative_clean\116890.wav,0.5,1.5,train
session_yamnet_review_ca04b88083f7,P_YAMNET_c295378746,yamnet_review_gold,non_cough,D:\cough_model_train\DATA\non_cough\non_cough_1.0_4305\non_cough_001705\data.wav,0.5,1.5,train
session_yamnet_review_6082805b3cde,P_YAMNET_de4d07940d,yamnet_review_gold,non_cough,D:\cough_model_train\DATA\non_cough\FSD50K_Negative_clean\200338.wav,5.5,6.5,train
session_yamnet_review_d5384746f645,P_YAMNET_6f1a611211,yamnet_review_gold,non_cough,D:\cough_model_train\DATA\non_cough\non_cough_READY\non_cough\non_cough_012059\data.wav,5.5,6.5,train
session_yamnet_review_fd7b247f250f,P_YAMNET_185bc4c28f,yamnet_review_gold,non_cough,D:\cough_model_train\DATA\non_cough\FSD50K_Negative_clean\274511.wav,0.5,1.5,train
session_yamnet_review_d9e8a15cabed,P_YAMNET_625ba7a4ff,yamnet_review_gold,non_cough,D:\cough_model_train\DATA\non_cough\non_cough_READY\non_cough\non_cough_020851\data.wav,0.5,1.5,train
session_yamnet_review_9298a21c936f,P_YAMNET_c19692dcdf,yamnet_review_gold,non_cough,D:\cough_model_train\DATA\non_cough\FSD50K_Negative_clean\130369.wav,7.5,8.5,train
session_yamnet_review_b43ccca944dc,P_YAMNET_3e994d3398,yamnet_review_gold,non_cough,D:\cough_model_train\DATA\non_cough\non_cough_1.0_4305\non_cough_003442\data.wav,7.5,8.5,train
session_yamnet_review_398515198ba3,P_YAMNET_de97103588,yamnet_review_gold,non_cough,D:\cough_model_train\DATA\non_cough\FSD50K_Negative_clean\110317.wav,18.0,19.0,train
session_yamnet_review_db19125d730c,P_YAMNET_c86346bb81,yamnet_review_gold,non_cough,D:\cough_model_train\DATA\non_cough\non_cough_1.0_4305\non_cough_001124\data.wav,18.0,19.0,train
session_yamnet_review_544f44a78d20,P_YAMNET_de97103588,yamnet_review_gold,non_cough,D:\cough_model_train\DATA\non_cough\FSD50K_Negative_clean\110317.wav,12.5,13.5,train
session_yamnet_review_c7020dd005b7,P_YAMNET_c86346bb81,yamnet_review_gold,non_cough,D:\cough_model_train\DATA\non_cough\non_cough_1.0_4305\non_cough_001124\data.wav,12.5,13.5,train
session_yamnet_review_e7782ded2dee,P_YAMNET_6fcb406a75,yamnet_review_gold,non_cough,D:\cough_model_train\DATA\non_cough\FSD50K_Negative_clean\323564.wav,1.0,2.0,train
session_yamnet_review_d37cf30e52cc,P_YAMNET_bbfaa38022,yamnet_review_gold,non_cough,D:\cough_model_train\DATA\non_cough\non_cough_READY\non_cough\non_cough_022547\data.wav,1.0,2.0,train
session_yamnet_review_e33cbf62d917,P_YAMNET_d42315e5e0,yamnet_review_gold,non_cough,D:\cough_model_train\DATA\non_cough\FSD50K_Negative_clean\161427.wav,5.5,6.5,train
session_yamnet_review_2a675752c017,P_YAMNET_1f2bd9c03d,yamnet_review_gold,non_cough,D:\cough_model_train\DATA\non_cough\non_cough_READY\non_cough\non_cough_007384\data.wav,5.5,6.5,train
session_yamnet_review_619773b2bac3,P_YAMNET_47c10fc24b,yamnet_review_gold,non_cough,D:\cough_model_train\DATA\non_cough\FSD50K_Negative_clean\214516.wav,4.0,5.0,train
session_yamnet_review_05cf5c7a7e80,P_YAMNET_7e2e97f862,yamnet_review_gold,non_cough,D:\cough_model_train\DATA\non_cough\non_cough_READY\non_cough\non_cough_013585\data.wav,4.0,5.0,train
session_yamnet_review_9d12822f54f7,P_YAMNET_c19692dcdf,yamnet_review_gold,non_cough,D:\cough_model_train\DATA\non_cough\FSD50K_Negative_clean\130369.wav,0.5,1.5,train
session_yamnet_review_25ff429803fb,P_YAMNET_3e994d3398,yamnet_review_gold,non_cough,D:\cough_model_train\DATA\non_cough\non_cough_1.0_4305\non_cough_003442\data.wav,0.5,1.5,train
session_yamnet_review_b163ffafc00d,P_YAMNET_91c5268b3c,yamnet_review_gold,non_cough,D:\cough_model_train\DATA\non_cough\FSD50K_Negative_clean\24604.wav,8.0,9.0,train
session_yamnet_review_69daf02f38ee,P_YAMNET_9414dda8f8,yamnet_review_gold,non_cough,D:\cough_model_train\DATA\non_cough\non_cough_READY\non_cough\non_cough_017033\data.wav,8.0,9.0,train
session_yamnet_review_4c1ee199d8fa,P_YAMNET_e22c237e55,yamnet_review_gold,non_cough,D:\cough_model_train\DATA\non_cough\FSD50K_Negative_clean\103173.wav,2.5,3.5,train
session_yamnet_review_8925376c0774,P_YAMNET_3cc3a70f00,yamnet_review_gold,non_cough,D:\cough_model_train\DATA\non_cough\non_cough_1.0_4305\non_cough_000368\data.wav,2.5,3.5,train
session_yamnet_review_c43e0390042e,P_YAMNET_2c54223e57,yamnet_review_gold,non_cough,D:\cough_model_train\DATA\non_cough\FSD50K_Negative_clean\377496.wav,7.5,8.5,train
session_yamnet_review_bf8c8470e8d1,P_YAMNET_21c513098a,yamnet_review_gold,non_cough,D:\cough_model_train\DATA\non_cough\non_cough_READY\non_cough\non_cough_031733\data.wav,7.5,8.5,train
session_yamnet_review_57ef348ea923,P_YAMNET_47c10fc24b,yamnet_review_gold,non_cough,D:\cough_model_train\DATA\non_cough\FSD50K_Negative_clean\214516.wav,12.5,13.5,train
session_yamnet_review_8c8093b99d4e,P_YAMNET_7e2e97f862,yamnet_review_gold,non_cough,D:\cough_model_train\DATA\non_cough\non_cough_READY\non_cough\non_cough_013585\data.wav,12.5,13.5,train
session_yamnet_review_fc6c4d03cf25,P_YAMNET_f56f0563ec,yamnet_review_gold,non_cough,D:\cough_model_train\DATA\non_cough\FSD50K_Negative_clean\265181.wav,8.0,9.0,train
session_yamnet_review_a319c6931f3c,P_YAMNET_0bb25105b7,yamnet_review_gold,non_cough,D:\cough_model_train\DATA\non_cough\non_cough_READY\non_cough\non_cough_019870\data.wav,8.0,9.0,train
session_yamnet_review_b662290196e7,P_YAMNET_5f68db362e,yamnet_review_gold,non_cough,D:\cough_model_train\DATA\non_cough\FSD50K_Negative_clean\60978.wav,5.5,6.5,train
session_yamnet_review_a3e62f8d18a5,P_YAMNET_cd0a334a52,yamnet_review_gold,non_cough,D:\cough_model_train\DATA\non_cough\non_cough_READY\non_cough\non_cough_040490\data.wav,5.5,6.5,train
session_yamnet_review_367322ea36cf,P_YAMNET_de97103588,yamnet_review_gold,non_cough,D:\cough_model_train\DATA\non_cough\FSD50K_Negative_clean\110317.wav,2.0,3.0,train
session_yamnet_review_877873001583,P_YAMNET_c86346bb81,yamnet_review_gold,non_cough,D:\cough_model_train\DATA\non_cough\non_cough_1.0_4305\non_cough_001124\data.wav,2.0,3.0,train
session_yamnet_review_28ee7964d238,P_YAMNET_e22c237e55,yamnet_review_gold,non_cough,D:\cough_model_train\DATA\non_cough\FSD50K_Negative_clean\103173.wav,1.0,2.0,train
session_yamnet_review_836b0cfe583a,P_YAMNET_3cc3a70f00,yamnet_review_gold,non_cough,D:\cough_model_train\DATA\non_cough\non_cough_1.0_4305\non_cough_000368\data.wav,1.0,2.0,train
session_yamnet_review_467c96759d8e,P_YAMNET_c351ff9bd5,yamnet_review_gold,non_cough,D:\cough_model_train\DATA\non_cough\FSD50K_Negative_clean\389247.wav,0.5,1.5,train
session_yamnet_review_93dafc50ba3b,P_YAMNET_06cbb4b4cc,yamnet_review_gold,non_cough,D:\cough_model_train\DATA\non_cough\non_cough_READY\non_cough\non_cough_033461\data.wav,0.5,1.5,train
session_yamnet_review_e620300f40a7,P_YAMNET_70d4b772fd,yamnet_review_gold,non_cough,D:\cough_model_train\DATA\non_cough\FSD50K_Negative_clean\213567.wav,4.5,5.5,train
session_yamnet_review_799be358bc80,P_YAMNET_1e2bb97570,yamnet_review_gold,non_cough,D:\cough_model_train\DATA\non_cough\non_cough_READY\non_cough\non_cough_013508\data.wav,4.5,5.5,train
session_yamnet_review_f79dd4162c6c,P_YAMNET_94f66fd9bc,yamnet_review_gold,non_cough,D:\cough_model_train\DATA\non_cough\FSD50K_Negative_clean\425588.wav,11.0,12.0,train
session_yamnet_review_d3961d373538,P_YAMNET_2732e25e37,yamnet_review_gold,non_cough,D:\cough_model_train\DATA\non_cough\non_cough_READY\non_cough\non_cough_037442\data.wav,11.0,12.0,train
session_yamnet_review_cd841ea2d2fb,P_YAMNET_47c10fc24b,yamnet_review_gold,non_cough,D:\cough_model_train\DATA\non_cough\FSD50K_Negative_clean\214516.wav,9.5,10.5,train
session_yamnet_review_7e5fba2742d2,P_YAMNET_7e2e97f862,yamnet_review_gold,non_cough,D:\cough_model_train\DATA\non_cough\non_cough_READY\non_cough\non_cough_013585\data.wav,9.5,10.5,train
session_yamnet_review_557269800997,P_YAMNET_df14436692,yamnet_review_gold,non_cough,D:\cough_model_train\DATA\non_cough\FSD50K_Negative_clean\257874.wav,1.0,2.0,train
session_yamnet_review_77dcd806e7fb,P_YAMNET_7dae4c0563,yamnet_review_gold,non_cough,D:\cough_model_train\DATA\non_cough\non_cough_READY\non_cough\non_cough_019248\data.wav,1.0,2.0,train
session_yamnet_review_e5cebc0a8e6c,P_YAMNET_b47a6483be,yamnet_review_gold,non_cough,D:\cough_model_train\DATA\non_cough\FSD50K_Negative_clean\119219.wav,1.0,2.0,train
session_yamnet_review_2aacc215f537,P_YAMNET_91f65912c3,yamnet_review_gold,non_cough,D:\cough_model_train\DATA\non_cough\non_cough_1.0_4305\non_cough_002164\data.wav,1.0,2.0,train
session_yamnet_review_e4ed4edfc08f,P_YAMNET_e56cb52f10,yamnet_review_gold,non_cough,D:\cough_model_train\DATA\non_cough\FSD50K_Negative_clean\419267.wav,4.5,5.5,train
session_yamnet_review_7491615f6ef7,P_YAMNET_dd5e859874,yamnet_review_gold,non_cough,D:\cough_model_train\DATA\non_cough\non_cough_READY\non_cough\non_cough_036809\data.wav,4.5,5.5,train
session_yamnet_review_3f3ffa0080cc,P_YAMNET_c19692dcdf,yamnet_review_gold,non_cough,D:\cough_model_train\DATA\non_cough\FSD50K_Negative_clean\130369.wav,8.5,9.5,train
session_yamnet_review_b8bcb6ecfda7,P_YAMNET_3e994d3398,yamnet_review_gold,non_cough,D:\cough_model_train\DATA\non_cough\non_cough_1.0_4305\non_cough_003442\data.wav,8.5,9.5,train
session_yamnet_review_fba19b1f4f3e,P_YAMNET_e56cb52f10,yamnet_review_gold,non_cough,D:\cough_model_train\DATA\non_cough\FSD50K_Negative_clean\419267.wav,6.0,7.0,train
session_yamnet_review_8b94857f3526,P_YAMNET_dd5e859874,yamnet_review_gold,non_cough,D:\cough_model_train\DATA\non_cough\non_cough_READY\non_cough\non_cough_036809\data.wav,6.0,7.0,train
session_yamnet_review_c451919b6cb6,P_YAMNET_47c10fc24b,yamnet_review_gold,non_cough,D:\cough_model_train\DATA\non_cough\FSD50K_Negative_clean\214516.wav,6.0,7.0,train
session_yamnet_review_6ed14fcb31af,P_YAMNET_7e2e97f862,yamnet_review_gold,non_cough,D:\cough_model_train\DATA\non_cough\non_cough_READY\non_cough\non_cough_013585\data.wav,6.0,7.0,train
session_yamnet_review_d995a411034f,P_YAMNET_47c10fc24b,yamnet_review_gold,non_cough,D:\cough_model_train\DATA\non_cough\FSD50K_Negative_clean\214516.wav,13.5,14.5,train
session_yamnet_review_8192754d411b,P_YAMNET_7e2e97f862,yamnet_review_gold,non_cough,D:\cough_model_train\DATA\non_cough\non_cough_READY\non_cough\non_cough_013585\data.wav,13.5,14.5,train
session_yamnet_review_4016a9076037,P_YAMNET_943af0d6a5,yamnet_review_gold,non_cough,D:\cough_model_train\DATA\non_cough\FSD50K_Negative_clean\159277.wav,4.5,5.5,train
session_yamnet_review_33107b4ecdfb,P_YAMNET_ab84262376,yamnet_review_gold,non_cough,D:\cough_model_train\DATA\non_cough\non_cough_READY\non_cough\non_cough_007133\data.wav,4.5,5.5,train
session_yamnet_review_58c72a2cd61a,P_YAMNET_f4524e6daf,yamnet_review_gold,non_cough,D:\cough_model_train\DATA\non_cough\FSD50K_Negative_clean\223321.wav,2.0,3.0,train
session_yamnet_review_1a49f5c61fd1,P_YAMNET_75e18189a6,yamnet_review_gold,non_cough,D:\cough_model_train\DATA\non_cough\non_cough_READY\non_cough\non_cough_014598\data.wav,2.0,3.0,train
session_yamnet_review_d568560853ec,P_YAMNET_2c54223e57,yamnet_review_gold,non_cough,D:\cough_model_train\DATA\non_cough\FSD50K_Negative_clean\377496.wav,4.0,5.0,train
session_yamnet_review_70cc05594476,P_YAMNET_21c513098a,yamnet_review_gold,non_cough,D:\cough_model_train\DATA\non_cough\non_cough_READY\non_cough\non_cough_031733\data.wav,4.0,5.0,train
session_yamnet_review_aec5752183fc,P_YAMNET_c19692dcdf,yamnet_review_gold,non_cough,D:\cough_model_train\DATA\non_cough\FSD50K_Negative_clean\130369.wav,3.0,4.0,train
session_yamnet_review_3459ee390cc9,P_YAMNET_3e994d3398,yamnet_review_gold,non_cough,D:\cough_model_train\DATA\non_cough\non_cough_1.0_4305\non_cough_003442\data.wav,3.0,4.0,train
session_yamnet_review_abfc23cec8c3,P_YAMNET_f51676ef70,yamnet_review_gold,non_cough,D:\cough_model_train\DATA\non_cough\FSD50K_Negative_clean\221522.wav,4.5,5.5,train
session_yamnet_review_979110c3b59b,P_YAMNET_a93debf8ef,yamnet_review_gold,non_cough,D:\cough_model_train\DATA\non_cough\non_cough_READY\non_cough\non_cough_014350\data.wav,4.5,5.5,train
session_yamnet_review_1ce5a1b91322,P_YAMNET_8b8fc0e034,yamnet_review_gold,non_cough,D:\cough_model_train\DATA\non_cough\FSD50K_Negative_clean\210633.wav,8.0,9.0,train
session_yamnet_review_e58e6611a3c0,P_YAMNET_54ca96cecb,yamnet_review_gold,non_cough,D:\cough_model_train\DATA\non_cough\non_cough_READY\non_cough\non_cough_013094\data.wav,8.0,9.0,train
session_yamnet_review_87c7de7b5b9d,P_YAMNET_12ed4eeba3,yamnet_review_gold,non_cough,D:\cough_model_train\DATA\non_cough\FSD50K_Negative_clean\348816.wav,10.0,11.0,train
session_yamnet_review_017c5f497ba6,P_YAMNET_e76d886865,yamnet_review_gold,non_cough,D:\cough_model_train\DATA\non_cough\non_cough_READY\non_cough\non_cough_025907\data.wav,10.0,11.0,train
session_yamnet_review_25595927001b,P_YAMNET_de4d07940d,yamnet_review_gold,non_cough,D:\cough_model_train\DATA\non_cough\FSD50K_Negative_clean\200338.wav,0.0,1.0,train
session_yamnet_review_5ebf16bf5c8a,P_YAMNET_6f1a611211,yamnet_review_gold,non_cough,D:\cough_model_train\DATA\non_cough\non_cough_READY\non_cough\non_cough_012059\data.wav,0.0,1.0,train
session_yamnet_review_bca0f5a810ef,P_YAMNET_e22c237e55,yamnet_review_gold,non_cough,D:\cough_model_train\DATA\non_cough\FSD50K_Negative_clean\103173.wav,0.0,1.0,train
session_yamnet_review_364cee169100,P_YAMNET_3cc3a70f00,yamnet_review_gold,non_cough,D:\cough_model_train\DATA\non_cough\non_cough_1.0_4305\non_cough_000368\data.wav,0.0,1.0,train
session_yamnet_review_af027531b1b7,P_YAMNET_e1649f94ba,yamnet_review_gold,non_cough,D:\cough_model_train\DATA\non_cough\FSD50K_Negative_clean\420117.wav,0.5,1.5,train
session_yamnet_review_f43d4ff230f3,P_YAMNET_3f59d12a8e,yamnet_review_gold,non_cough,D:\cough_model_train\DATA\non_cough\non_cough_READY\non_cough\non_cough_036889\data.wav,0.5,1.5,train
session_yamnet_review_ef42a66334e2,P_YAMNET_e56cb52f10,yamnet_review_gold,non_cough,D:\cough_model_train\DATA\non_cough\FSD50K_Negative_clean\419267.wav,0.5,1.5,train
session_yamnet_review_8f0be563e18e,P_YAMNET_dd5e859874,yamnet_review_gold,non_cough,D:\cough_model_train\DATA\non_cough\non_cough_READY\non_cough\non_cough_036809\data.wav,0.5,1.5,train
session_yamnet_review_e8687accf569,P_YAMNET_de4d07940d,yamnet_review_gold,non_cough,D:\cough_model_train\DATA\non_cough\FSD50K_Negative_clean\200338.wav,4.5,5.5,train
session_yamnet_review_991b7dc9b767,P_YAMNET_6f1a611211,yamnet_review_gold,non_cough,D:\cough_model_train\DATA\non_cough\non_cough_READY\non_cough\non_cough_012059\data.wav,4.5,5.5,train
session_yamnet_review_b99ce091348c,P_YAMNET_a410cff239,yamnet_review_gold,non_cough,D:\cough_model_train\DATA\non_cough\FSD50K_Negative_clean\187091.wav,2.5,3.5,train
session_yamnet_review_2c4e7d1a1c39,P_YAMNET_fcdeae7e93,yamnet_review_gold,non_cough,D:\cough_model_train\DATA\non_cough\non_cough_READY\non_cough\non_cough_010527\data.wav,2.5,3.5,train
session_yamnet_review_e4d935cce1a2,P_YAMNET_53eb626cb4,yamnet_review_gold,non_cough,D:\cough_model_train\DATA\non_cough\FSD50K_Negative_clean\319939.wav,7.5,8.5,train
session_yamnet_review_1a1d1a48e518,P_YAMNET_1c5ff9a88c,yamnet_review_gold,non_cough,D:\cough_model_train\DATA\non_cough\non_cough_READY\non_cough\non_cough_022067\data.wav,7.5,8.5,train
session_yamnet_review_b563bfe048a2,P_YAMNET_de4d07940d,yamnet_review_gold,non_cough,D:\cough_model_train\DATA\non_cough\FSD50K_Negative_clean\200338.wav,7.5,8.5,train
session_yamnet_review_1e98f33d1ad5,P_YAMNET_6f1a611211,yamnet_review_gold,non_cough,D:\cough_model_train\DATA\non_cough\non_cough_READY\non_cough\non_cough_012059\data.wav,7.5,8.5,train
session_yamnet_review_8a15c76f6877,P_YAMNET_5f68db362e,yamnet_review_gold,non_cough,D:\cough_model_train\DATA\non_cough\FSD50K_Negative_clean\60978.wav,6.5,7.5,train
session_yamnet_review_37fa542d52cb,P_YAMNET_cd0a334a52,yamnet_review_gold,non_cough,D:\cough_model_train\DATA\non_cough\non_cough_READY\non_cough\non_cough_040490\data.wav,6.5,7.5,train
session_yamnet_review_fc85c1c4a833,P_YAMNET_937383e443,yamnet_review_gold,non_cough,D:\cough_model_train\DATA\non_cough\FSD50K_Negative_clean\332561.wav,13.5,14.5,train
session_yamnet_review_eda5e270bf88,P_YAMNET_46ec98ce40,yamnet_review_gold,non_cough,D:\cough_model_train\DATA\non_cough\non_cough_READY\non_cough\non_cough_023795\data.wav,13.5,14.5,train
session_yamnet_review_aded4e7737e7,P_YAMNET_70d4b772fd,yamnet_review_gold,non_cough,D:\cough_model_train\DATA\non_cough\FSD50K_Negative_clean\213567.wav,3.5,4.5,train
session_yamnet_review_dda38d1f0d54,P_YAMNET_1e2bb97570,yamnet_review_gold,non_cough,D:\cough_model_train\DATA\non_cough\non_cough_READY\non_cough\non_cough_013508\data.wav,3.5,4.5,train
session_yamnet_review_c2d60bc7d115,P_YAMNET_1bd6b87068,yamnet_review_gold,non_cough,D:\cough_model_train\DATA\non_cough\FSD50K_Negative_clean\388685.wav,0.0,1.0,train
session_yamnet_review_27ea0acd10be,P_YAMNET_777fef3ccd,yamnet_review_gold,non_cough,D:\cough_model_train\DATA\non_cough\non_cough_READY\non_cough\non_cough_033407\data.wav,0.0,1.0,train
session_yamnet_review_f1af306fd33a,P_YAMNET_f51676ef70,yamnet_review_gold,non_cough,D:\cough_model_train\DATA\non_cough\FSD50K_Negative_clean\221522.wav,12.0,13.0,train
session_yamnet_review_9dd85743eb17,P_YAMNET_a93debf8ef,yamnet_review_gold,non_cough,D:\cough_model_train\DATA\non_cough\non_cough_READY\non_cough\non_cough_014350\data.wav,12.0,13.0,train
session_yamnet_review_82cd37f15677,P_YAMNET_e56cb52f10,yamnet_review_gold,non_cough,D:\cough_model_train\DATA\non_cough\FSD50K_Negative_clean\419267.wav,3.5,4.5,train
session_yamnet_review_7afd18b916b0,P_YAMNET_dd5e859874,yamnet_review_gold,non_cough,D:\cough_model_train\DATA\non_cough\non_cough_READY\non_cough\non_cough_036809\data.wav,3.5,4.5,train
session_yamnet_review_ec79cc78ed68,P_YAMNET_2d770a56e4,yamnet_review_gold,non_cough,D:\cough_model_train\DATA\non_cough\FSD50K_Negative_clean\85747.wav,4.5,5.5,train
session_yamnet_review_0136267e6236,P_YAMNET_33801cb9fe,yamnet_review_gold,non_cough,D:\cough_model_train\DATA\non_cough\non_cough_READY\non_cough\non_cough_043829\data.wav,4.5,5.5,train
session_yamnet_review_1f618bf89283,P_YAMNET_f51676ef70,yamnet_review_gold,non_cough,D:\cough_model_train\DATA\non_cough\FSD50K_Negative_clean\221522.wav,7.5,8.5,train
session_yamnet_review_14e6aac66cad,P_YAMNET_a93debf8ef,yamnet_review_gold,non_cough,D:\cough_model_train\DATA\non_cough\non_cough_READY\non_cough\non_cough_014350\data.wav,7.5,8.5,train
session_yamnet_review_f0865c154c9e,P_YAMNET_45682bed57,yamnet_review_gold,non_cough,D:\cough_model_train\DATA\non_cough\FSD50K_Negative_clean\387772.wav,11.5,12.5,train
session_yamnet_review_e7ae88f4cbdc,P_YAMNET_e2ba45c963,yamnet_review_gold,non_cough,D:\cough_model_train\DATA\non_cough\non_cough_READY\non_cough\non_cough_033263\data.wav,11.5,12.5,train
session_yamnet_review_2b34b9c965bc,P_YAMNET_386c54509c,yamnet_review_gold,non_cough,D:\cough_model_train\DATA\non_cough\FSD50K_Negative_clean\194460.wav,0.5,1.5,train
session_yamnet_review_beff5c3faa37,P_YAMNET_7ab37c186a,yamnet_review_gold,non_cough,D:\cough_model_train\DATA\non_cough\non_cough_READY\non_cough\non_cough_011335\data.wav,0.5,1.5,train
session_yamnet_review_c5ca124067b2,P_YAMNET_b8b4224ba3,yamnet_review_gold,non_cough,D:\cough_model_train\DATA\non_cough\FSD50K_Negative_clean\426680.wav,3.0,4.0,train
session_yamnet_review_d80aed10fab6,P_YAMNET_e73367b73a,yamnet_review_gold,non_cough,D:\cough_model_train\DATA\non_cough\non_cough_READY\non_cough\non_cough_037566\data.wav,3.0,4.0,train
session_yamnet_review_66e36e901c09,P_YAMNET_e56cb52f10,yamnet_review_gold,non_cough,D:\cough_model_train\DATA\non_cough\FSD50K_Negative_clean\419267.wav,2.0,3.0,train
session_yamnet_review_42195cd5faf3,P_YAMNET_dd5e859874,yamnet_review_gold,non_cough,D:\cough_model_train\DATA\non_cough\non_cough_READY\non_cough\non_cough_036809\data.wav,2.0,3.0,train
session_yamnet_review_0afdeec33c74,P_YAMNET_de97103588,yamnet_review_gold,non_cough,D:\cough_model_train\DATA\non_cough\FSD50K_Negative_clean\110317.wav,7.0,8.0,train
session_yamnet_review_e71a7f4914b6,P_YAMNET_c86346bb81,yamnet_review_gold,non_cough,D:\cough_model_train\DATA\non_cough\non_cough_1.0_4305\non_cough_001124\data.wav,7.0,8.0,train
session_yamnet_review_40d812fd4b94,P_YAMNET_c7d077c4eb,yamnet_review_gold,non_cough,D:\cough_model_train\DATA\non_cough\FSD50K_Negative_clean\1413.wav,2.5,3.5,train
session_yamnet_review_0a5dbc98e0ce,P_YAMNET_1776d5e703,yamnet_review_gold,non_cough,D:\cough_model_train\DATA\non_cough\non_cough_READY\non_cough\non_cough_004780\data.wav,2.5,3.5,train
session_yamnet_review_5bf5a8fed325,P_YAMNET_dced01feae,yamnet_review_gold,non_cough,D:\cough_model_train\DATA\non_cough\FSD50K_Negative_clean\324339.wav,4.0,5.0,train
session_yamnet_review_d2e476f159da,P_YAMNET_4b62b6e17c,yamnet_review_gold,non_cough,D:\cough_model_train\DATA\non_cough\non_cough_READY\non_cough\non_cough_022644\data.wav,4.0,5.0,train
session_yamnet_review_46be8b21c9a8,P_YAMNET_2461e4ba94,yamnet_review_gold,non_cough,D:\cough_model_train\DATA\non_cough\FSD50K_Negative_clean\373687.wav,0.0,1.0,train
session_yamnet_review_8b92585474ea,P_YAMNET_aed3454a2b,yamnet_review_gold,non_cough,D:\cough_model_train\DATA\non_cough\non_cough_READY\non_cough\non_cough_030904\data.wav,0.0,1.0,train
session_yamnet_review_5501c8a192e9,P_YAMNET_937383e443,yamnet_review_gold,non_cough,D:\cough_model_train\DATA\non_cough\FSD50K_Negative_clean\332561.wav,3.5,4.5,train
session_yamnet_review_17ce5468269c,P_YAMNET_46ec98ce40,yamnet_review_gold,non_cough,D:\cough_model_train\DATA\non_cough\non_cough_READY\non_cough\non_cough_023795\data.wav,3.5,4.5,train
session_yamnet_review_0790df10d347,P_YAMNET_3d13ee2261,yamnet_review_gold,non_cough,D:\cough_model_train\DATA\non_cough\FSD50K_Negative_clean\399666.wav,1.0,2.0,train
session_yamnet_review_95a1705abafb,P_YAMNET_968daf33a5,yamnet_review_gold,non_cough,D:\cough_model_train\DATA\non_cough\non_cough_READY\non_cough\non_cough_034614\data.wav,1.0,2.0,train
session_yamnet_review_3208097c333a,P_YAMNET_b48e73d432,yamnet_review_gold,non_cough,D:\cough_model_train\DATA\non_cough\FSD50K_Negative_clean\251815.wav,2.5,3.5,train
session_yamnet_review_7d82efe083d2,P_YAMNET_4b662730da,yamnet_review_gold,non_cough,D:\cough_model_train\DATA\non_cough\non_cough_READY\non_cough\non_cough_018458\data.wav,2.5,3.5,train
session_yamnet_review_83f2c5226b8c,P_YAMNET_f4524e6daf,yamnet_review_gold,non_cough,D:\cough_model_train\DATA\non_cough\FSD50K_Negative_clean\223321.wav,9.5,10.5,train
session_yamnet_review_34aba782bc30,P_YAMNET_75e18189a6,yamnet_review_gold,non_cough,D:\cough_model_train\DATA\non_cough\non_cough_READY\non_cough\non_cough_014598\data.wav,9.5,10.5,train
session_yamnet_review_c8899c2bc8f3,P_YAMNET_4dd5bad617,yamnet_review_gold,non_cough,D:\cough_model_train\DATA\non_cough\FSD50K_Negative_clean\381460.wav,0.0,1.0,train
session_yamnet_review_f93cad2dbb02,P_YAMNET_469b8c1948,yamnet_review_gold,non_cough,D:\cough_model_train\DATA\non_cough\non_cough_READY\non_cough\non_cough_032270\data.wav,0.0,1.0,train
session_yamnet_review_8bb770062a48,P_YAMNET_1372467d9e,yamnet_review_gold,non_cough,D:\cough_model_train\DATA\non_cough\FSD50K_Negative_clean\69511.wav,0.5,1.5,train
session_yamnet_review_6f61d808eef0,P_YAMNET_27bce74b14,yamnet_review_gold,non_cough,D:\cough_model_train\DATA\non_cough\non_cough_READY\non_cough\non_cough_041786\data.wav,0.5,1.5,train
session_yamnet_review_d7e006265073,P_YAMNET_dced01feae,yamnet_review_gold,non_cough,D:\cough_model_train\DATA\non_cough\FSD50K_Negative_clean\324339.wav,2.5,3.5,train
session_yamnet_review_a255370965df,P_YAMNET_4b62b6e17c,yamnet_review_gold,non_cough,D:\cough_model_train\DATA\non_cough\non_cough_READY\non_cough\non_cough_022644\data.wav,2.5,3.5,train
session_yamnet_review_2ca76937367c,P_YAMNET_f27ff9889b,yamnet_review_gold,non_cough,D:\cough_model_train\DATA\non_cough\FSD50K_Negative_clean\318987.wav,4.5,5.5,train
session_yamnet_review_c6b3c8ee3339,P_YAMNET_d55c80231f,yamnet_review_gold,non_cough,D:\cough_model_train\DATA\non_cough\non_cough_READY\non_cough\non_cough_021974\data.wav,4.5,5.5,train
session_yamnet_review_5837ef8a2ec5,P_YAMNET_2c54223e57,yamnet_review_gold,non_cough,D:\cough_model_train\DATA\non_cough\FSD50K_Negative_clean\377496.wav,1.0,2.0,train
session_yamnet_review_7185656d72c4,P_YAMNET_21c513098a,yamnet_review_gold,non_cough,D:\cough_model_train\DATA\non_cough\non_cough_READY\non_cough\non_cough_031733\data.wav,1.0,2.0,train
session_yamnet_review_c71808ea6436,P_YAMNET_f27ff9889b,yamnet_review_gold,non_cough,D:\cough_model_train\DATA\non_cough\FSD50K_Negative_clean\318987.wav,2.5,3.5,train
session_yamnet_review_6a4b882b999a,P_YAMNET_d55c80231f,yamnet_review_gold,non_cough,D:\cough_model_train\DATA\non_cough\non_cough_READY\non_cough\non_cough_021974\data.wav,2.5,3.5,train
session_yamnet_review_2e59422f7e76,P_YAMNET_2d770a56e4,yamnet_review_gold,non_cough,D:\cough_model_train\DATA\non_cough\FSD50K_Negative_clean\85747.wav,3.5,4.5,train
session_yamnet_review_65b408d36d96,P_YAMNET_33801cb9fe,yamnet_review_gold,non_cough,D:\cough_model_train\DATA\non_cough\non_cough_READY\non_cough\non_cough_043829\data.wav,3.5,4.5,train
session_yamnet_review_85d7b18a3715,P_YAMNET_12ed4eeba3,yamnet_review_gold,non_cough,D:\cough_model_train\DATA\non_cough\FSD50K_Negative_clean\348816.wav,1.5,2.5,train
session_yamnet_review_31787ba7d900,P_YAMNET_e76d886865,yamnet_review_gold,non_cough,D:\cough_model_train\DATA\non_cough\non_cough_READY\non_cough\non_cough_025907\data.wav,1.5,2.5,train
session_yamnet_review_9e97ab7dc9dd,P_YAMNET_a39a9eb528,yamnet_review_gold,non_cough,D:\cough_model_train\DATA\non_cough\FSD50K_Negative_clean\67828.wav,14.5,15.5,train
session_yamnet_review_9fd65e7e9fec,P_YAMNET_a1e9849f8a,yamnet_review_gold,non_cough,D:\cough_model_train\DATA\non_cough\non_cough_READY\non_cough\non_cough_041587\data.wav,14.5,15.5,train
session_yamnet_review_bdd5e183d336,P_YAMNET_f51676ef70,yamnet_review_gold,non_cough,D:\cough_model_train\DATA\non_cough\FSD50K_Negative_clean\221522.wav,0.0,1.0,train
session_yamnet_review_43e253b9284d,P_YAMNET_a93debf8ef,yamnet_review_gold,non_cough,D:\cough_model_train\DATA\non_cough\non_cough_READY\non_cough\non_cough_014350\data.wav,0.0,1.0,train
session_yamnet_review_62acf03c4b7e,P_YAMNET_f27ff9889b,yamnet_review_gold,non_cough,D:\cough_model_train\DATA\non_cough\FSD50K_Negative_clean\318987.wav,0.0,1.0,train
session_yamnet_review_80e74d61a1b3,P_YAMNET_d55c80231f,yamnet_review_gold,non_cough,D:\cough_model_train\DATA\non_cough\non_cough_READY\non_cough\non_cough_021974\data.wav,0.0,1.0,train
session_yamnet_review_c47a229870b8,P_YAMNET_12ed4eeba3,yamnet_review_gold,non_cough,D:\cough_model_train\DATA\non_cough\FSD50K_Negative_clean\348816.wav,12.0,13.0,train
session_yamnet_review_61738e1f0cb5,P_YAMNET_e76d886865,yamnet_review_gold,non_cough,D:\cough_model_train\DATA\non_cough\non_cough_READY\non_cough\non_cough_025907\data.wav,12.0,13.0,train
session_yamnet_review_cd85ea443ada,P_YAMNET_1188443c61,yamnet_review_gold,non_cough,D:\cough_model_train\DATA\non_cough\FSD50K_Negative_clean\250710.wav,1.0,2.0,train
session_yamnet_review_13ebe10631b8,P_YAMNET_8a8d5055ac,yamnet_review_gold,non_cough,D:\cough_model_train\DATA\non_cough\non_cough_READY\non_cough\non_cough_018287\data.wav,1.0,2.0,train
session_yamnet_review_67d54ef12f81,P_YAMNET_f31482cf43,yamnet_review_gold,non_cough,D:\cough_model_train\DATA\non_cough\FSD50K_Negative_clean\360603.wav,14.0,15.0,train
session_yamnet_review_325bd1e582f9,P_YAMNET_e9ce62e512,yamnet_review_gold,non_cough,D:\cough_model_train\DATA\non_cough\non_cough_READY\non_cough\non_cough_028940\data.wav,14.0,15.0,train
session_yamnet_review_bad77b0c459b,P_YAMNET_7773e41cd7,yamnet_review_gold,non_cough,D:\cough_model_train\DATA\non_cough\FSD50K_Negative_clean\338950.wav,0.0,1.0,train
session_yamnet_review_3aa0483efeb2,P_YAMNET_a2a1ca9eed,yamnet_review_gold,non_cough,D:\cough_model_train\DATA\non_cough\non_cough_READY\non_cough\non_cough_024661\data.wav,0.0,1.0,train
session_yamnet_review_92a14a7c113c,P_YAMNET_f187755d7f,yamnet_review_gold,non_cough,D:\cough_model_train\DATA\non_cough\FSD50K_Negative_clean\119344.wav,2.0,3.0,train
session_yamnet_review_a001cfbeb563,P_YAMNET_362972aae3,yamnet_review_gold,non_cough,D:\cough_model_train\DATA\non_cough\non_cough_1.0_4305\non_cough_002284\data.wav,2.0,3.0,train
session_yamnet_review_e723661dd346,P_YAMNET_386c54509c,yamnet_review_gold,non_cough,D:\cough_model_train\DATA\non_cough\FSD50K_Negative_clean\194460.wav,14.0,15.0,train
session_yamnet_review_2944037b750a,P_YAMNET_7ab37c186a,yamnet_review_gold,non_cough,D:\cough_model_train\DATA\non_cough\non_cough_READY\non_cough\non_cough_011335\data.wav,14.0,15.0,train
session_yamnet_review_6e3993387d76,P_YAMNET_f31482cf43,yamnet_review_gold,non_cough,D:\cough_model_train\DATA\non_cough\FSD50K_Negative_clean\360603.wav,1.0,2.0,train
session_yamnet_review_6d1d42bf5e8d,P_YAMNET_e9ce62e512,yamnet_review_gold,non_cough,D:\cough_model_train\DATA\non_cough\non_cough_READY\non_cough\non_cough_028940\data.wav,1.0,2.0,train
session_yamnet_review_e5cd09ac7e6e,P_YAMNET_b67d30b19e,yamnet_review_gold,non_cough,D:\cough_model_train\DATA\non_cough\FSD50K_Negative_clean\381481.wav,0.0,1.0,train
session_yamnet_review_d168516ea29a,P_YAMNET_7d6ab3e63c,yamnet_review_gold,non_cough,D:\cough_model_train\DATA\non_cough\non_cough_READY\non_cough\non_cough_032291\data.wav,0.0,1.0,train
session_yamnet_review_5e61f2875056,P_YAMNET_52bbc74292,yamnet_review_gold,non_cough,D:\cough_model_train\DATA\non_cough\FSD50K_Negative_clean\207196.wav,5.5,6.5,train
session_yamnet_review_9156547c0077,P_YAMNET_c7e6d4cfb0,yamnet_review_gold,non_cough,D:\cough_model_train\DATA\non_cough\non_cough_READY\non_cough\non_cough_012723\data.wav,5.5,6.5,train
session_yamnet_review_098dc6bae497,P_YAMNET_de97103588,yamnet_review_gold,non_cough,D:\cough_model_train\DATA\non_cough\FSD50K_Negative_clean\110317.wav,24.0,25.0,train
session_yamnet_review_a923f4b43000,P_YAMNET_c86346bb81,yamnet_review_gold,non_cough,D:\cough_model_train\DATA\non_cough\non_cough_1.0_4305\non_cough_001124\data.wav,24.0,25.0,train
session_yamnet_review_09f27bd44602,P_YAMNET_51a119d625,yamnet_review_gold,non_cough,D:\cough_model_train\DATA\non_cough\FSD50K_Negative_clean\319964.wav,8.5,9.5,train
session_yamnet_review_79cce4848981,P_YAMNET_0e14290eff,yamnet_review_gold,non_cough,D:\cough_model_train\DATA\non_cough\non_cough_READY\non_cough\non_cough_022073\data.wav,8.5,9.5,train
session_yamnet_review_5861f69708e2,P_YAMNET_f27ff9889b,yamnet_review_gold,non_cough,D:\cough_model_train\DATA\non_cough\FSD50K_Negative_clean\318987.wav,5.5,6.5,train
session_yamnet_review_6a7a9dcbe41c,P_YAMNET_d55c80231f,yamnet_review_gold,non_cough,D:\cough_model_train\DATA\non_cough\non_cough_READY\non_cough\non_cough_021974\data.wav,5.5,6.5,train
session_yamnet_review_6b37fd790014,P_YAMNET_70d4b772fd,yamnet_review_gold,non_cough,D:\cough_model_train\DATA\non_cough\FSD50K_Negative_clean\213567.wav,2.0,3.0,train
session_yamnet_review_60f2460d8a1d,P_YAMNET_1e2bb97570,yamnet_review_gold,non_cough,D:\cough_model_train\DATA\non_cough\non_cough_READY\non_cough\non_cough_013508\data.wav,2.0,3.0,train
session_yamnet_review_3a5d3b54051d,P_YAMNET_6790727a4f,yamnet_review_gold,non_cough,D:\cough_model_train\DATA\non_cough\FSD50K_Negative_clean\71479.wav,0.5,1.5,train
session_yamnet_review_ecb77e8ad748,P_YAMNET_f121527ea0,yamnet_review_gold,non_cough,D:\cough_model_train\DATA\non_cough\non_cough_READY\non_cough\non_cough_042040\data.wav,0.5,1.5,train
session_yamnet_review_7c344efb2fe0,P_YAMNET_1b1340cdf7,yamnet_review_gold,non_cough,D:\cough_model_train\DATA\non_cough\FSD50K_Negative_clean\342926.wav,2.5,3.5,train
session_yamnet_review_6cb53dcaba1d,P_YAMNET_7e5db420b6,yamnet_review_gold,non_cough,D:\cough_model_train\DATA\non_cough\non_cough_READY\non_cough\non_cough_025223\data.wav,2.5,3.5,train
session_yamnet_review_50e7ca090812,P_YAMNET_b93063085f,yamnet_review_gold,non_cough,D:\cough_model_train\DATA\non_cough\FSD50K_Negative_clean\425590.wav,18.0,19.0,train
session_yamnet_review_4cd68fbe4523,P_YAMNET_ef13fca87b,yamnet_review_gold,non_cough,D:\cough_model_train\DATA\non_cough\non_cough_READY\non_cough\non_cough_037443\data.wav,18.0,19.0,train
session_yamnet_review_2a6101016552,P_YAMNET_ea3b9e70d3,yamnet_review_gold,non_cough,D:\cough_model_train\DATA\non_cough\FSD50K_Negative_clean\265579.wav,9.0,10.0,train
session_yamnet_review_e38c7cd17485,P_YAMNET_7756c0cb06,yamnet_review_gold,non_cough,D:\cough_model_train\DATA\non_cough\non_cough_READY\non_cough\non_cough_019902\data.wav,9.0,10.0,train
session_yamnet_review_e0192827c3f7,P_YAMNET_362c107c9c,yamnet_review_gold,non_cough,D:\cough_model_train\DATA\non_cough\FSD50K_Negative_clean\405633.wav,0.5,1.5,train
session_yamnet_review_6892539be452,P_YAMNET_e668de9887,yamnet_review_gold,non_cough,D:\cough_model_train\DATA\non_cough\non_cough_READY\non_cough\non_cough_035321\data.wav,0.5,1.5,train
session_yamnet_review_d46f510a108d,P_YAMNET_eceaf25cdb,yamnet_review_gold,non_cough,D:\cough_model_train\DATA\non_cough\FSD50K_Negative_clean\418782.wav,2.0,3.0,train
session_yamnet_review_588fce4674a6,P_YAMNET_fd2f6239b3,yamnet_review_gold,non_cough,D:\cough_model_train\DATA\non_cough\non_cough_READY\non_cough\non_cough_036734\data.wav,2.0,3.0,train
session_yamnet_review_85b8c41b1488,P_YAMNET_d56f95bdeb,yamnet_review_gold,non_cough,D:\cough_model_train\DATA\non_cough\FSD50K_Negative_clean\390340.wav,9.0,10.0,train
session_yamnet_review_1cdf7b7dba59,P_YAMNET_3643eb150d,yamnet_review_gold,non_cough,D:\cough_model_train\DATA\non_cough\non_cough_READY\non_cough\non_cough_033615\data.wav,9.0,10.0,train
session_yamnet_review_46f734c8aaee,P_YAMNET_e506b2a4af,yamnet_review_gold,non_cough,D:\cough_model_train\DATA\non_cough\FSD50K_Negative_clean\117941.wav,26.0,27.0,train
session_yamnet_review_f8c5398ff9de,P_YAMNET_4a43163bf5,yamnet_review_gold,non_cough,D:\cough_model_train\DATA\non_cough\non_cough_1.0_4305\non_cough_001893\data.wav,26.0,27.0,train
session_yamnet_review_53e44871da62,P_YAMNET_50ea2a3420,yamnet_review_gold,non_cough,D:\cough_model_train\DATA\non_cough\FSD50K_Negative_clean\139334.wav,4.0,5.0,train
session_yamnet_review_b11000f35417,P_YAMNET_c7fc6f70f0,yamnet_review_gold,non_cough,D:\cough_model_train\DATA\non_cough\non_cough_READY\non_cough\non_cough_004619\data.wav,4.0,5.0,train
session_yamnet_review_194d4ebc8e60,P_YAMNET_9c73ca58a1,yamnet_review_gold,non_cough,D:\cough_model_train\DATA\non_cough\FSD50K_Negative_clean\165645.wav,3.5,4.5,train
session_yamnet_review_af9da2d21d32,P_YAMNET_d82e197fb7,yamnet_review_gold,non_cough,D:\cough_model_train\DATA\non_cough\non_cough_READY\non_cough\non_cough_007969\data.wav,3.5,4.5,train
session_yamnet_review_49a6019d0f91,P_YAMNET_28fbe4b0ad,yamnet_review_gold,non_cough,D:\cough_model_train\DATA\non_cough\FSD50K_Negative_clean\347763.wav,1.5,2.5,train
session_yamnet_review_01542a9d5d83,P_YAMNET_3af6182061,yamnet_review_gold,non_cough,D:\cough_model_train\DATA\non_cough\non_cough_READY\non_cough\non_cough_025774\data.wav,1.5,2.5,train
session_yamnet_review_ab2567ff96b8,P_YAMNET_4403176f50,yamnet_review_gold,non_cough,D:\cough_model_train\DATA\non_cough\FSD50K_Negative_clean\335760.wav,2.0,3.0,train
session_yamnet_review_1cf61cb49af5,P_YAMNET_add5f685c8,yamnet_review_gold,non_cough,D:\cough_model_train\DATA\non_cough\non_cough_READY\non_cough\non_cough_024136\data.wav,2.0,3.0,train
session_yamnet_review_b8d1874466ec,P_YAMNET_ace274cddf,yamnet_review_gold,non_cough,D:\cough_model_train\DATA\non_cough\FSD50K_Negative_clean\237359.wav,1.5,2.5,train
session_yamnet_review_178ed0419293,P_YAMNET_75328ee288,yamnet_review_gold,non_cough,D:\cough_model_train\DATA\non_cough\non_cough_READY\non_cough\non_cough_015927\data.wav,1.5,2.5,train
session_yamnet_review_bbc3415ccd11,P_YAMNET_e685e550aa,yamnet_review_gold,non_cough,D:\cough_model_train\DATA\non_cough\FSD50K_Negative_clean\347353.wav,0.0,1.0,train
session_yamnet_review_2ba3b352a6ed,P_YAMNET_06cb79abdf,yamnet_review_gold,non_cough,D:\cough_model_train\DATA\non_cough\non_cough_READY\non_cough\non_cough_025732\data.wav,0.0,1.0,train
session_yamnet_review_c6b8eab7c55e,P_YAMNET_4ee2f73a27,yamnet_review_gold,non_cough,D:\cough_model_train\DATA\non_cough\FSD50K_Negative_clean\407693.wav,2.5,3.5,train
session_yamnet_review_7805fe15727c,P_YAMNET_851aacc1f2,yamnet_review_gold,non_cough,D:\cough_model_train\DATA\non_cough\non_cough_READY\non_cough\non_cough_035600\data.wav,2.5,3.5,train
session_yamnet_review_b55646982205,P_YAMNET_ad9780f7bd,yamnet_review_gold,non_cough,D:\cough_model_train\DATA\non_cough\FSD50K_Negative_clean\221543.wav,0.0,0.946812,train
session_yamnet_review_52103122fe05,P_YAMNET_19b5378108,yamnet_review_gold,non_cough,D:\cough_model_train\DATA\non_cough\non_cough_READY\non_cough\non_cough_014359\data.wav,0.0,0.946812,train
session_yamnet_review_1bc144a526e6,P_YAMNET_735ba7f62d,yamnet_review_gold,non_cough,D:\cough_model_train\DATA\non_cough\FSD50K_Negative_clean\386268.wav,2.5,3.5,train
session_yamnet_review_da9422b12147,P_YAMNET_e069d7d1cf,yamnet_review_gold,non_cough,D:\cough_model_train\DATA\non_cough\non_cough_READY\non_cough\non_cough_032998\data.wav,2.5,3.5,train
session_yamnet_review_4a76b8b816ff,P_YAMNET_7e06f38601,yamnet_review_gold,non_cough,D:\cough_model_train\DATA\non_cough\FSD50K_Negative_clean\51720.wav,13.5,14.5,train
session_yamnet_review_8503de6d66bf,P_YAMNET_a8bc5b3905,yamnet_review_gold,non_cough,D:\cough_model_train\DATA\non_cough\non_cough_READY\non_cough\non_cough_039205\data.wav,13.5,14.5,train
session_yamnet_review_32db1b2cb51b,P_YAMNET_2f5b4f0a85,yamnet_review_gold,non_cough,D:\cough_model_train\DATA\non_cough\FSD50K_Negative_clean\108750.wav,11.5,12.5,train
session_yamnet_review_fa806ef67f13,P_YAMNET_9b3bcd23a9,yamnet_review_gold,non_cough,D:\cough_model_train\DATA\non_cough\non_cough_1.0_4305\non_cough_000955\data.wav,11.5,12.5,train
session_yamnet_review_e15e64a226c1,P_YAMNET_46a05ba971,yamnet_review_gold,non_cough,D:\cough_model_train\DATA\non_cough\FSD50K_Negative_clean\399131.wav,8.0,9.0,train
session_yamnet_review_4b42b88e97c7,P_YAMNET_a134d584de,yamnet_review_gold,non_cough,D:\cough_model_train\DATA\non_cough\non_cough_READY\non_cough\non_cough_034542\data.wav,8.0,9.0,train
session_yamnet_review_f64b6d557167,P_YAMNET_e2278a7498,yamnet_review_gold,non_cough,D:\cough_model_train\DATA\non_cough\FSD50K_Negative_clean\109713.wav,3.5,4.5,train
session_yamnet_review_8a22898fe363,P_YAMNET_04e4cbce0b,yamnet_review_gold,non_cough,D:\cough_model_train\DATA\non_cough\non_cough_1.0_4305\non_cough_001032\data.wav,3.5,4.5,train
session_yamnet_review_622f3f73746f,P_YAMNET_50c6b7d0f9,yamnet_review_gold,non_cough,D:\cough_model_train\DATA\non_cough\FSD50K_Negative_clean\389270.wav,3.0,4.0,train
session_yamnet_review_b50cc75373e4,P_YAMNET_70644db26a,yamnet_review_gold,non_cough,D:\cough_model_train\DATA\non_cough\non_cough_READY\non_cough\non_cough_033465\data.wav,3.0,4.0,train
session_yamnet_review_c45274dc8b27,P_YAMNET_037d0d9b96,yamnet_review_gold,non_cough,D:\cough_model_train\DATA\non_cough\FSD50K_Negative_clean\84746.wav,2.5,3.5,train
session_yamnet_review_1c4847183bd8,P_YAMNET_455a1d4eb7,yamnet_review_gold,non_cough,D:\cough_model_train\DATA\non_cough\non_cough_READY\non_cough\non_cough_043660\data.wav,2.5,3.5,train
session_yamnet_review_8baf6512f13d,P_YAMNET_e1649f94ba,yamnet_review_gold,non_cough,D:\cough_model_train\DATA\non_cough\FSD50K_Negative_clean\420117.wav,9.5,10.5,train
session_yamnet_review_d3be93c9dd13,P_YAMNET_3f59d12a8e,yamnet_review_gold,non_cough,D:\cough_model_train\DATA\non_cough\non_cough_READY\non_cough\non_cough_036889\data.wav,9.5,10.5,train
session_yamnet_review_860b0fec336c,P_YAMNET_8e95bbb13e,yamnet_review_gold,non_cough,D:\cough_model_train\DATA\non_cough\FSD50K_Negative_clean\254000.wav,5.5,6.5,train
session_yamnet_review_6a93d95725af,P_YAMNET_14bd67f86f,yamnet_review_gold,non_cough,D:\cough_model_train\DATA\non_cough\non_cough_READY\non_cough\non_cough_018742\data.wav,5.5,6.5,train
session_yamnet_review_adbda7d58d54,P_YAMNET_50fa0a1d42,yamnet_review_gold,non_cough,D:\cough_model_train\DATA\non_cough\FSD50K_Negative_clean\108853.wav,4.0,5.0,train
session_yamnet_review_28f7778d85eb,P_YAMNET_b9320188d0,yamnet_review_gold,non_cough,D:\cough_model_train\DATA\non_cough\non_cough_1.0_4305\non_cough_000969\data.wav,4.0,5.0,train
session_yamnet_review_8fa05f50f1bd,P_YAMNET_78ed06add8,yamnet_review_gold,non_cough,D:\cough_model_train\DATA\non_cough\FSD50K_Negative_clean\360900.wav,3.0,4.0,train
session_yamnet_review_55f9f14dbb8a,P_YAMNET_230aabca2b,yamnet_review_gold,non_cough,D:\cough_model_train\DATA\non_cough\non_cough_READY\non_cough\non_cough_028984\data.wav,3.0,4.0,train
session_yamnet_review_902fefcf90c4,P_YAMNET_bcd618d3b4,yamnet_review_gold,non_cough,D:\cough_model_train\DATA\non_cough\FSD50K_Negative_clean\76616.wav,0.5,1.5,train
session_yamnet_review_bbb11db2eab1,P_YAMNET_4a6973d3a3,yamnet_review_gold,non_cough,D:\cough_model_train\DATA\non_cough\non_cough_READY\non_cough\non_cough_042674\data.wav,0.5,1.5,train
session_yamnet_review_f8e2707a3cda,P_YAMNET_3a2dc0c9d7,yamnet_review_gold,non_cough,D:\cough_model_train\DATA\non_cough\FSD50K_Negative_clean\249708.wav,9.5,10.5,train
session_yamnet_review_541f6bb71158,P_YAMNET_0df857a5be,yamnet_review_gold,non_cough,D:\cough_model_train\DATA\non_cough\non_cough_READY\non_cough\non_cough_018163\data.wav,9.5,10.5,train
session_yamnet_review_279a279564c5,P_YAMNET_ff25e98496,yamnet_review_gold,non_cough,D:\cough_model_train\DATA\non_cough\FSD50K_Negative_clean\195089.wav,6.5,7.5,train
session_yamnet_review_bad82d4cbbbe,P_YAMNET_234ea2a542,yamnet_review_gold,non_cough,D:\cough_model_train\DATA\non_cough\non_cough_READY\non_cough\non_cough_011432\data.wav,6.5,7.5,train
session_yamnet_review_d6c72e315cca,P_YAMNET_c2b59940be,yamnet_review_gold,non_cough,D:\cough_model_train\DATA\non_cough\FSD50K_Negative_clean\334468.wav,17.0,18.0,train
session_yamnet_review_fdbcfbf69636,P_YAMNET_acf3b7f848,yamnet_review_gold,non_cough,D:\cough_model_train\DATA\non_cough\non_cough_READY\non_cough\non_cough_023996\data.wav,17.0,18.0,train
session_yamnet_review_3d59b396a829,P_YAMNET_b85a47dc34,yamnet_review_gold,non_cough,D:\cough_model_train\DATA\non_cough\FSD50K_Negative_clean\35876.wav,6.0,7.0,train
session_yamnet_review_143ee24981c1,P_YAMNET_6781d4431d,yamnet_review_gold,non_cough,D:\cough_model_train\DATA\non_cough\non_cough_READY\non_cough\non_cough_028509\data.wav,6.0,7.0,train
session_yamnet_review_be51cda6feb0,P_YAMNET_11c088d601,yamnet_review_gold,non_cough,D:\cough_model_train\DATA\non_cough\FSD50K_Negative_clean\123748.wav,0.5,1.5,train
session_yamnet_review_716688240ea5,P_YAMNET_b1742c1ce7,yamnet_review_gold,non_cough,D:\cough_model_train\DATA\non_cough\non_cough_1.0_4305\non_cough_002789\data.wav,0.5,1.5,train
session_yamnet_review_8c1b55363a94,P_YAMNET_19dae22188,yamnet_review_gold,non_cough,D:\cough_model_train\DATA\non_cough\FSD50K_Negative_clean\399134.wav,8.5,9.5,train
session_yamnet_review_518ebfc44a36,P_YAMNET_4985ec6a9e,yamnet_review_gold,non_cough,D:\cough_model_train\DATA\non_cough\non_cough_READY\non_cough\non_cough_034545\data.wav,8.5,9.5,train
session_yamnet_review_f3456c4f1829,P_YAMNET_345057556b,yamnet_review_gold,non_cough,D:\cough_model_train\DATA\non_cough\FSD50K_Negative_clean\326109.wav,3.0,4.0,train
session_yamnet_review_11000a9bd3d8,P_YAMNET_c7180f1102,yamnet_review_gold,non_cough,D:\cough_model_train\DATA\non_cough\non_cough_READY\non_cough\non_cough_022992\data.wav,3.0,4.0,train
session_yamnet_review_96366b6aa4c7,P_YAMNET_386c54509c,yamnet_review_gold,non_cough,D:\cough_model_train\DATA\non_cough\FSD50K_Negative_clean\194460.wav,19.5,20.5,train
session_yamnet_review_c7b1846565ab,P_YAMNET_7ab37c186a,yamnet_review_gold,non_cough,D:\cough_model_train\DATA\non_cough\non_cough_READY\non_cough\non_cough_011335\data.wav,19.5,20.5,train
session_yamnet_review_475f94001da3,P_YAMNET_67ac6db280,yamnet_review_gold,non_cough,D:\cough_model_train\DATA\non_cough\FSD50K_Negative_clean\136492.wav,9.0,10.0,train
session_yamnet_review_5ff76cfcbdea,P_YAMNET_c59c492cfd,yamnet_review_gold,non_cough,D:\cough_model_train\DATA\non_cough\non_cough_1.0_4305\non_cough_004053\data.wav,9.0,10.0,train
session_yamnet_review_ec8aa08290f3,P_YAMNET_78b81d0382,yamnet_review_gold,non_cough,D:\cough_model_train\DATA\non_cough\FSD50K_Negative_clean\218055.wav,5.5,6.5,train
session_yamnet_review_9d2215cbf816,P_YAMNET_7fafd8b96d,yamnet_review_gold,non_cough,D:\cough_model_train\DATA\non_cough\non_cough_READY\non_cough\non_cough_013979\data.wav,5.5,6.5,train
session_yamnet_review_c260ddc27377,P_YAMNET_67325a9868,yamnet_review_gold,non_cough,D:\cough_model_train\DATA\non_cough\FSD50K_Negative_clean\76600.wav,0.5,1.5,train
session_yamnet_review_794d709fe24b,P_YAMNET_a7f6e49b65,yamnet_review_gold,non_cough,D:\cough_model_train\DATA\non_cough\non_cough_READY\non_cough\non_cough_042660\data.wav,0.5,1.5,train
session_yamnet_review_196c6ddb1b70,P_YAMNET_3f38aa24c7,yamnet_review_gold,non_cough,D:\cough_model_train\DATA\non_cough\FSD50K_Negative_clean\261854.wav,0.5,1.5,train
session_yamnet_review_204c65ecca5d,P_YAMNET_b95b0e8235,yamnet_review_gold,non_cough,D:\cough_model_train\DATA\non_cough\non_cough_READY\non_cough\non_cough_019569\data.wav,0.5,1.5,train
session_yamnet_review_3352c267695e,P_YAMNET_27b299b609,yamnet_review_gold,non_cough,D:\cough_model_train\DATA\non_cough\FSD50K_Negative_clean\108856.wav,13.5,14.5,train
session_yamnet_review_e2640bf8b088,P_YAMNET_dfa842cd53,yamnet_review_gold,non_cough,D:\cough_model_train\DATA\non_cough\non_cough_1.0_4305\non_cough_000971\data.wav,13.5,14.5,train
session_yamnet_review_1afb7ef97d97,P_YAMNET_e8df05a98b,yamnet_review_gold,non_cough,D:\cough_model_train\DATA\non_cough\FSD50K_Negative_clean\216534.wav,14.0,15.0,train
session_yamnet_review_1fbd0fe9dd3f,P_YAMNET_8195424cde,yamnet_review_gold,non_cough,D:\cough_model_train\DATA\non_cough\non_cough_READY\non_cough\non_cough_013808\data.wav,14.0,15.0,train
session_yamnet_review_60538999efce,P_YAMNET_05cf781d70,yamnet_review_gold,non_cough,D:\cough_model_train\DATA\non_cough\FSD50K_Negative_clean\80285.wav,4.0,5.0,train
session_yamnet_review_0470f3924d5a,P_YAMNET_8527ac4819,yamnet_review_gold,non_cough,D:\cough_model_train\DATA\non_cough\non_cough_READY\non_cough\non_cough_043173\data.wav,4.0,5.0,train
session_yamnet_review_a2ab3ec658c4,P_YAMNET_1b2ff0b5f1,yamnet_review_gold,non_cough,D:\cough_model_train\DATA\non_cough\FSD50K_Negative_clean\160996.wav,18.0,19.0,train
session_yamnet_review_65e90d28f3c6,P_YAMNET_2bc0ff0372,yamnet_review_gold,non_cough,D:\cough_model_train\DATA\non_cough\non_cough_READY\non_cough\non_cough_007339\data.wav,18.0,19.0,train
session_yamnet_review_9a60912c2149,P_YAMNET_27f10c99fa,yamnet_review_gold,non_cough,D:\cough_model_train\DATA\non_cough\FSD50K_Negative_clean\378695.wav,1.0,2.0,train
session_yamnet_review_9ddb5846f368,P_YAMNET_2a85992477,yamnet_review_gold,non_cough,D:\cough_model_train\DATA\non_cough\non_cough_READY\non_cough\non_cough_031944\data.wav,1.0,2.0,train
session_yamnet_review_e34bb413cbdd,P_YAMNET_4e4c04c11b,yamnet_review_gold,non_cough,D:\cough_model_train\DATA\non_cough\FSD50K_Negative_clean\219766.wav,1.0,2.0,train
session_yamnet_review_4dbbbc5e9b85,P_YAMNET_bdb3a74fe4,yamnet_review_gold,non_cough,D:\cough_model_train\DATA\non_cough\non_cough_READY\non_cough\non_cough_014215\data.wav,1.0,2.0,train
session_yamnet_review_535f8f2c8a84,P_YAMNET_4a1d594b7a,yamnet_review_gold,non_cough,D:\cough_model_train\DATA\non_cough\FSD50K_Negative_clean\177252.wav,5.0,6.0,train
session_yamnet_review_38f257056797,P_YAMNET_e15a65b781,yamnet_review_gold,non_cough,D:\cough_model_train\DATA\non_cough\non_cough_READY\non_cough\non_cough_009265\data.wav,5.0,6.0,train
session_yamnet_review_c908876dcdfc,P_YAMNET_4989285cd9,yamnet_review_gold,non_cough,D:\cough_model_train\DATA\non_cough\FSD50K_Negative_clean\212427.wav,1.0,2.0,train
session_yamnet_review_243eb2bfc789,P_YAMNET_a6ff044f3d,yamnet_review_gold,non_cough,D:\cough_model_train\DATA\non_cough\non_cough_READY\non_cough\non_cough_013357\data.wav,1.0,2.0,train
session_yamnet_review_2e523c536fc2,P_YAMNET_4e74306669,yamnet_review_gold,non_cough,D:\cough_model_train\DATA\non_cough\FSD50K_Negative_clean\67332.wav,2.5,3.5,train
session_yamnet_review_d7a05c003058,P_YAMNET_8935e168ea,yamnet_review_gold,non_cough,D:\cough_model_train\DATA\non_cough\non_cough_READY\non_cough\non_cough_041496\data.wav,2.5,3.5,train
session_yamnet_review_3a21b46fcf32,P_YAMNET_53b4a2fd0a,yamnet_review_gold,non_cough,D:\cough_model_train\DATA\non_cough\FSD50K_Negative_clean\406089.wav,1.0,2.0,train
session_yamnet_review_4baf1a04547c,P_YAMNET_b8587be616,yamnet_review_gold,non_cough,D:\cough_model_train\DATA\non_cough\non_cough_READY\non_cough\non_cough_035370\data.wav,1.0,2.0,train
session_yamnet_review_1b42045088d5,P_YAMNET_a3ca7b9dce,yamnet_review_gold,non_cough,D:\cough_model_train\DATA\non_cough\FSD50K_Negative_clean\264351.wav,2.5,3.5,train
session_yamnet_review_e898e7128077,P_YAMNET_8efb92e71d,yamnet_review_gold,non_cough,D:\cough_model_train\DATA\non_cough\non_cough_READY\non_cough\non_cough_019802\data.wav,2.5,3.5,train
session_yamnet_review_b626ff250fb1,P_YAMNET_9151bab507,yamnet_review_gold,non_cough,D:\cough_model_train\DATA\non_cough\FSD50K_Negative_clean\234039.wav,1.5,2.5,train
session_yamnet_review_bdb1f7d057c1,P_YAMNET_4b85b7af51,yamnet_review_gold,non_cough,D:\cough_model_train\DATA\non_cough\non_cough_READY\non_cough\non_cough_015186\data.wav,1.5,2.5,train
session_yamnet_review_5b7fed5b387a,P_YAMNET_61939cfdbe,yamnet_review_gold,non_cough,D:\cough_model_train\DATA\non_cough\FSD50K_Negative_clean\339625.wav,1.5,2.5,train
session_yamnet_review_a44bbf8c8b2a,P_YAMNET_f49466ff62,yamnet_review_gold,non_cough,D:\cough_model_train\DATA\non_cough\non_cough_READY\non_cough\non_cough_024714\data.wav,1.5,2.5,train
session_yamnet_review_dcb1d713add9,P_YAMNET_3ab81d5ff4,yamnet_review_gold,non_cough,D:\cough_model_train\DATA\non_cough\FSD50K_Negative_clean\223521.wav,3.5,4.5,train
session_yamnet_review_6cc8d871e305,P_YAMNET_fd5d3ebb01,yamnet_review_gold,non_cough,D:\cough_model_train\DATA\non_cough\non_cough_READY\non_cough\non_cough_014621\data.wav,3.5,4.5,train
session_yamnet_review_398a111b0003,P_YAMNET_9d8d09a30e,yamnet_review_gold,non_cough,D:\cough_model_train\DATA\non_cough\FSD50K_Negative_clean\343169.wav,0.5,1.5,train
session_yamnet_review_360e36be60d2,P_YAMNET_b975edb652,yamnet_review_gold,non_cough,D:\cough_model_train\DATA\non_cough\non_cough_READY\non_cough\non_cough_025242\data.wav,0.5,1.5,train
session_yamnet_review_3c1bb55627dd,P_YAMNET_9c59634379,yamnet_review_gold,non_cough,D:\cough_model_train\DATA\non_cough\FSD50K_Negative_clean\332211.wav,6.0,7.0,train
session_yamnet_review_676c13d528b0,P_YAMNET_b4aece75cb,yamnet_review_gold,non_cough,D:\cough_model_train\DATA\non_cough\non_cough_READY\non_cough\non_cough_023741\data.wav,6.0,7.0,train
session_yamnet_review_c84614b7124f,P_YAMNET_877c0882e5,yamnet_review_gold,non_cough,D:\cough_model_train\DATA\non_cough\FSD50K_Negative_clean\418785.wav,3.5,4.5,train
session_yamnet_review_f818800ee4bd,P_YAMNET_db3b028736,yamnet_review_gold,non_cough,D:\cough_model_train\DATA\non_cough\non_cough_READY\non_cough\non_cough_036737\data.wav,3.5,4.5,train
session_yamnet_review_53d6093cc388,P_YAMNET_d11d41e59e,yamnet_review_gold,non_cough,D:\cough_model_train\DATA\non_cough\FSD50K_Negative_clean\239068.wav,3.0,4.0,train
session_yamnet_review_71dac5193009,P_YAMNET_e996905826,yamnet_review_gold,non_cough,D:\cough_model_train\DATA\non_cough\non_cough_READY\non_cough\non_cough_016157\data.wav,3.0,4.0,train
session_yamnet_review_fe9b3d2c1fb1,P_YAMNET_51f826e4be,yamnet_review_gold,non_cough,D:\cough_model_train\DATA\non_cough\FSD50K_Negative_clean\395593.wav,25.5,26.5,train
session_yamnet_review_eb8d025466bb,P_YAMNET_25064ae779,yamnet_review_gold,non_cough,D:\cough_model_train\DATA\non_cough\non_cough_READY\non_cough\non_cough_034207\data.wav,25.5,26.5,train
session_yamnet_review_3bd71707097b,P_YAMNET_5af718be2b,yamnet_review_gold,non_cough,D:\cough_model_train\DATA\non_cough\FSD50K_Negative_clean\362665.wav,6.0,7.0,train
session_yamnet_review_234793e49d6d,P_YAMNET_83df9f2624,yamnet_review_gold,non_cough,D:\cough_model_train\DATA\non_cough\non_cough_READY\non_cough\non_cough_029215\data.wav,6.0,7.0,train
session_yamnet_review_3ad635f2d14d,P_YAMNET_c776408905,yamnet_review_gold,non_cough,D:\cough_model_train\DATA\non_cough\FSD50K_Negative_clean\394772.wav,4.5,5.5,train
session_yamnet_review_96ec069a7271,P_YAMNET_a00c323334,yamnet_review_gold,non_cough,D:\cough_model_train\DATA\non_cough\non_cough_READY\non_cough\non_cough_034105\data.wav,4.5,5.5,train
session_yamnet_review_db3d77cdfbc8,P_YAMNET_1da5ffa19e,yamnet_review_gold,non_cough,D:\cough_model_train\DATA\non_cough\FSD50K_Negative_clean\96825.wav,5.5,6.5,train
session_yamnet_review_7481c0fc24ba,P_YAMNET_5ca2e731af,yamnet_review_gold,non_cough,D:\cough_model_train\DATA\non_cough\non_cough_READY\non_cough\non_cough_045309\data.wav,5.5,6.5,train
session_yamnet_review_00cbb20aa22c,P_YAMNET_119896530f,yamnet_review_gold,non_cough,D:\cough_model_train\DATA\non_cough\FSD50K_Negative_clean\170211.wav,9.0,10.0,train
session_yamnet_review_2036db7008ca,P_YAMNET_2c10526079,yamnet_review_gold,non_cough,D:\cough_model_train\DATA\non_cough\non_cough_READY\non_cough\non_cough_008424\data.wav,9.0,10.0,train
session_yamnet_review_d439718c5385,P_YAMNET_bf4c68c311,yamnet_review_gold,non_cough,D:\cough_model_train\DATA\non_cough\FSD50K_Negative_clean\64556.wav,0.0,1.0,train
session_yamnet_review_e2368aef0a98,P_YAMNET_339d5701b2,yamnet_review_gold,non_cough,D:\cough_model_train\DATA\non_cough\non_cough_READY\non_cough\non_cough_041081\data.wav,0.0,1.0,train
session_yamnet_review_a3ad847aa105,P_YAMNET_227b0780af,yamnet_review_gold,non_cough,D:\cough_model_train\DATA\non_cough\FSD50K_Negative_clean\380634.wav,4.0,5.0,train
session_yamnet_review_8d1eb87848ba,P_YAMNET_4183dd257b,yamnet_review_gold,non_cough,D:\cough_model_train\DATA\non_cough\non_cough_READY\non_cough\non_cough_032168\data.wav,4.0,5.0,train
session_yamnet_review_5693a7d18aa9,P_YAMNET_89abf8e94a,yamnet_review_gold,non_cough,D:\cough_model_train\DATA\non_cough\FSD50K_Negative_clean\219773.wav,2.0,3.0,train
session_yamnet_review_e6d0fd5394f3,P_YAMNET_c7f2c64bce,yamnet_review_gold,non_cough,D:\cough_model_train\DATA\non_cough\non_cough_READY\non_cough\non_cough_014217\data.wav,2.0,3.0,train
session_yamnet_review_ca35f6b96a34,P_YAMNET_b0c7eefdf6,yamnet_review_gold,non_cough,D:\cough_model_train\DATA\non_cough\FSD50K_Negative_clean\215674.wav,4.5,5.5,train
session_yamnet_review_f3fff270277a,P_YAMNET_ecede26595,yamnet_review_gold,non_cough,D:\cough_model_train\DATA\non_cough\non_cough_READY\non_cough\non_cough_013662\data.wav,4.5,5.5,train
session_yamnet_review_e99a7ebcdc99,P_YAMNET_6eb6bcf419,yamnet_review_gold,non_cough,D:\cough_model_train\DATA\non_cough\FSD50K_Negative_clean\377118.wav,0.0,1.0,train
session_yamnet_review_61a5bad64e2c,P_YAMNET_51218d516b,yamnet_review_gold,non_cough,D:\cough_model_train\DATA\non_cough\non_cough_READY\non_cough\non_cough_031680\data.wav,0.0,1.0,train
session_yamnet_review_a265833781f6,P_YAMNET_6c0485f2e7,yamnet_review_gold,non_cough,D:\cough_model_train\DATA\non_cough\FSD50K_Negative_clean\108854.wav,2.0,3.0,train
session_yamnet_review_23ed06f1d246,P_YAMNET_5d83a5e4c4,yamnet_review_gold,non_cough,D:\cough_model_train\DATA\non_cough\non_cough_1.0_4305\non_cough_000970\data.wav,2.0,3.0,train
session_yamnet_review_a5a06151afb4,P_YAMNET_1002d6cfbb,yamnet_review_gold,non_cough,D:\cough_model_train\DATA\non_cough\FSD50K_Negative_clean\238580.wav,5.5,6.5,train
session_yamnet_review_c79bbf36d417,P_YAMNET_ce562771f3,yamnet_review_gold,non_cough,D:\cough_model_train\DATA\non_cough\non_cough_READY\non_cough\non_cough_016072\data.wav,5.5,6.5,train
session_yamnet_review_3f7750f26598,P_YAMNET_8e848b27bb,yamnet_review_gold,non_cough,D:\cough_model_train\DATA\non_cough\FSD50K_Negative_clean\432187.wav,4.5,5.5,train
session_yamnet_review_738acdd74bd3,P_YAMNET_4d81177a53,yamnet_review_gold,non_cough,D:\cough_model_train\DATA\non_cough\non_cough_READY\non_cough\non_cough_038012\data.wav,4.5,5.5,train
session_yamnet_review_2622b572f552,P_YAMNET_494dfd94f7,yamnet_review_gold,non_cough,D:\cough_model_train\DATA\non_cough\FSD50K_Negative_clean\76611.wav,0.5,1.5,train
session_yamnet_review_e3644bd672b1,P_YAMNET_193ec7f9ba,yamnet_review_gold,non_cough,D:\cough_model_train\DATA\non_cough\non_cough_READY\non_cough\non_cough_042670\data.wav,0.5,1.5,train
session_yamnet_review_a48d344304ce,P_YAMNET_e12f96f56b,yamnet_review_gold,non_cough,D:\cough_model_train\DATA\non_cough\FSD50K_Negative_clean\252517.wav,4.0,5.0,train
session_yamnet_review_2ea3232b4542,P_YAMNET_df31224788,yamnet_review_gold,non_cough,D:\cough_model_train\DATA\non_cough\non_cough_READY\non_cough\non_cough_018571\data.wav,4.0,5.0,train
session_yamnet_review_6aba0fd727a2,P_YAMNET_fcd74ceee3,yamnet_review_gold,non_cough,D:\cough_model_train\DATA\non_cough\FSD50K_Negative_clean\277594.wav,1.5,2.5,train
session_yamnet_review_82080a69adc6,P_YAMNET_c8009617ed,yamnet_review_gold,non_cough,D:\cough_model_train\DATA\non_cough\non_cough_READY\non_cough\non_cough_021229\data.wav,1.5,2.5,train
session_yamnet_review_870816353727,P_YAMNET_db6144a4d9,yamnet_review_gold,non_cough,D:\cough_model_train\DATA\non_cough\FSD50K_Negative_clean\100884.wav,2.5,3.5,train
session_yamnet_review_89b4cce2854c,P_YAMNET_a14175694f,yamnet_review_gold,non_cough,D:\cough_model_train\DATA\non_cough\non_cough_1.0_4305\non_cough_000125\data.wav,2.5,3.5,train
session_yamnet_review_61ab12e43767,P_YAMNET_4056a85be9,yamnet_review_gold,non_cough,D:\cough_model_train\DATA\non_cough\FSD50K_Negative_clean\431141.wav,3.0,4.0,train
session_yamnet_review_7f9c72094c30,P_YAMNET_f87b0127af,yamnet_review_gold,non_cough,D:\cough_model_train\DATA\non_cough\non_cough_READY\non_cough\non_cough_037930\data.wav,3.0,4.0,train
session_yamnet_review_e7dc35ee68bb,P_YAMNET_8129349a37,yamnet_review_gold,non_cough,D:\cough_model_train\DATA\non_cough\FSD50K_Negative_clean\67334.wav,1.5,2.5,train
session_yamnet_review_f3cf35712edb,P_YAMNET_502459dbd2,yamnet_review_gold,non_cough,D:\cough_model_train\DATA\non_cough\non_cough_READY\non_cough\non_cough_041498\data.wav,1.5,2.5,train
session_yamnet_review_cef0cdef2516,P_YAMNET_344249b632,yamnet_review_gold,non_cough,D:\cough_model_train\DATA\non_cough\FSD50K_Negative_clean\192133.wav,12.5,13.5,train
session_yamnet_review_2674ad012d70,P_YAMNET_da32493572,yamnet_review_gold,non_cough,D:\cough_model_train\DATA\non_cough\non_cough_READY\non_cough\non_cough_011092\data.wav,12.5,13.5,train
session_yamnet_review_4d7098d9cf70,P_YAMNET_4961813423,yamnet_review_gold,non_cough,D:\cough_model_train\DATA\non_cough\FSD50K_Negative_clean\109653.wav,0.5,1.5,train
session_yamnet_review_5db931297e10,P_YAMNET_ba8d44ffd7,yamnet_review_gold,non_cough,D:\cough_model_train\DATA\non_cough\non_cough_1.0_4305\non_cough_001030\data.wav,0.5,1.5,train
session_yamnet_review_5af1e74bf54f,P_YAMNET_1a00dc2074,yamnet_review_gold,non_cough,D:\cough_model_train\DATA\non_cough\FSD50K_Negative_clean\180049.wav,7.5,8.5,train
session_yamnet_review_55aa6d00171a,P_YAMNET_3b86ff8d6d,yamnet_review_gold,non_cough,D:\cough_model_train\DATA\non_cough\non_cough_READY\non_cough\non_cough_009554\data.wav,7.5,8.5,train
session_yamnet_review_1cf846afb528,P_YAMNET_77fa028036,yamnet_review_gold,non_cough,D:\cough_model_train\DATA\non_cough\FSD50K_Negative_clean\4227.wav,3.0,4.0,train
session_yamnet_review_458e490897e1,P_YAMNET_f41c34ea07,yamnet_review_gold,non_cough,D:\cough_model_train\DATA\non_cough\non_cough_READY\non_cough\non_cough_037148\data.wav,3.0,4.0,train
session_yamnet_review_a28e5e67d3a1,P_YAMNET_783ff19ea4,yamnet_review_gold,non_cough,D:\cough_model_train\DATA\non_cough\FSD50K_Negative_clean\222597.wav,1.0,2.0,train
session_yamnet_review_46967d8aba27,P_YAMNET_eab03898bd,yamnet_review_gold,non_cough,D:\cough_model_train\DATA\non_cough\non_cough_READY\non_cough\non_cough_014540\data.wav,1.0,2.0,train
session_yamnet_review_258b5dcf90a7,P_YAMNET_14b44ebdd9,yamnet_review_gold,non_cough,D:\cough_model_train\DATA\non_cough\FSD50K_Negative_clean\67333.wav,0.0,1.0,train
session_yamnet_review_325d71f5a39a,P_YAMNET_1b32baf189,yamnet_review_gold,non_cough,D:\cough_model_train\DATA\non_cough\non_cough_READY\non_cough\non_cough_041497\data.wav,0.0,1.0,train
session_yamnet_review_78b1460417f9,P_YAMNET_ab8b2b95de,yamnet_review_gold,non_cough,D:\cough_model_train\DATA\non_cough\FSD50K_Negative_clean\100895.wav,18.5,19.5,train
session_yamnet_review_ae1ca6b5da70,P_YAMNET_f465485081,yamnet_review_gold,non_cough,D:\cough_model_train\DATA\non_cough\non_cough_1.0_4305\non_cough_000130\data.wav,18.5,19.5,train
session_yamnet_review_77530aea17d8,P_YAMNET_72c12037c3,yamnet_review_gold,non_cough,D:\cough_model_train\DATA\non_cough\FSD50K_Negative_clean\73329.wav,7.0,8.0,train
session_yamnet_review_6ecef71bc901,P_YAMNET_ce2d97f825,yamnet_review_gold,non_cough,D:\cough_model_train\DATA\non_cough\non_cough_READY\non_cough\non_cough_042284\data.wav,7.0,8.0,train
session_yamnet_review_8e93cd42c299,P_YAMNET_c28a7739b8,yamnet_review_gold,non_cough,D:\cough_model_train\DATA\non_cough\FSD50K_Negative_clean\233577.wav,11.5,12.5,train
session_yamnet_review_7bcdc0db2e15,P_YAMNET_90957a89cd,yamnet_review_gold,non_cough,D:\cough_model_train\DATA\non_cough\non_cough_READY\non_cough\non_cough_015163\data.wav,11.5,12.5,train
session_yamnet_review_6266e773af0f,P_YAMNET_c1c840a7d7,yamnet_review_gold,non_cough,D:\cough_model_train\DATA\non_cough\FSD50K_Negative_clean\234041.wav,4.0,5.0,train
session_yamnet_review_b7cac7699469,P_YAMNET_6d5aabd8c0,yamnet_review_gold,non_cough,D:\cough_model_train\DATA\non_cough\non_cough_READY\non_cough\non_cough_015187\data.wav,4.0,5.0,train
session_yamnet_review_3e96fec48887,P_YAMNET_ba5ef2bb0d,yamnet_review_gold,non_cough,D:\cough_model_train\DATA\non_cough\FSD50K_Negative_clean\339243.wav,0.0,1.0,train
session_yamnet_review_e55a22edad43,P_YAMNET_cff1d73e1b,yamnet_review_gold,non_cough,D:\cough_model_train\DATA\non_cough\non_cough_READY\non_cough\non_cough_024683\data.wav,0.0,1.0,train
session_yamnet_review_c3bd17964aa4,P_YAMNET_fef9b00c22,yamnet_review_gold,non_cough,D:\cough_model_train\DATA\non_cough\FSD50K_Negative_clean\195220.wav,3.5,4.5,train
session_yamnet_review_44522498e61a,P_YAMNET_3221e877ba,yamnet_review_gold,non_cough,D:\cough_model_train\DATA\non_cough\non_cough_READY\non_cough\non_cough_011448\data.wav,3.5,4.5,train
session_yamnet_review_cfcb4b78e17b,P_YAMNET_9d70beb035,yamnet_review_gold,non_cough,D:\cough_model_train\DATA\non_cough\FSD50K_Negative_clean\109822.wav,0.0,1.0,train
session_yamnet_review_ac6ad02f6258,P_YAMNET_888f225135,yamnet_review_gold,non_cough,D:\cough_model_train\DATA\non_cough\non_cough_1.0_4305\non_cough_001060\data.wav,0.0,1.0,train
session_yamnet_review_ab21cc38231b,P_YAMNET_0c76687c50,yamnet_review_gold,non_cough,D:\cough_model_train\DATA\non_cough\FSD50K_Negative_clean\210004.wav,4.5,5.5,train
session_yamnet_review_89d91f9bae3b,P_YAMNET_c008c8a404,yamnet_review_gold,non_cough,D:\cough_model_train\DATA\non_cough\non_cough_READY\non_cough\non_cough_013045\data.wav,4.5,5.5,train
session_yamnet_review_492fb22d388c,P_YAMNET_f447b225bc,yamnet_review_gold,non_cough,D:\cough_model_train\DATA\non_cough\FSD50K_Negative_clean\123747.wav,1.0,2.0,train
session_yamnet_review_e471ec7ea171,P_YAMNET_c903eae09b,yamnet_review_gold,non_cough,D:\cough_model_train\DATA\non_cough\non_cough_1.0_4305\non_cough_002788\data.wav,1.0,2.0,train
session_yamnet_review_e36d236478a6,P_YAMNET_0180542b8e,yamnet_review_gold,non_cough,D:\cough_model_train\DATA\non_cough\FSD50K_Negative_clean\240324.wav,0.5,1.5,train
session_yamnet_review_f2a9996ca405,P_YAMNET_da8649fde5,yamnet_review_gold,non_cough,D:\cough_model_train\DATA\non_cough\non_cough_READY\non_cough\non_cough_016424\data.wav,0.5,1.5,train
session_yamnet_review_4ca6cca4cd4b,P_YAMNET_207b13e5fb,yamnet_review_gold,non_cough,D:\cough_model_train\DATA\non_cough\FSD50K_Negative_clean\365777.wav,0.5,1.5,train
session_yamnet_review_69756756dc25,P_YAMNET_223267278d,yamnet_review_gold,non_cough,D:\cough_model_train\DATA\non_cough\non_cough_READY\non_cough\non_cough_029545\data.wav,0.5,1.5,train
session_yamnet_review_e4cafe75a98a,P_YAMNET_9dd425304e,yamnet_review_gold,non_cough,D:\cough_model_train\DATA\non_cough\FSD50K_Negative_clean\421874.wav,0.5,1.5,train
session_yamnet_review_3c776af09346,P_YAMNET_63f1a9f3e9,yamnet_review_gold,non_cough,D:\cough_model_train\DATA\non_cough\non_cough_READY\non_cough\non_cough_037044\data.wav,0.5,1.5,train
session_yamnet_review_d6b7a2c02eb2,P_YAMNET_267c63bb44,yamnet_review_gold,non_cough,D:\cough_model_train\DATA\non_cough\FSD50K_Negative_clean\80284.wav,21.0,22.0,train
session_yamnet_review_359c81676de6,P_YAMNET_743de62742,yamnet_review_gold,non_cough,D:\cough_model_train\DATA\non_cough\non_cough_READY\non_cough\non_cough_043172\data.wav,21.0,22.0,train
session_yamnet_review_362f3f9fdf04,P_YAMNET_eb8516424b,yamnet_review_gold,non_cough,D:\cough_model_train\DATA\non_cough\FSD50K_Negative_clean\191944.wav,20.5,21.5,train
session_yamnet_review_d13264fa15ec,P_YAMNET_6dc6564368,yamnet_review_gold,non_cough,D:\cough_model_train\DATA\non_cough\non_cough_READY\non_cough\non_cough_011063\data.wav,20.5,21.5,train
session_yamnet_review_0d57d48f70ba,P_YAMNET_eceaf25cdb,yamnet_review_gold,non_cough,D:\cough_model_train\DATA\non_cough\FSD50K_Negative_clean\418782.wav,3.5,4.5,train
session_yamnet_review_4986eb2ee116,P_YAMNET_fd2f6239b3,yamnet_review_gold,non_cough,D:\cough_model_train\DATA\non_cough\non_cough_READY\non_cough\non_cough_036734\data.wav,3.5,4.5,train
session_yamnet_review_971af7bcbfe9,P_YAMNET_28d6f92ff0,yamnet_review_gold,non_cough,D:\cough_model_train\DATA\non_cough\FSD50K_Negative_clean\362666.wav,8.0,9.0,train
session_yamnet_review_d31285f75859,P_YAMNET_9e24b7b630,yamnet_review_gold,non_cough,D:\cough_model_train\DATA\non_cough\non_cough_READY\non_cough\non_cough_029216\data.wav,8.0,9.0,train
session_yamnet_review_39919c34c880,P_YAMNET_f6081f47ff,yamnet_review_gold,non_cough,D:\cough_model_train\DATA\non_cough\FSD50K_Negative_clean\69543.wav,5.0,6.0,train
session_yamnet_review_2974363effba,P_YAMNET_3b89237b77,yamnet_review_gold,non_cough,D:\cough_model_train\DATA\non_cough\non_cough_READY\non_cough\non_cough_041788\data.wav,5.0,6.0,train
session_yamnet_review_4333474bf59c,P_YAMNET_10977a9019,yamnet_review_gold,non_cough,D:\cough_model_train\DATA\non_cough\FSD50K_Negative_clean\326889.wav,10.0,11.0,train
session_yamnet_review_f71b698fc8b3,P_YAMNET_b3b6408cf4,yamnet_review_gold,non_cough,D:\cough_model_train\DATA\non_cough\non_cough_READY\non_cough\non_cough_023148\data.wav,10.0,11.0,train
session_yamnet_review_cf5bb0bc80bb,P_YAMNET_a9c8944c66,yamnet_review_gold,non_cough,D:\cough_model_train\DATA\non_cough\FSD50K_Negative_clean\8157.wav,19.0,20.0,train
session_yamnet_review_68621015dacc,P_YAMNET_2ba0cd5ff0,yamnet_review_gold,non_cough,D:\cough_model_train\DATA\non_cough\non_cough_READY\non_cough\non_cough_043308\data.wav,19.0,20.0,train
session_yamnet_review_d435c732386b,P_YAMNET_b7b465db02,yamnet_review_gold,non_cough,D:\cough_model_train\DATA\non_cough\FSD50K_Negative_clean\103355.wav,4.0,5.0,train
session_yamnet_review_53b0a2ac6222,P_YAMNET_cb7d76b68a,yamnet_review_gold,non_cough,D:\cough_model_train\DATA\non_cough\non_cough_1.0_4305\non_cough_000384\data.wav,4.0,5.0,train
session_yamnet_review_4a82f728eb5a,P_YAMNET_5ee13276c9,yamnet_review_gold,non_cough,D:\cough_model_train\DATA\non_cough\FSD50K_Negative_clean\391300.wav,7.5,8.5,train
session_yamnet_review_4dfd4684ee13,P_YAMNET_82b58fbbb5,yamnet_review_gold,non_cough,D:\cough_model_train\DATA\non_cough\non_cough_READY\non_cough\non_cough_033720\data.wav,7.5,8.5,train
session_yamnet_review_a44511a513d7,P_YAMNET_4cbd849545,yamnet_review_gold,non_cough,D:\cough_model_train\DATA\non_cough\FSD50K_Negative_clean\425150.wav,13.5,14.5,train
session_yamnet_review_742082a0c8b7,P_YAMNET_fc3deb391a,yamnet_review_gold,non_cough,D:\cough_model_train\DATA\non_cough\non_cough_READY\non_cough\non_cough_037384\data.wav,13.5,14.5,train
session_yamnet_review_7bf825f42efd,P_YAMNET_69e539e30c,yamnet_review_gold,non_cough,D:\cough_model_train\DATA\non_cough\FSD50K_Negative_clean\223526.wav,26.5,27.5,train
session_yamnet_review_8436876c535b,P_YAMNET_54bde361c8,yamnet_review_gold,non_cough,D:\cough_model_train\DATA\non_cough\non_cough_READY\non_cough\non_cough_014622\data.wav,26.5,27.5,train
session_yamnet_review_bad76be8bfb0,P_YAMNET_aafee02cbe,yamnet_review_gold,non_cough,D:\cough_model_train\DATA\non_cough\FSD50K_Negative_clean\168688.wav,6.0,7.0,train
session_yamnet_review_07e2e3184ac0,P_YAMNET_9477f3fdee,yamnet_review_gold,non_cough,D:\cough_model_train\DATA\non_cough\non_cough_READY\non_cough\non_cough_008293\data.wav,6.0,7.0,train
session_yamnet_review_fe9cfd8925ab,P_YAMNET_7bc883452d,yamnet_review_gold,non_cough,D:\cough_model_train\DATA\non_cough\FSD50K_Negative_clean\239070.wav,1.5,2.5,train
session_yamnet_review_7df96dcc1d2f,P_YAMNET_986466346f,yamnet_review_gold,non_cough,D:\cough_model_train\DATA\non_cough\non_cough_READY\non_cough\non_cough_016160\data.wav,1.5,2.5,train
session_yamnet_review_8bd61a205e47,P_YAMNET_6d4e72abfc,yamnet_review_gold,non_cough,D:\cough_model_train\DATA\non_cough\FSD50K_Negative_clean\35881.wav,0.5,1.5,train
session_yamnet_review_9849ea0d07b9,P_YAMNET_50f5518754,yamnet_review_gold,non_cough,D:\cough_model_train\DATA\non_cough\non_cough_READY\non_cough\non_cough_028516\data.wav,0.5,1.5,train
session_yamnet_review_259de1b67f89,P_YAMNET_0a2ef5e113,yamnet_review_gold,non_cough,D:\cough_model_train\DATA\non_cough\FSD50K_Negative_clean\416652.wav,4.0,5.0,train
session_yamnet_review_6aba075625ce,P_YAMNET_52187f07d7,yamnet_review_gold,non_cough,D:\cough_model_train\DATA\non_cough\non_cough_READY\non_cough\non_cough_036533\data.wav,4.0,5.0,train
session_yamnet_review_e17fa02365d4,P_YAMNET_5a67688ba9,yamnet_review_gold,non_cough,D:\cough_model_train\DATA\non_cough\FSD50K_Negative_clean\238582.wav,0.5,1.5,train
session_yamnet_review_63bf7e807b12,P_YAMNET_a46e066983,yamnet_review_gold,non_cough,D:\cough_model_train\DATA\non_cough\non_cough_READY\non_cough\non_cough_016074\data.wav,0.5,1.5,train
session_yamnet_review_d21172e6e9e7,P_YAMNET_29eafee1cf,yamnet_review_gold,non_cough,D:\cough_model_train\DATA\non_cough\FSD50K_Negative_clean\112064.wav,10.5,11.5,train
session_yamnet_review_a20b209f46ce,P_YAMNET_8984cdf763,yamnet_review_gold,non_cough,D:\cough_model_train\DATA\non_cough\non_cough_1.0_4305\non_cough_001276\data.wav,10.5,11.5,train
session_yamnet_review_45cce7075dcf,P_YAMNET_c11ca0f77d,yamnet_review_gold,non_cough,D:\cough_model_train\DATA\non_cough\FSD50K_Negative_clean\239464.wav,3.5,4.5,train
session_yamnet_review_af1a83b70019,P_YAMNET_b03b81f278,yamnet_review_gold,non_cough,D:\cough_model_train\DATA\non_cough\non_cough_READY\non_cough\non_cough_016244\data.wav,3.5,4.5,train
session_yamnet_review_38199ddb561b,P_YAMNET_7053fb1d70,yamnet_review_gold,non_cough,D:\cough_model_train\DATA\non_cough\FSD50K_Negative_clean\204947.wav,1.5,2.5,train
session_yamnet_review_4cd5eaca2b39,P_YAMNET_15ab8ce5f9,yamnet_review_gold,non_cough,D:\cough_model_train\DATA\non_cough\non_cough_READY\non_cough\non_cough_012612\data.wav,1.5,2.5,train
session_yamnet_review_96a2dd9577ba,P_YAMNET_fc4bb44646,yamnet_review_gold,non_cough,D:\cough_model_train\DATA\non_cough\FSD50K_Negative_clean\253530.wav,0.0,1.0,train
session_yamnet_review_a786cdd3329b,P_YAMNET_2c90f606fb,yamnet_review_gold,non_cough,D:\cough_model_train\DATA\non_cough\non_cough_READY\non_cough\non_cough_018649\data.wav,0.0,1.0,train
session_yamnet_review_d1da5d0951f1,P_YAMNET_75244e4d30,yamnet_review_gold,non_cough,D:\cough_model_train\DATA\non_cough\FSD50K_Negative_clean\252449.wav,5.0,6.0,train
session_yamnet_review_aa63b4ad06c6,P_YAMNET_73ec0dd1b2,yamnet_review_gold,non_cough,D:\cough_model_train\DATA\non_cough\non_cough_READY\non_cough\non_cough_018553\data.wav,5.0,6.0,train
session_yamnet_review_be673f7c38f9,P_YAMNET_5eb011d15a,yamnet_review_gold,non_cough,D:\cough_model_train\DATA\non_cough\FSD50K_Negative_clean\32251.wav,0.0,1.0,train
session_yamnet_review_106655b0f5f5,P_YAMNET_23bf2129c8,yamnet_review_gold,non_cough,D:\cough_model_train\DATA\non_cough\non_cough_READY\non_cough\non_cough_022416\data.wav,0.0,1.0,train
session_yamnet_review_29ff6b6c8b54,P_YAMNET_50bc653a58,yamnet_review_gold,non_cough,D:\cough_model_train\DATA\non_cough\FSD50K_Negative_clean\86661.wav,17.5,18.5,train
session_yamnet_review_6faa992ccc07,P_YAMNET_e06ce814d0,yamnet_review_gold,non_cough,D:\cough_model_train\DATA\non_cough\non_cough_READY\non_cough\non_cough_043982\data.wav,17.5,18.5,train
session_yamnet_review_eb7e9d0a4746,P_YAMNET_6b03bfd19d,yamnet_review_gold,non_cough,D:\cough_model_train\DATA\non_cough\FSD50K_Negative_clean\187294.wav,6.0,7.0,train
session_yamnet_review_8edc14d02d5a,P_YAMNET_c697831655,yamnet_review_gold,non_cough,D:\cough_model_train\DATA\non_cough\non_cough_READY\non_cough\non_cough_010559\data.wav,6.0,7.0,train
session_yamnet_review_cd8dac66e198,P_YAMNET_54751d4a20,yamnet_review_gold,non_cough,D:\cough_model_train\DATA\non_cough\FSD50K_Negative_clean\76612.wav,2.5,3.5,train
session_yamnet_review_fb78258ed24a,P_YAMNET_6ce41019eb,yamnet_review_gold,non_cough,D:\cough_model_train\DATA\non_cough\non_cough_READY\non_cough\non_cough_042671\data.wav,2.5,3.5,train
session_yamnet_review_c5788789b62f,P_YAMNET_a985236a9d,yamnet_review_gold,non_cough,D:\cough_model_train\DATA\non_cough\FSD50K_Negative_clean\92392.wav,0.5,1.5,train
session_yamnet_review_383cd1f689b7,P_YAMNET_f0b55e66d5,yamnet_review_gold,non_cough,D:\cough_model_train\DATA\non_cough\non_cough_READY\non_cough\non_cough_044799\data.wav,0.5,1.5,train
session_yamnet_review_9900c073c866,P_YAMNET_390da64d97,yamnet_review_gold,non_cough,D:\cough_model_train\DATA\non_cough\FSD50K_Negative_clean\213261.wav,2.0,3.0,train
session_yamnet_review_4ed5a3942e8b,P_YAMNET_a3e46ce813,yamnet_review_gold,non_cough,D:\cough_model_train\DATA\non_cough\non_cough_READY\non_cough\non_cough_013482\data.wav,2.0,3.0,train
session_yamnet_review_5a168c2c1bcd,P_YAMNET_0d780a7038,yamnet_review_gold,non_cough,D:\cough_model_train\DATA\non_cough\FSD50K_Negative_clean\425152.wav,13.5,14.5,train
session_yamnet_review_88dddbcb20b3,P_YAMNET_e4f43616c7,yamnet_review_gold,non_cough,D:\cough_model_train\DATA\non_cough\non_cough_READY\non_cough\non_cough_037386\data.wav,13.5,14.5,train
session_yamnet_review_1280bfe4c413,P_YAMNET_60561c77b3,yamnet_review_gold,non_cough,D:\cough_model_train\DATA\non_cough\FSD50K_Negative_clean\418784.wav,0.0,1.0,train
session_yamnet_review_bc7693972588,P_YAMNET_375dfcfb2c,yamnet_review_gold,non_cough,D:\cough_model_train\DATA\non_cough\non_cough_READY\non_cough\non_cough_036736\data.wav,0.0,1.0,train
session_yamnet_review_678d2d7014db,P_YAMNET_f1d95238b2,yamnet_review_gold,non_cough,D:\cough_model_train\DATA\non_cough\FSD50K_Negative_clean\376638.wav,5.0,6.0,train
session_yamnet_review_f962eb1cf5fe,P_YAMNET_d3353466da,yamnet_review_gold,non_cough,D:\cough_model_train\DATA\non_cough\non_cough_READY\non_cough\non_cough_031608\data.wav,5.0,6.0,train
session_yamnet_review_b6f186fbf2ce,P_YAMNET_483af3ae70,yamnet_review_gold,non_cough,D:\cough_model_train\DATA\non_cough\FSD50K_Negative_clean\423444.wav,4.0,5.0,train
session_yamnet_review_74fe415bb2ca,P_YAMNET_4f0289de32,yamnet_review_gold,non_cough,D:\cough_model_train\DATA\non_cough\non_cough_READY\non_cough\non_cough_037233\data.wav,4.0,5.0,train
session_yamnet_review_36170c993983,P_YAMNET_54e83a0979,yamnet_review_gold,non_cough,D:\cough_model_train\DATA\non_cough\FSD50K_Negative_clean\267451.wav,2.0,3.0,train
session_yamnet_review_733d0d2c6e98,P_YAMNET_aa21e2edae,yamnet_review_gold,non_cough,D:\cough_model_train\DATA\non_cough\non_cough_READY\non_cough\non_cough_020079\data.wav,2.0,3.0,train
session_yamnet_review_755f5af2b2fc,P_YAMNET_36f9be77ad,yamnet_review_gold,non_cough,D:\cough_model_train\DATA\non_cough\FSD50K_Negative_clean\92389.wav,1.0,2.0,train
session_yamnet_review_54a4d4b27661,P_YAMNET_9262d6b069,yamnet_review_gold,non_cough,D:\cough_model_train\DATA\non_cough\non_cough_READY\non_cough\non_cough_044797\data.wav,1.0,2.0,train
session_yamnet_review_9eb8ea31ed48,P_YAMNET_f8a1874d0b,yamnet_review_gold,non_cough,D:\cough_model_train\DATA\non_cough\FSD50K_Negative_clean\76593.wav,3.0,4.0,train
session_yamnet_review_f1b1143883d4,P_YAMNET_4b88a711c4,yamnet_review_gold,non_cough,D:\cough_model_train\DATA\non_cough\non_cough_READY\non_cough\non_cough_042653\data.wav,3.0,4.0,train
session_yamnet_review_f9b3cc2a6c89,P_YAMNET_902793aa7b,yamnet_review_gold,non_cough,D:\cough_model_train\DATA\non_cough\FSD50K_Negative_clean\324890.wav,5.5,6.5,train
session_yamnet_review_87d8897d9a5c,P_YAMNET_a5857dffd2,yamnet_review_gold,non_cough,D:\cough_model_train\DATA\non_cough\non_cough_READY\non_cough\non_cough_022748\data.wav,5.5,6.5,train
session_yamnet_review_fa056d782671,P_YAMNET_2026560a62,yamnet_review_gold,non_cough,D:\cough_model_train\DATA\non_cough\FSD50K_Negative_clean\167226.wav,6.0,7.0,train
session_yamnet_review_de8004c79360,P_YAMNET_00272c7364,yamnet_review_gold,non_cough,D:\cough_model_train\DATA\non_cough\non_cough_READY\non_cough\non_cough_008167\data.wav,6.0,7.0,train
session_yamnet_review_815b495d4176,P_YAMNET_913b8c12c3,yamnet_review_gold,non_cough,D:\cough_model_train\DATA\non_cough\FSD50K_Negative_clean\15713.wav,8.5,9.5,train
session_yamnet_review_f5f317c62ba5,P_YAMNET_6a3a35fbe4,yamnet_review_gold,non_cough,D:\cough_model_train\DATA\non_cough\non_cough_READY\non_cough\non_cough_006934\data.wav,8.5,9.5,train
session_yamnet_review_e6194b1d8941,P_YAMNET_f32288d6cc,yamnet_review_gold,non_cough,D:\cough_model_train\DATA\non_cough\FSD50K_Negative_clean\139041.wav,9.0,10.0,train
session_yamnet_review_46d970f44d00,P_YAMNET_a4d558ac2d,yamnet_review_gold,non_cough,D:\cough_model_train\DATA\non_cough\non_cough_READY\non_cough\non_cough_004609\data.wav,9.0,10.0,train
session_yamnet_review_cb6e2bba0968,P_YAMNET_e9fee96afa,yamnet_review_gold,non_cough,D:\cough_model_train\DATA\non_cough\FSD50K_Negative_clean\24315.wav,0.0,1.0,train
session_yamnet_review_68b419a7a1b1,P_YAMNET_3ec9002866,yamnet_review_gold,non_cough,D:\cough_model_train\DATA\non_cough\non_cough_READY\non_cough\non_cough_016732\data.wav,0.0,1.0,train
session_yamnet_review_2e7eac62363c,P_YAMNET_951b2c330b,yamnet_review_gold,non_cough,D:\cough_model_train\DATA\non_cough\FSD50K_Negative_clean\416674.wav,5.0,6.0,train
session_yamnet_review_7b8a4398312a,P_YAMNET_29fdc0698a,yamnet_review_gold,non_cough,D:\cough_model_train\DATA\non_cough\non_cough_READY\non_cough\non_cough_036537\data.wav,5.0,6.0,train
session_yamnet_review_5e9bc779c40d,P_YAMNET_2497a8e59b,yamnet_review_gold,non_cough,D:\cough_model_train\DATA\non_cough\FSD50K_Negative_clean\390512.wav,7.0,8.0,train
session_yamnet_review_ed49d8febafc,P_YAMNET_eef5e0d556,yamnet_review_gold,non_cough,D:\cough_model_train\DATA\non_cough\non_cough_READY\non_cough\non_cough_033627\data.wav,7.0,8.0,train
session_yamnet_review_b6ee8ef39971,P_YAMNET_3bce211fd2,yamnet_review_gold,non_cough,D:\cough_model_train\DATA\non_cough\FSD50K_Negative_clean\365633.wav,1.0,2.0,train
session_yamnet_review_6f80bce9d965,P_YAMNET_d615ada94d,yamnet_review_gold,non_cough,D:\cough_model_train\DATA\non_cough\non_cough_READY\non_cough\non_cough_029523\data.wav,1.0,2.0,train
session_yamnet_review_566684258d6d,P_YAMNET_252f584904,yamnet_review_gold,non_cough,D:\cough_model_train\DATA\non_cough\FSD50K_Negative_clean\427939.wav,6.0,7.0,train
session_yamnet_review_3f00d5f9ea62,P_YAMNET_bf2cac7a7e,yamnet_review_gold,non_cough,D:\cough_model_train\DATA\non_cough\non_cough_READY\non_cough\non_cough_037714\data.wav,6.0,7.0,train
session_yamnet_review_fc850f6de05c,P_YAMNET_ac49f8c4ba,yamnet_review_gold,non_cough,D:\cough_model_train\DATA\non_cough\FSD50K_Negative_clean\216239.wav,0.5,1.5,train
session_yamnet_review_69345787692c,P_YAMNET_a96d4f92bf,yamnet_review_gold,non_cough,D:\cough_model_train\DATA\non_cough\non_cough_READY\non_cough\non_cough_013743\data.wav,0.5,1.5,train
session_yamnet_review_58a2f6640585,P_YAMNET_aba6b34457,yamnet_review_gold,non_cough,D:\cough_model_train\DATA\non_cough\FSD50K_Negative_clean\56380.wav,2.0,3.0,train
session_yamnet_review_df146d6d40ec,P_YAMNET_744368721c,yamnet_review_gold,non_cough,D:\cough_model_train\DATA\non_cough\non_cough_READY\non_cough\non_cough_039781\data.wav,2.0,3.0,train
session_yamnet_review_a4a0fd21608b,P_YAMNET_5ddbef3ff8,yamnet_review_gold,non_cough,D:\cough_model_train\DATA\non_cough\FSD50K_Negative_clean\254770.wav,0.5,1.5,train
session_yamnet_review_730413488140,P_YAMNET_33bf9c51fb,yamnet_review_gold,non_cough,D:\cough_model_train\DATA\non_cough\non_cough_READY\non_cough\non_cough_018849\data.wav,0.5,1.5,train
session_yamnet_review_3cd432f62080,P_YAMNET_ba3c5836e0,yamnet_review_gold,non_cough,D:\cough_model_train\DATA\non_cough\FSD50K_Negative_clean\76662.wav,2.0,3.0,train
session_yamnet_review_80aa941c806a,P_YAMNET_90689dcadb,yamnet_review_gold,non_cough,D:\cough_model_train\DATA\non_cough\non_cough_READY\non_cough\non_cough_042704\data.wav,2.0,3.0,train
session_yamnet_review_ac452b89711e,P_YAMNET_9c079454bf,yamnet_review_gold,non_cough,D:\cough_model_train\DATA\non_cough\FSD50K_Negative_clean\117940.wav,3.0,4.0,train
session_yamnet_review_702c4f089394,P_YAMNET_7f57c9a534,yamnet_review_gold,non_cough,D:\cough_model_train\DATA\non_cough\non_cough_1.0_4305\non_cough_001892\data.wav,3.0,4.0,train
session_yamnet_review_d3f53ffa72b6,P_YAMNET_0a0794c88a,yamnet_review_gold,non_cough,D:\cough_model_train\DATA\non_cough\FSD50K_Negative_clean\365772.wav,0.5,1.5,train
session_yamnet_review_b646784bb8d2,P_YAMNET_0150bbda70,yamnet_review_gold,non_cough,D:\cough_model_train\DATA\non_cough\non_cough_READY\non_cough\non_cough_029544\data.wav,0.5,1.5,train
session_yamnet_review_0951b0c3d4b7,P_YAMNET_47246c4c30,yamnet_review_gold,non_cough,D:\cough_model_train\DATA\non_cough\FSD50K_Negative_clean\62262.wav,8.0,9.0,train
session_yamnet_review_7b73ceb703fa,P_YAMNET_890e7a63db,yamnet_review_gold,non_cough,D:\cough_model_train\DATA\non_cough\non_cough_READY\non_cough\non_cough_040699\data.wav,8.0,9.0,train
session_yamnet_review_f5aa915ac48e,P_YAMNET_5fe075083e,yamnet_review_gold,non_cough,D:\cough_model_train\DATA\non_cough\FSD50K_Negative_clean\61577.wav,1.0,2.0,train
session_yamnet_review_4f3ea5baf652,P_YAMNET_73de7f32cc,yamnet_review_gold,non_cough,D:\cough_model_train\DATA\non_cough\non_cough_READY\non_cough\non_cough_040558\data.wav,1.0,2.0,train
session_yamnet_review_a21649f4a1e7,P_YAMNET_c500efd4b3,yamnet_review_gold,non_cough,D:\cough_model_train\DATA\non_cough\FSD50K_Negative_clean\338938.wav,2.5,3.5,train
session_yamnet_review_b829452b06c8,P_YAMNET_614c310a65,yamnet_review_gold,non_cough,D:\cough_model_train\DATA\non_cough\non_cough_READY\non_cough\non_cough_024659\data.wav,2.5,3.5,train
session_yamnet_review_90df20ca915f,P_YAMNET_d435d69dfd,yamnet_review_gold,non_cough,D:\cough_model_train\DATA\non_cough\FSD50K_Negative_clean\421873.wav,1.0,2.0,train
session_yamnet_review_43ea2a61bf53,P_YAMNET_f2c7eb256a,yamnet_review_gold,non_cough,D:\cough_model_train\DATA\non_cough\non_cough_READY\non_cough\non_cough_037043\data.wav,1.0,2.0,train
session_yamnet_review_b96ac90cb881,P_YAMNET_bb62c1f7cb,yamnet_review_gold,non_cough,D:\cough_model_train\DATA\non_cough\FSD50K_Negative_clean\239067.wav,3.5,4.5,train
session_yamnet_review_f5f63cf57949,P_YAMNET_3ba056b0bd,yamnet_review_gold,non_cough,D:\cough_model_train\DATA\non_cough\non_cough_READY\non_cough\non_cough_016156\data.wav,3.5,4.5,train
session_yamnet_review_809484deed35,P_YAMNET_d9eda1eb2f,yamnet_review_gold,non_cough,D:\cough_model_train\DATA\non_cough\FSD50K_Negative_clean\330847.wav,8.0,9.0,train
session_yamnet_review_6b8696871f4b,P_YAMNET_c69f907af6,yamnet_review_gold,non_cough,D:\cough_model_train\DATA\non_cough\non_cough_READY\non_cough\non_cough_023597\data.wav,8.0,9.0,train
session_yamnet_review_4d498a7c1953,P_YAMNET_b7236cb75d,yamnet_review_gold,non_cough,D:\cough_model_train\DATA\non_cough\FSD50K_Negative_clean\371602.wav,4.0,5.0,train
session_yamnet_review_b26995be4834,P_YAMNET_8d9ca0800d,yamnet_review_gold,non_cough,D:\cough_model_train\DATA\non_cough\non_cough_READY\non_cough\non_cough_030266\data.wav,4.0,5.0,train
session_yamnet_review_9d985c4e0567,P_YAMNET_c30af33b77,yamnet_review_gold,non_cough,D:\cough_model_train\DATA\non_cough\FSD50K_Negative_clean\101881.wav,4.0,5.0,train
session_yamnet_review_69938954c4d1,P_YAMNET_59e26d577b,yamnet_review_gold,non_cough,D:\cough_model_train\DATA\non_cough\non_cough_1.0_4305\non_cough_000243\data.wav,4.0,5.0,train
session_yamnet_review_019703eb0ffa,P_YAMNET_818887528e,yamnet_review_gold,non_cough,D:\cough_model_train\DATA\non_cough\FSD50K_Negative_clean\30421.wav,0.0,1.0,train
session_yamnet_review_0acd0a606d52,P_YAMNET_cda764413f,yamnet_review_gold,non_cough,D:\cough_model_train\DATA\non_cough\non_cough_READY\non_cough\non_cough_021594\data.wav,0.0,1.0,train
session_yamnet_review_497dd3054910,P_YAMNET_e73e2a566e,yamnet_review_gold,non_cough,D:\cough_model_train\DATA\non_cough\FSD50K_Negative_clean\188489.wav,1.5,2.5,train
session_yamnet_review_500383d77546,P_YAMNET_e52f828b8b,yamnet_review_gold,non_cough,D:\cough_model_train\DATA\non_cough\non_cough_READY\non_cough\non_cough_010712\data.wav,1.5,2.5,train
session_yamnet_review_576ffbf2632e,P_YAMNET_15789893f9,yamnet_review_gold,non_cough,D:\cough_model_train\DATA\non_cough\FSD50K_Negative_clean\325791.wav,6.0,7.0,train
session_yamnet_review_ee47a20e766c,P_YAMNET_43767c7414,yamnet_review_gold,non_cough,D:\cough_model_train\DATA\non_cough\non_cough_READY\non_cough\non_cough_022923\data.wav,6.0,7.0,train
session_yamnet_review_8b20f10da446,P_YAMNET_abc210fd3b,yamnet_review_gold,non_cough,D:\cough_model_train\DATA\non_cough\FSD50K_Negative_clean\360682.wav,0.5,1.5,train
session_yamnet_review_802541f55d2c,P_YAMNET_6f981c81e4,yamnet_review_gold,non_cough,D:\cough_model_train\DATA\non_cough\non_cough_READY\non_cough\non_cough_028954\data.wav,0.5,1.5,train
session_yamnet_review_04e6c05e994d,P_YAMNET_7fcc337949,yamnet_review_gold,non_cough,D:\cough_model_train\DATA\non_cough\FSD50K_Negative_clean\391358.wav,1.5,2.5,train
session_yamnet_review_bf328b962963,P_YAMNET_f1a7aebca1,yamnet_review_gold,non_cough,D:\cough_model_train\DATA\non_cough\non_cough_READY\non_cough\non_cough_033732\data.wav,1.5,2.5,train
session_yamnet_review_822e15a5970f,P_YAMNET_00590eb6d6,yamnet_review_gold,non_cough,D:\cough_model_train\DATA\non_cough\FSD50K_Negative_clean\85481.wav,14.0,15.0,train
session_yamnet_review_3659f3ecb0ea,P_YAMNET_c08da28297,yamnet_review_gold,non_cough,D:\cough_model_train\DATA\non_cough\non_cough_READY\non_cough\non_cough_043776\data.wav,14.0,15.0,train
session_yamnet_review_82a1a6dab99f,P_YAMNET_3cd52c2f83,yamnet_review_gold,non_cough,D:\cough_model_train\DATA\non_cough\FSD50K_Negative_clean\67345.wav,2.0,3.0,train
session_yamnet_review_989560ceb01d,P_YAMNET_c3e2d8114f,yamnet_review_gold,non_cough,D:\cough_model_train\DATA\non_cough\non_cough_READY\non_cough\non_cough_041500\data.wav,2.0,3.0,train
session_yamnet_review_2d6ef3b9bb47,P_YAMNET_1e74eb866d,yamnet_review_gold,non_cough,D:\cough_model_train\DATA\non_cough\FSD50K_Negative_clean\168965.wav,7.0,8.0,train
session_yamnet_review_a11a578c0715,P_YAMNET_41c296c63e,yamnet_review_gold,non_cough,D:\cough_model_train\DATA\non_cough\non_cough_READY\non_cough\non_cough_008329\data.wav,7.0,8.0,train
session_yamnet_review_51e3a98743e1,P_YAMNET_6d0378eef6,yamnet_review_gold,non_cough,D:\cough_model_train\DATA\non_cough\FSD50K_Negative_clean\79018.wav,17.5,18.5,train
session_yamnet_review_ffba77bd10c5,P_YAMNET_bd7645e0f5,yamnet_review_gold,non_cough,D:\cough_model_train\DATA\non_cough\non_cough_READY\non_cough\non_cough_043006\data.wav,17.5,18.5,train
session_yamnet_review_6b1b9f9d96f6,P_YAMNET_ed4969f31f,yamnet_review_gold,non_cough,D:\cough_model_train\DATA\non_cough\FSD50K_Negative_clean\365849.wav,13.5,14.5,train
session_yamnet_review_df564c1ffbf0,P_YAMNET_a52b3ab1a2,yamnet_review_gold,non_cough,D:\cough_model_train\DATA\non_cough\non_cough_READY\non_cough\non_cough_029558\data.wav,13.5,14.5,train
session_yamnet_review_12d1399d05d4,P_YAMNET_325dc22e5a,yamnet_review_gold,non_cough,D:\cough_model_train\DATA\non_cough\FSD50K_Negative_clean\23770.wav,3.0,4.0,train
session_yamnet_review_8368716b3dda,P_YAMNET_5c73fdda12,yamnet_review_gold,non_cough,D:\cough_model_train\DATA\non_cough\non_cough_READY\non_cough\non_cough_015979\data.wav,3.0,4.0,train
session_yamnet_review_be680959a793,P_YAMNET_c1dc1f56f9,yamnet_review_gold,non_cough,D:\cough_model_train\DATA\non_cough\FSD50K_Negative_clean\418153.wav,14.0,15.0,train
session_yamnet_review_da5532ce009b,P_YAMNET_4dce850017,yamnet_review_gold,non_cough,D:\cough_model_train\DATA\non_cough\non_cough_READY\non_cough\non_cough_036682\data.wav,14.0,15.0,train
session_yamnet_review_e207ce667122,P_YAMNET_d4cfaab58e,yamnet_review_gold,non_cough,D:\cough_model_train\DATA\non_cough\FSD50K_Negative_clean\429075.wav,0.5,1.5,train
session_yamnet_review_a0d1cee3bfe4,P_YAMNET_b6a57d353e,yamnet_review_gold,non_cough,D:\cough_model_train\DATA\non_cough\non_cough_READY\non_cough\non_cough_037805\data.wav,0.5,1.5,train
session_yamnet_review_5fba403ee142,P_YAMNET_cef2fea41b,yamnet_review_gold,non_cough,D:\cough_model_train\DATA\non_cough\FSD50K_Negative_clean\72251.wav,0.0,1.0,train
session_yamnet_review_a5b78c8f83e4,P_YAMNET_16ff8d9dcb,yamnet_review_gold,non_cough,D:\cough_model_train\DATA\non_cough\non_cough_READY\non_cough\non_cough_042149\data.wav,0.0,1.0,train
session_yamnet_review_953e44d39bfa,P_YAMNET_df6280deca,yamnet_review_gold,non_cough,D:\cough_model_train\DATA\non_cough\FSD50K_Negative_clean\399133.wav,2.0,3.0,train
session_yamnet_review_fe27b9296828,P_YAMNET_e353f4d060,yamnet_review_gold,non_cough,D:\cough_model_train\DATA\non_cough\non_cough_READY\non_cough\non_cough_034544\data.wav,2.0,3.0,train
session_yamnet_review_b3891c55deee,P_YAMNET_4a6904ec57,yamnet_review_gold,non_cough,D:\cough_model_train\DATA\non_cough\FSD50K_Negative_clean\108387.wav,2.5,3.5,train
session_yamnet_review_6ddfa5ad3c33,P_YAMNET_050d04765c,yamnet_review_gold,non_cough,D:\cough_model_train\DATA\non_cough\non_cough_1.0_4305\non_cough_000884\data.wav,2.5,3.5,train
session_yamnet_review_bf5521cd4dbb,P_YAMNET_495752bdd3,yamnet_review_gold,non_cough,D:\cough_model_train\DATA\non_cough\FSD50K_Negative_clean\372002.wav,9.0,10.0,train
session_yamnet_review_dfa491c0ec97,P_YAMNET_50be9754b2,yamnet_review_gold,non_cough,D:\cough_model_train\DATA\non_cough\non_cough_READY\non_cough\non_cough_030326\data.wav,9.0,10.0,train
session_yamnet_review_62a23acca953,P_YAMNET_614692c3d9,yamnet_review_gold,non_cough,D:\cough_model_train\DATA\non_cough\FSD50K_Negative_clean\186770.wav,0.0,0.843125,train
session_yamnet_review_e56f143043c1,P_YAMNET_d5ef496f2c,yamnet_review_gold,non_cough,D:\cough_model_train\DATA\non_cough\non_cough_READY\non_cough\non_cough_010474\data.wav,0.0,0.843125,train
session_yamnet_review_a6f892ebf359,P_YAMNET_dcccf68ec7,yamnet_review_gold,non_cough,D:\cough_model_train\DATA\non_cough\FSD50K_Negative_clean\399129.wav,1.5,2.5,train
session_yamnet_review_0688cc71b0b3,P_YAMNET_9767e152fc,yamnet_review_gold,non_cough,D:\cough_model_train\DATA\non_cough\non_cough_READY\non_cough\non_cough_034541\data.wav,1.5,2.5,train
session_yamnet_review_9c8854ca0939,P_YAMNET_4ba292d2a9,yamnet_review_gold,non_cough,D:\cough_model_train\DATA\non_cough\FSD50K_Negative_clean\272410.wav,5.0,6.0,train
session_yamnet_review_418f7ec272db,P_YAMNET_ccc00748d0,yamnet_review_gold,non_cough,D:\cough_model_train\DATA\non_cough\non_cough_READY\non_cough\non_cough_020597\data.wav,5.0,6.0,train
session_yamnet_review_b2f2d0148da2,P_YAMNET_914948215c,yamnet_review_gold,non_cough,D:\cough_model_train\DATA\non_cough\FSD50K_Negative_clean\390142.wav,4.0,5.0,train
session_yamnet_review_caf00f9d9698,P_YAMNET_2cf972b919,yamnet_review_gold,non_cough,D:\cough_model_train\DATA\non_cough\non_cough_READY\non_cough\non_cough_033575\data.wav,4.0,5.0,train
session_yamnet_review_743ca166be7d,P_YAMNET_6d6a1692e7,yamnet_review_gold,non_cough,D:\cough_model_train\DATA\non_cough\FSD50K_Negative_clean\82988.wav,0.0,1.0,train
session_yamnet_review_945a336b7df2,P_YAMNET_790cb0e3f9,yamnet_review_gold,non_cough,D:\cough_model_train\DATA\non_cough\non_cough_READY\non_cough\non_cough_043444\data.wav,0.0,1.0,train
session_yamnet_review_4be54b4f6445,P_YAMNET_e14fd9afdd,yamnet_review_gold,non_cough,D:\cough_model_train\DATA\non_cough\FSD50K_Negative_clean\345519.wav,0.5,1.5,train
session_yamnet_review_b6b679d3bfa6,P_YAMNET_2d4afde12c,yamnet_review_gold,non_cough,D:\cough_model_train\DATA\non_cough\non_cough_READY\non_cough\non_cough_025491\data.wav,0.5,1.5,train
session_yamnet_review_714fbe8951fe,P_YAMNET_9323c86a01,yamnet_review_gold,non_cough,D:\cough_model_train\DATA\non_cough\FSD50K_Negative_clean\220437.wav,18.5,19.5,train
session_yamnet_review_911f1f32166e,P_YAMNET_57ba620677,yamnet_review_gold,non_cough,D:\cough_model_train\DATA\non_cough\non_cough_READY\non_cough\non_cough_014288\data.wav,18.5,19.5,train
session_yamnet_review_e96fc545ca24,P_YAMNET_c517a45180,yamnet_review_gold,non_cough,D:\cough_model_train\DATA\non_cough\FSD50K_Negative_clean\352987.wav,1.5,2.5,train
session_yamnet_review_65185d1280f4,P_YAMNET_8e1350ce2f,yamnet_review_gold,non_cough,D:\cough_model_train\DATA\non_cough\non_cough_READY\non_cough\non_cough_026561\data.wav,1.5,2.5,train
session_yamnet_review_e26b2684e069,P_YAMNET_2099209ba6,yamnet_review_gold,non_cough,D:\cough_model_train\DATA\non_cough\FSD50K_Negative_clean\216567.wav,1.5,2.5,train
session_yamnet_review_8009cf132a76,P_YAMNET_c968aa58a9,yamnet_review_gold,non_cough,D:\cough_model_train\DATA\non_cough\non_cough_READY\non_cough\non_cough_013812\data.wav,1.5,2.5,train
session_yamnet_review_6d7065ccb5bd,P_YAMNET_7c18e8b1e0,yamnet_review_gold,non_cough,D:\cough_model_train\DATA\non_cough\FSD50K_Negative_clean\241492.wav,2.5,3.5,train
session_yamnet_review_4dd8031b427a,P_YAMNET_ef322e347f,yamnet_review_gold,non_cough,D:\cough_model_train\DATA\non_cough\non_cough_READY\non_cough\non_cough_016506\data.wav,2.5,3.5,train
session_yamnet_review_2db8d9d04816,P_YAMNET_303dcafc69,yamnet_review_gold,non_cough,D:\cough_model_train\DATA\non_cough\FSD50K_Negative_clean\206147.wav,1.0,2.0,train
session_yamnet_review_f226026454d0,P_YAMNET_0bf2671c30,yamnet_review_gold,non_cough,D:\cough_model_train\DATA\non_cough\non_cough_READY\non_cough\non_cough_012697\data.wav,1.0,2.0,train
session_yamnet_review_b5f00ceb3d94,P_YAMNET_a362d18901,yamnet_review_gold,non_cough,D:\cough_model_train\DATA\non_cough\FSD50K_Negative_clean\18966.wav,19.5,20.5,train
session_yamnet_review_3b2ce645d7dd,P_YAMNET_d1bb94e3e7,yamnet_review_gold,non_cough,D:\cough_model_train\DATA\non_cough\non_cough_READY\non_cough\non_cough_010836\data.wav,19.5,20.5,train
session_yamnet_review_29c27a913a81,P_YAMNET_72b73206d7,yamnet_review_gold,non_cough,D:\cough_model_train\DATA\non_cough\FSD50K_Negative_clean\221457.wav,0.0,1.0,train
session_yamnet_review_f646cf8454c4,P_YAMNET_b1d11b01c8,yamnet_review_gold,non_cough,D:\cough_model_train\DATA\non_cough\non_cough_READY\non_cough\non_cough_014344\data.wav,0.0,1.0,train
session_yamnet_review_4e74723bd84b,P_YAMNET_7e2332192e,yamnet_review_gold,non_cough,D:\cough_model_train\DATA\non_cough\FSD50K_Negative_clean\387829.wav,2.0,3.0,train
session_yamnet_review_b53e27325702,P_YAMNET_eb603e5d7e,yamnet_review_gold,non_cough,D:\cough_model_train\DATA\non_cough\non_cough_READY\non_cough\non_cough_033289\data.wav,2.0,3.0,train
session_yamnet_review_bb6db35cdf8b,P_YAMNET_85cb1098dc,yamnet_review_gold,non_cough,D:\cough_model_train\DATA\non_cough\FSD50K_Negative_clean\187359.wav,0.0,1.0,train
session_yamnet_review_4104bbafa337,P_YAMNET_9aaa260332,yamnet_review_gold,non_cough,D:\cough_model_train\DATA\non_cough\non_cough_READY\non_cough\non_cough_010579\data.wav,0.0,1.0,train
session_yamnet_review_35e88cafad11,P_YAMNET_8940b31800,yamnet_review_gold,non_cough,D:\cough_model_train\DATA\non_cough\FSD50K_Negative_clean\60811.wav,7.0,8.0,train
session_yamnet_review_08d6774c8cc6,P_YAMNET_0b813d79cc,yamnet_review_gold,non_cough,D:\cough_model_train\DATA\non_cough\non_cough_READY\non_cough\non_cough_040454\data.wav,7.0,8.0,train
session_yamnet_review_5eb311b1b0c1,P_YAMNET_0c493b4d2d,yamnet_review_gold,non_cough,D:\cough_model_train\DATA\non_cough\FSD50K_Negative_clean\125299.wav,6.0,7.0,train
session_yamnet_review_2cccc2306b02,P_YAMNET_ac4f8b9201,yamnet_review_gold,non_cough,D:\cough_model_train\DATA\non_cough\non_cough_1.0_4305\non_cough_002954\data.wav,6.0,7.0,train
session_yamnet_review_94ff1e56fdf1,P_YAMNET_8f1f6ac4ac,yamnet_review_gold,non_cough,D:\cough_model_train\DATA\non_cough\FSD50K_Negative_clean\110996.wav,11.0,12.0,train
session_yamnet_review_6bd538341b8b,P_YAMNET_1d6ba36fba,yamnet_review_gold,non_cough,D:\cough_model_train\DATA\non_cough\non_cough_1.0_4305\non_cough_001190\data.wav,11.0,12.0,train
session_yamnet_review_5f799ea9f65f,P_YAMNET_3c921bfaaa,yamnet_review_gold,non_cough,D:\cough_model_train\DATA\non_cough\FSD50K_Negative_clean\106982.wav,0.0,1.0,train
session_yamnet_review_0b2f87150c00,P_YAMNET_81f131b1d5,yamnet_review_gold,non_cough,D:\cough_model_train\DATA\non_cough\non_cough_1.0_4305\non_cough_000761\data.wav,0.0,1.0,train
session_yamnet_review_c1a113391090,P_YAMNET_57de4e974a,yamnet_review_gold,non_cough,D:\cough_model_train\DATA\non_cough\FSD50K_Negative_clean\74222.wav,0.5,1.5,train
session_yamnet_review_21e5579e112e,P_YAMNET_ef0cad71f6,yamnet_review_gold,non_cough,D:\cough_model_train\DATA\non_cough\non_cough_READY\non_cough\non_cough_042335\data.wav,0.5,1.5,train
session_yamnet_review_f81c39b2baa2,P_YAMNET_8aa30d58e1,yamnet_review_gold,non_cough,D:\cough_model_train\DATA\non_cough\FSD50K_Negative_clean\270474.wav,0.5,1.5,train
session_yamnet_review_521feaffdf2b,P_YAMNET_a11d666de1,yamnet_review_gold,non_cough,D:\cough_model_train\DATA\non_cough\non_cough_READY\non_cough\non_cough_020428\data.wav,0.5,1.5,train
session_yamnet_review_0944bc513693,P_YAMNET_ea72b8fdd3,yamnet_review_gold,non_cough,D:\cough_model_train\DATA\non_cough\FSD50K_Negative_clean\399132.wav,10.0,11.0,train
session_yamnet_review_0d3248aa185a,P_YAMNET_691dc45958,yamnet_review_gold,non_cough,D:\cough_model_train\DATA\non_cough\non_cough_READY\non_cough\non_cough_034543\data.wav,10.0,11.0,train
session_yamnet_review_545f4b2f52a1,P_YAMNET_0ec38dc1d2,yamnet_review_gold,non_cough,D:\cough_model_train\DATA\non_cough\FSD50K_Negative_clean\410145.wav,16.0,17.0,train
session_yamnet_review_10d7933a8215,P_YAMNET_1cf37179fb,yamnet_review_gold,non_cough,D:\cough_model_train\DATA\non_cough\non_cough_READY\non_cough\non_cough_035804\data.wav,16.0,17.0,train
session_yamnet_review_99bfa405e5ef,P_YAMNET_9f63b35d2c,yamnet_review_gold,non_cough,D:\cough_model_train\DATA\non_cough\FSD50K_Negative_clean\388407.wav,6.5,7.5,train
session_yamnet_review_d58f511c792d,P_YAMNET_cc10a45351,yamnet_review_gold,non_cough,D:\cough_model_train\DATA\non_cough\non_cough_READY\non_cough\non_cough_033362\data.wav,6.5,7.5,train
session_yamnet_review_26ce28fbb52f,P_YAMNET_bb5934f432,yamnet_review_gold,non_cough,D:\cough_model_train\DATA\non_cough\FSD50K_Negative_clean\382016.wav,2.0,3.0,train
session_yamnet_review_71d56f70288c,P_YAMNET_20c755b8de,yamnet_review_gold,non_cough,D:\cough_model_train\DATA\non_cough\non_cough_READY\non_cough\non_cough_032373\data.wav,2.0,3.0,train
session_yamnet_review_6b1781be8a53,P_YAMNET_352837258c,yamnet_review_gold,non_cough,D:\cough_model_train\DATA\non_cough\FSD50K_Negative_clean\219666.wav,1.5,2.5,train
session_yamnet_review_1b55a7969362,P_YAMNET_ce6bf4497a,yamnet_review_gold,non_cough,D:\cough_model_train\DATA\non_cough\non_cough_READY\non_cough\non_cough_014208\data.wav,1.5,2.5,train
session_yamnet_review_49c9c0ce0b5f,P_YAMNET_fcb943f433,yamnet_review_gold,non_cough,D:\cough_model_train\DATA\non_cough\FSD50K_Negative_clean\67336.wav,0.5,1.5,train
session_yamnet_review_71168a32c138,P_YAMNET_e960321872,yamnet_review_gold,non_cough,D:\cough_model_train\DATA\non_cough\non_cough_READY\non_cough\non_cough_041499\data.wav,0.5,1.5,train
session_yamnet_review_bdb0b016baea,P_YAMNET_58ba2a20f2,yamnet_review_gold,non_cough,D:\cough_model_train\DATA\non_cough\FSD50K_Negative_clean\333776.wav,0.5,1.5,train
session_yamnet_review_8287b78b2050,P_YAMNET_64361ceda6,yamnet_review_gold,non_cough,D:\cough_model_train\DATA\non_cough\non_cough_READY\non_cough\non_cough_023934\data.wav,0.5,1.5,train
session_yamnet_review_e20b41a25823,P_YAMNET_d928354743,yamnet_review_gold,non_cough,D:\cough_model_train\DATA\non_cough\FSD50K_Negative_clean\410758.wav,0.0,1.0,train
session_yamnet_review_1bc6eb7df8f3,P_YAMNET_7ab9ebf89d,yamnet_review_gold,non_cough,D:\cough_model_train\DATA\non_cough\non_cough_READY\non_cough\non_cough_035881\data.wav,0.0,1.0,train
session_yamnet_review_d5494622de61,P_YAMNET_586be58b46,yamnet_review_gold,non_cough,D:\cough_model_train\DATA\non_cough\FSD50K_Negative_clean\39538.wav,0.0,1.0,train
session_yamnet_review_9c2fa5eb2761,P_YAMNET_454a8634c8,yamnet_review_gold,non_cough,D:\cough_model_train\DATA\non_cough\non_cough_READY\non_cough\non_cough_034190\data.wav,0.0,1.0,train
session_yamnet_review_d6ac3903d10f,P_YAMNET_ee93b8f8cd,yamnet_review_gold,non_cough,D:\cough_model_train\DATA\non_cough\FSD50K_Negative_clean\407764.wav,23.5,24.5,train
session_yamnet_review_fa9a7cdd83d3,P_YAMNET_a6b5fb15a7,yamnet_review_gold,non_cough,D:\cough_model_train\DATA\non_cough\non_cough_READY\non_cough\non_cough_035610\data.wav,23.5,24.5,train
session_yamnet_review_62f832775293,P_YAMNET_34226c6ed8,yamnet_review_gold,non_cough,D:\cough_model_train\DATA\non_cough\FSD50K_Negative_clean\323130.wav,1.5,2.5,train
session_yamnet_review_f3c4d4c2d757,P_YAMNET_a439416b47,yamnet_review_gold,non_cough,D:\cough_model_train\DATA\non_cough\non_cough_READY\non_cough\non_cough_022478\data.wav,1.5,2.5,train
session_yamnet_review_c4d3efb6d6d6,P_YAMNET_199a2f47ec,yamnet_review_gold,non_cough,D:\cough_model_train\DATA\non_cough\FSD50K_Negative_clean\171101.wav,15.5,16.5,train
session_yamnet_review_2b6f8b5341de,P_YAMNET_909e295978,yamnet_review_gold,non_cough,D:\cough_model_train\DATA\non_cough\non_cough_READY\non_cough\non_cough_008517\data.wav,15.5,16.5,train
session_yamnet_review_acd00c3bde1e,P_YAMNET_0a786de86c,yamnet_review_gold,non_cough,D:\cough_model_train\DATA\non_cough\FSD50K_Negative_clean\270457.wav,4.5,5.5,train
session_yamnet_review_20fe74290e99,P_YAMNET_c1143ad09b,yamnet_review_gold,non_cough,D:\cough_model_train\DATA\non_cough\non_cough_READY\non_cough\non_cough_020426\data.wav,4.5,5.5,train
session_yamnet_review_06379f68adc1,P_YAMNET_28c5d13c3e,yamnet_review_gold,non_cough,D:\cough_model_train\DATA\non_cough\FSD50K_Negative_clean\194774.wav,16.5,17.5,train
session_yamnet_review_03e10b4c5862,P_YAMNET_dca946a677,yamnet_review_gold,non_cough,D:\cough_model_train\DATA\non_cough\non_cough_READY\non_cough\non_cough_011373\data.wav,16.5,17.5,train
session_yamnet_review_6a4f351b1fae,P_YAMNET_d475893188,yamnet_review_gold,non_cough,D:\cough_model_train\DATA\non_cough\FSD50K_Negative_clean\216229.wav,2.5,3.5,train
session_yamnet_review_145d493bb7e5,P_YAMNET_7c83fd334a,yamnet_review_gold,non_cough,D:\cough_model_train\DATA\non_cough\non_cough_READY\non_cough\non_cough_013734\data.wav,2.5,3.5,train
session_yamnet_review_a18e13013836,P_YAMNET_f18ed888f4,yamnet_review_gold,non_cough,D:\cough_model_train\DATA\non_cough\FSD50K_Negative_clean\175486.wav,0.0,1.0,train
session_yamnet_review_adb6f47ae45b,P_YAMNET_ac0b9ee0f7,yamnet_review_gold,non_cough,D:\cough_model_train\DATA\non_cough\non_cough_READY\non_cough\non_cough_009074\data.wav,0.0,1.0,train
session_yamnet_review_9717c560b8d1,P_YAMNET_efedb63b46,yamnet_review_gold,non_cough,D:\cough_model_train\DATA\non_cough\FSD50K_Negative_clean\238578.wav,3.0,4.0,train
session_yamnet_review_4b533f623ab5,P_YAMNET_030aee1c70,yamnet_review_gold,non_cough,D:\cough_model_train\DATA\non_cough\non_cough_READY\non_cough\non_cough_016069\data.wav,3.0,4.0,train
session_yamnet_review_6d5f65e7e678,P_YAMNET_d40cf8bc47,yamnet_review_gold,non_cough,D:\cough_model_train\DATA\non_cough\FSD50K_Negative_clean\50936.wav,2.0,3.0,train
session_yamnet_review_aed71afcfab5,P_YAMNET_202278be06,yamnet_review_gold,non_cough,D:\cough_model_train\DATA\non_cough\non_cough_READY\non_cough\non_cough_039080\data.wav,2.0,3.0,train
session_yamnet_review_c76b3fa7b253,P_YAMNET_1cdda2a564,yamnet_review_gold,non_cough,D:\cough_model_train\DATA\non_cough\FSD50K_Negative_clean\76674.wav,1.0,2.0,train
session_yamnet_review_ebb17aa272a9,P_YAMNET_a48ea548e3,yamnet_review_gold,non_cough,D:\cough_model_train\DATA\non_cough\non_cough_READY\non_cough\non_cough_042712\data.wav,1.0,2.0,train
session_yamnet_review_f4c00c5bab63,P_YAMNET_5bd2a7f40e,yamnet_review_gold,non_cough,D:\cough_model_train\DATA\non_cough\FSD50K_Negative_clean\80438.wav,6.5,7.5,train
session_yamnet_review_156ec24cd26c,P_YAMNET_ab77734a2e,yamnet_review_gold,non_cough,D:\cough_model_train\DATA\non_cough\non_cough_READY\non_cough\non_cough_043188\data.wav,6.5,7.5,train
session_yamnet_review_b079cd221e28,P_YAMNET_c51b20745c,yamnet_review_gold,non_cough,D:\cough_model_train\DATA\non_cough\FSD50K_Negative_clean\80658.wav,0.5,1.5,train
session_yamnet_review_6e188bdc4d15,P_YAMNET_a12d625a5c,yamnet_review_gold,non_cough,D:\cough_model_train\DATA\non_cough\non_cough_READY\non_cough\non_cough_043204\data.wav,0.5,1.5,train
session_yamnet_review_138c1758fbc6,P_YAMNET_5f188ee652,yamnet_review_gold,non_cough,D:\cough_model_train\DATA\non_cough\FSD50K_Negative_clean\127001.wav,14.0,15.0,train
session_yamnet_review_7fc07a4cfe2f,P_YAMNET_84c240d334,yamnet_review_gold,non_cough,D:\cough_model_train\DATA\non_cough\non_cough_1.0_4305\non_cough_003105\data.wav,14.0,15.0,train
session_yamnet_review_6ab8d43f6769,P_YAMNET_4823a44640,yamnet_review_gold,non_cough,D:\cough_model_train\DATA\non_cough\FSD50K_Negative_clean\24091.wav,3.0,4.0,train
session_yamnet_review_28f147805471,P_YAMNET_47eb6e66d6,yamnet_review_gold,non_cough,D:\cough_model_train\DATA\non_cough\non_cough_READY\non_cough\non_cough_016475\data.wav,3.0,4.0,train
session_yamnet_review_cf4d5c10c2a8,P_YAMNET_75f746bf4e,yamnet_review_gold,non_cough,D:\cough_model_train\DATA\non_cough\FSD50K_Negative_clean\76669.wav,1.5,2.5,train
session_yamnet_review_fc7dd5979d2c,P_YAMNET_0e9f82b445,yamnet_review_gold,non_cough,D:\cough_model_train\DATA\non_cough\non_cough_READY\non_cough\non_cough_042709\data.wav,1.5,2.5,train
session_yamnet_review_71ded70aa52c,P_YAMNET_1d5eb6f8f5,yamnet_review_gold,non_cough,D:\cough_model_train\DATA\non_cough\FSD50K_Negative_clean\405267.wav,0.0,1.0,train
session_yamnet_review_d329c76b58fe,P_YAMNET_85136ed840,yamnet_review_gold,non_cough,D:\cough_model_train\DATA\non_cough\non_cough_READY\non_cough\non_cough_035257\data.wav,0.0,1.0,train
session_yamnet_review_0d3d3b076e28,P_YAMNET_31fd0c3c3c,yamnet_review_gold,non_cough,D:\cough_model_train\DATA\non_cough\FSD50K_Negative_clean\273710.wav,2.5,3.5,train
session_yamnet_review_b9cb9bfc8ef8,P_YAMNET_b88c4f1b4b,yamnet_review_gold,non_cough,D:\cough_model_train\DATA\non_cough\non_cough_READY\non_cough\non_cough_020721\data.wav,2.5,3.5,train
session_yamnet_review_b0940ce55f2e,P_YAMNET_4f3f9d923a,yamnet_review_gold,non_cough,D:\cough_model_train\DATA\non_cough\FSD50K_Negative_clean\255332.wav,7.5,8.5,train
session_yamnet_review_4efce05881ea,P_YAMNET_3875b4420b,yamnet_review_gold,non_cough,D:\cough_model_train\DATA\non_cough\non_cough_READY\non_cough\non_cough_018908\data.wav,7.5,8.5,train
session_yamnet_review_a53feccad2a9,P_YAMNET_8b46ce3dc0,yamnet_review_gold,non_cough,D:\cough_model_train\DATA\non_cough\FSD50K_Negative_clean\32181.wav,4.0,5.0,train
session_yamnet_review_e26e8d9cae01,P_YAMNET_d1a7b278a4,yamnet_review_gold,non_cough,D:\cough_model_train\DATA\non_cough\non_cough_READY\non_cough\non_cough_022293\data.wav,4.0,5.0,train
session_yamnet_review_05079fdb24ad,P_YAMNET_4085919627,yamnet_review_gold,non_cough,D:\cough_model_train\DATA\non_cough\FSD50K_Negative_clean\119182.wav,0.0,1.0,train
session_yamnet_review_1611691d0195,P_YAMNET_6a9c4ed486,yamnet_review_gold,non_cough,D:\cough_model_train\DATA\non_cough\non_cough_1.0_4305\non_cough_002127\data.wav,0.0,1.0,train
session_yamnet_review_c05746ac9287,P_YAMNET_be164fda47,yamnet_review_gold,non_cough,D:\cough_model_train\DATA\non_cough\FSD50K_Negative_clean\359573.wav,4.5,5.5,train
session_yamnet_review_89bc9a44baa5,P_YAMNET_3459bc6ac5,yamnet_review_gold,non_cough,D:\cough_model_train\DATA\non_cough\non_cough_READY\non_cough\non_cough_028692\data.wav,4.5,5.5,train
session_yamnet_review_d26d26d683c7,P_YAMNET_a733491d25,yamnet_review_gold,non_cough,D:\cough_model_train\DATA\non_cough\FSD50K_Negative_clean\106445.wav,0.5,1.5,train
session_yamnet_review_52b095bc54c7,P_YAMNET_688bb8b613,yamnet_review_gold,non_cough,D:\cough_model_train\DATA\non_cough\non_cough_1.0_4305\non_cough_000722\data.wav,0.5,1.5,train
session_yamnet_review_d4831abc3b29,P_YAMNET_a098eb3de4,yamnet_review_gold,non_cough,D:\cough_model_train\DATA\non_cough\FSD50K_Negative_clean\85135.wav,9.5,10.5,train
session_yamnet_review_076b740fa73c,P_YAMNET_1928140d7b,yamnet_review_gold,non_cough,D:\cough_model_train\DATA\non_cough\non_cough_READY\non_cough\non_cough_043712\data.wav,9.5,10.5,train
session_yamnet_review_7d3cd585090c,P_YAMNET_ff33345616,yamnet_review_gold,non_cough,D:\cough_model_train\DATA\non_cough\FSD50K_Negative_clean\216233.wav,1.0,2.0,train
session_yamnet_review_7367f161b564,P_YAMNET_8903070f07,yamnet_review_gold,non_cough,D:\cough_model_train\DATA\non_cough\non_cough_READY\non_cough\non_cough_013738\data.wav,1.0,2.0,train
session_yamnet_review_98fb42ec440b,P_YAMNET_3df788f6ce,yamnet_review_gold,non_cough,D:\cough_model_train\DATA\non_cough\FSD50K_Negative_clean\30960.wav,0.0,1.0,train
session_yamnet_review_a297efcfb187,P_YAMNET_97520a9497,yamnet_review_gold,non_cough,D:\cough_model_train\DATA\non_cough\non_cough_READY\non_cough\non_cough_021617\data.wav,0.0,1.0,train
session_yamnet_review_670e6d632474,P_YAMNET_b3339edaed,yamnet_review_gold,non_cough,D:\cough_model_train\DATA\non_cough\FSD50K_Negative_clean\25821.wav,5.0,6.0,train
session_yamnet_review_df0b0a300d18,P_YAMNET_3a1cbd20f9,yamnet_review_gold,non_cough,D:\cough_model_train\DATA\non_cough\non_cough_READY\non_cough\non_cough_019318\data.wav,5.0,6.0,train
session_yamnet_review_7b39a6c4b918,P_YAMNET_1e47f6d545,yamnet_review_gold,non_cough,D:\cough_model_train\DATA\non_cough\FSD50K_Negative_clean\419330.wav,11.5,12.5,train
session_yamnet_review_5c839a213a67,P_YAMNET_8cef18d58a,yamnet_review_gold,non_cough,D:\cough_model_train\DATA\non_cough\non_cough_READY\non_cough\non_cough_036824\data.wav,11.5,12.5,train
session_yamnet_review_337389b871ac,P_YAMNET_802659caf0,yamnet_review_gold,non_cough,D:\cough_model_train\DATA\non_cough\FSD50K_Negative_clean\343094.wav,0.5,1.5,train
session_yamnet_review_422de11f79c7,P_YAMNET_8c6725bc1b,yamnet_review_gold,non_cough,D:\cough_model_train\DATA\non_cough\non_cough_READY\non_cough\non_cough_025233\data.wav,0.5,1.5,train
session_yamnet_review_7206726ad5bd,P_YAMNET_fc5ae061ee,yamnet_review_gold,non_cough,D:\cough_model_train\DATA\non_cough\FSD50K_Negative_clean\193817.wav,7.0,8.0,train
session_yamnet_review_ca449e46fc3a,P_YAMNET_fceece7b9d,yamnet_review_gold,non_cough,D:\cough_model_train\DATA\non_cough\non_cough_READY\non_cough\non_cough_011215\data.wav,7.0,8.0,train
session_yamnet_review_d03b9d5f680a,P_YAMNET_a8e3ca6001,yamnet_review_gold,non_cough,D:\cough_model_train\DATA\non_cough\FSD50K_Negative_clean\33673.wav,6.0,7.0,train
session_yamnet_review_541865fc833e,P_YAMNET_c8ca5e5f62,yamnet_review_gold,non_cough,D:\cough_model_train\DATA\non_cough\non_cough_READY\non_cough\non_cough_024314\data.wav,6.0,7.0,train
session_yamnet_review_8e0536499b50,P_YAMNET_3bec6dedeb,yamnet_review_gold,non_cough,D:\cough_model_train\DATA\non_cough\FSD50K_Negative_clean\239496.wav,3.0,4.0,train
session_yamnet_review_96ad241d735d,P_YAMNET_9e5397d31e,yamnet_review_gold,non_cough,D:\cough_model_train\DATA\non_cough\non_cough_READY\non_cough\non_cough_016259\data.wav,3.0,4.0,train
session_yamnet_review_4bb00d435ce1,P_YAMNET_71457fa0ea,yamnet_review_gold,non_cough,D:\cough_model_train\DATA\non_cough\FSD50K_Negative_clean\239495.wav,3.0,4.0,train
session_yamnet_review_6bddc3e02e02,P_YAMNET_733b3d4811,yamnet_review_gold,non_cough,D:\cough_model_train\DATA\non_cough\non_cough_READY\non_cough\non_cough_016258\data.wav,3.0,4.0,train
session_yamnet_review_bc611a385f22,P_YAMNET_5eb882ed4d,yamnet_review_gold,non_cough,D:\cough_model_train\DATA\non_cough\FSD50K_Negative_clean\245337.wav,0.5,1.5,train
session_yamnet_review_66284f05ee24,P_YAMNET_6632d2ad2f,yamnet_review_gold,non_cough,D:\cough_model_train\DATA\non_cough\non_cough_READY\non_cough\non_cough_016933\data.wav,0.5,1.5,train
session_yamnet_review_005481f0882a,P_YAMNET_e814bc811e,yamnet_review_gold,non_cough,D:\cough_model_train\DATA\non_cough\FSD50K_Negative_clean\241536.wav,0.0,1.0,train
session_yamnet_review_7fecb6056d24,P_YAMNET_29015ecbfe,yamnet_review_gold,non_cough,D:\cough_model_train\DATA\non_cough\non_cough_READY\non_cough\non_cough_016514\data.wav,0.0,1.0,train
session_yamnet_review_8d2dac6b9342,P_YAMNET_8a592f44db,yamnet_review_gold,non_cough,D:\cough_model_train\DATA\non_cough\FSD50K_Negative_clean\143650.wav,17.5,18.5,train
session_yamnet_review_e4387d875b18,P_YAMNET_73a282ec45,yamnet_review_gold,non_cough,D:\cough_model_train\DATA\non_cough\non_cough_READY\non_cough\non_cough_005054\data.wav,17.5,18.5,train
session_yamnet_review_a59f5e0c8017,P_YAMNET_61d33ad722,yamnet_review_gold,non_cough,D:\cough_model_train\DATA\non_cough\FSD50K_Negative_clean\223527.wav,3.5,4.5,train
session_yamnet_review_adaa25c08f07,P_YAMNET_946b9f7060,yamnet_review_gold,non_cough,D:\cough_model_train\DATA\non_cough\non_cough_READY\non_cough\non_cough_014623\data.wav,3.5,4.5,train
session_yamnet_review_9dbad89cd864,P_YAMNET_6cac59a694,yamnet_review_gold,non_cough,D:\cough_model_train\DATA\non_cough\FSD50K_Negative_clean\39533.wav,0.5,1.5,train
session_yamnet_review_9b888bd62498,P_YAMNET_1f27f4729f,yamnet_review_gold,non_cough,D:\cough_model_train\DATA\non_cough\non_cough_READY\non_cough\non_cough_034178\data.wav,0.5,1.5,train
session_yamnet_review_aad81fac9cbc,P_YAMNET_247f7dff7a,yamnet_review_gold,non_cough,D:\cough_model_train\DATA\non_cough\FSD50K_Negative_clean\106437.wav,0.0,1.0,train
session_yamnet_review_be9247561a2b,P_YAMNET_e7a8b676bb,yamnet_review_gold,non_cough,D:\cough_model_train\DATA\non_cough\non_cough_1.0_4305\non_cough_000719\data.wav,0.0,1.0,train
session_yamnet_review_97b3e482cb1d,P_YAMNET_ee81f8c7ac,yamnet_review_gold,non_cough,D:\cough_model_train\DATA\non_cough\FSD50K_Negative_clean\239471.wav,4.0,5.0,train
session_yamnet_review_29b17e01fd2f,P_YAMNET_88874b793f,yamnet_review_gold,non_cough,D:\cough_model_train\DATA\non_cough\non_cough_READY\non_cough\non_cough_016251\data.wav,4.0,5.0,train
session_yamnet_review_61fe692e2cfa,P_YAMNET_9b5d8727af,yamnet_review_gold,non_cough,D:\cough_model_train\DATA\non_cough\FSD50K_Negative_clean\392030.wav,2.0,3.0,train
session_yamnet_review_458da6b0fe84,P_YAMNET_76f1286b85,yamnet_review_gold,non_cough,D:\cough_model_train\DATA\non_cough\non_cough_READY\non_cough\non_cough_033827\data.wav,2.0,3.0,train
session_yamnet_review_09269c248093,P_YAMNET_da648369ee,yamnet_review_gold,non_cough,D:\cough_model_train\DATA\non_cough\FSD50K_Negative_clean\193811.wav,1.5,2.5,train
session_yamnet_review_9f7ee8398923,P_YAMNET_735c6bab66,yamnet_review_gold,non_cough,D:\cough_model_train\DATA\non_cough\non_cough_READY\non_cough\non_cough_011210\data.wav,1.5,2.5,train
session_yamnet_review_b7adc245fafd,P_YAMNET_081dc561be,yamnet_review_gold,non_cough,D:\cough_model_train\DATA\non_cough\FSD50K_Negative_clean\195414.wav,10.5,11.5,train
session_yamnet_review_b3ef3e4e602b,P_YAMNET_926bcc5506,yamnet_review_gold,non_cough,D:\cough_model_train\DATA\non_cough\non_cough_READY\non_cough\non_cough_011485\data.wav,10.5,11.5,train
session_yamnet_review_e3b98a1318a7,P_YAMNET_1ab581ac5b,yamnet_review_gold,non_cough,D:\cough_model_train\DATA\non_cough\FSD50K_Negative_clean\324514.wav,0.0,0.951438,train
session_yamnet_review_a80a84a519b5,P_YAMNET_a7f7640f4b,yamnet_review_gold,non_cough,D:\cough_model_train\DATA\non_cough\non_cough_READY\non_cough\non_cough_022674\data.wav,0.0,0.951438,train
session_yamnet_review_0c25d1252837,P_YAMNET_bb9713b141,yamnet_review_gold,non_cough,D:\cough_model_train\DATA\non_cough\FSD50K_Negative_clean\216228.wav,2.5,3.5,train
session_yamnet_review_d3495886fee5,P_YAMNET_1334a7f2ed,yamnet_review_gold,non_cough,D:\cough_model_train\DATA\non_cough\non_cough_READY\non_cough\non_cough_013733\data.wav,2.5,3.5,train
session_yamnet_review_bfac51eca410,P_YAMNET_aeb49f1a23,yamnet_review_gold,non_cough,D:\cough_model_train\DATA\non_cough\FSD50K_Negative_clean\82603.wav,12.5,13.5,train
session_yamnet_review_c594215440f9,P_YAMNET_43b23a9a5a,yamnet_review_gold,non_cough,D:\cough_model_train\DATA\non_cough\non_cough_READY\non_cough\non_cough_043410\data.wav,12.5,13.5,train
session_yamnet_review_bfbd052098ee,P_YAMNET_6277399269,yamnet_review_gold,non_cough,D:\cough_model_train\DATA\non_cough\FSD50K_Negative_clean\268269.wav,0.5,1.5,train
session_yamnet_review_253e8b2f7f30,P_YAMNET_653c76e7b0,yamnet_review_gold,non_cough,D:\cough_model_train\DATA\non_cough\non_cough_READY\non_cough\non_cough_020184\data.wav,0.5,1.5,train
session_yamnet_review_8cbc22b99990,P_YAMNET_d41bdcf3bf,yamnet_review_gold,non_cough,D:\cough_model_train\DATA\non_cough\FSD50K_Negative_clean\59599.wav,1.0,2.0,train
session_yamnet_review_4ffbc9874d1c,P_YAMNET_c1bda7cff6,yamnet_review_gold,non_cough,D:\cough_model_train\DATA\non_cough\non_cough_READY\non_cough\non_cough_040292\data.wav,1.0,2.0,train
session_yamnet_review_559f53dff828,P_YAMNET_66f6eaa9a9,yamnet_review_gold,non_cough,D:\cough_model_train\DATA\non_cough\FSD50K_Negative_clean\363474.wav,3.5,4.5,train
session_yamnet_review_1d40557cb032,P_YAMNET_5309e83793,yamnet_review_gold,non_cough,D:\cough_model_train\DATA\non_cough\non_cough_READY\non_cough\non_cough_029297\data.wav,3.5,4.5,train
session_yamnet_review_7040f3035cac,P_YAMNET_fc5ca501a1,yamnet_review_gold,non_cough,D:\cough_model_train\DATA\non_cough\FSD50K_Negative_clean\420210.wav,9.5,10.5,train
session_yamnet_review_de1684542467,P_YAMNET_8ab413a3e1,yamnet_review_gold,non_cough,D:\cough_model_train\DATA\non_cough\non_cough_READY\non_cough\non_cough_036890\data.wav,9.5,10.5,train
session_yamnet_review_e045068b8217,P_YAMNET_846f4c976c,yamnet_review_gold,non_cough,D:\cough_model_train\DATA\non_cough\FSD50K_Negative_clean\119161.wav,0.5,1.5,train
session_yamnet_review_8617a623c88b,P_YAMNET_7448ea3fe8,yamnet_review_gold,non_cough,D:\cough_model_train\DATA\non_cough\non_cough_1.0_4305\non_cough_002121\data.wav,0.5,1.5,train
session_yamnet_review_2055df7382ce,P_YAMNET_620d6e377f,yamnet_review_gold,non_cough,D:\cough_model_train\DATA\non_cough\FSD50K_Negative_clean\92929.wav,0.0,1.0,train
session_yamnet_review_295fb0b8d0c9,P_YAMNET_32a716a686,yamnet_review_gold,non_cough,D:\cough_model_train\DATA\non_cough\non_cough_READY\non_cough\non_cough_044849\data.wav,0.0,1.0,train
session_yamnet_review_016783fa48ca,P_YAMNET_2da4d7cc3d,yamnet_review_gold,non_cough,D:\cough_model_train\DATA\non_cough\FSD50K_Negative_clean\270492.wav,4.5,5.5,train
session_yamnet_review_8dfde1933308,P_YAMNET_ce7004fbdc,yamnet_review_gold,non_cough,D:\cough_model_train\DATA\non_cough\non_cough_READY\non_cough\non_cough_020435\data.wav,4.5,5.5,train
session_yamnet_review_74ef31bc649f,P_YAMNET_878ba51cd2,yamnet_review_gold,non_cough,D:\cough_model_train\DATA\non_cough\FSD50K_Negative_clean\235042.wav,0.0,1.0,train
session_yamnet_review_638bb981100e,P_YAMNET_df3505d0e4,yamnet_review_gold,non_cough,D:\cough_model_train\DATA\non_cough\non_cough_READY\non_cough\non_cough_015305\data.wav,0.0,1.0,train
session_yamnet_review_6e0f2b55e640,P_YAMNET_127470dc06,yamnet_review_gold,non_cough,D:\cough_model_train\DATA\non_cough\FSD50K_Negative_clean\15712.wav,1.0,2.0,train
session_yamnet_review_76017b9727c5,P_YAMNET_5f71feaff8,yamnet_review_gold,non_cough,D:\cough_model_train\DATA\non_cough\non_cough_READY\non_cough\non_cough_006933\data.wav,1.0,2.0,train
session_yamnet_review_1bc69eae38f5,P_YAMNET_74ea44a148,yamnet_review_gold,non_cough,D:\cough_model_train\DATA\non_cough\FSD50K_Negative_clean\363647.wav,0.5,1.5,train
session_yamnet_review_0c7e0acbcfa9,P_YAMNET_f4728f2b58,yamnet_review_gold,non_cough,D:\cough_model_train\DATA\non_cough\non_cough_READY\non_cough\non_cough_029301\data.wav,0.5,1.5,train
session_yamnet_review_bdcb160a9345,P_YAMNET_2df517564e,yamnet_review_gold,non_cough,D:\cough_model_train\DATA\non_cough\FSD50K_Negative_clean\345746.wav,1.0,2.0,train
session_yamnet_review_2b05a9df6f54,P_YAMNET_eecdd66f4d,yamnet_review_gold,non_cough,D:\cough_model_train\DATA\non_cough\non_cough_READY\non_cough\non_cough_025518\data.wav,1.0,2.0,train
session_yamnet_review_c53a3ee9f375,P_YAMNET_f28ee9c39b,yamnet_review_gold,non_cough,D:\cough_model_train\DATA\non_cough\FSD50K_Negative_clean\253528.wav,2.0,3.0,train
session_yamnet_review_717647d46b64,P_YAMNET_1397332c37,yamnet_review_gold,non_cough,D:\cough_model_train\DATA\non_cough\non_cough_READY\non_cough\non_cough_018648\data.wav,2.0,3.0,train
session_yamnet_review_6b364bf6765e,P_YAMNET_da13db964e,yamnet_review_gold,non_cough,D:\cough_model_train\DATA\non_cough\FSD50K_Negative_clean\240333.wav,6.0,7.0,train
session_yamnet_review_f3cf2699d5b9,P_YAMNET_636b31dd6c,yamnet_review_gold,non_cough,D:\cough_model_train\DATA\non_cough\non_cough_READY\non_cough\non_cough_016425\data.wav,6.0,7.0,train
session_yamnet_review_4f6ce28e130d,P_YAMNET_943af0d6a5,yamnet_review_gold,non_cough,D:\cough_model_train\DATA\non_cough\FSD50K_Negative_clean\159277.wav,7.0,8.0,train
session_yamnet_review_649194b4f131,P_YAMNET_ab84262376,yamnet_review_gold,non_cough,D:\cough_model_train\DATA\non_cough\non_cough_READY\non_cough\non_cough_007133\data.wav,7.0,8.0,train
session_yamnet_review_f6eed6532f34,P_YAMNET_53eb626cb4,yamnet_review_gold,non_cough,D:\cough_model_train\DATA\non_cough\FSD50K_Negative_clean\319939.wav,5.5,6.5,train
session_yamnet_review_14ec1b76daaa,P_YAMNET_1c5ff9a88c,yamnet_review_gold,non_cough,D:\cough_model_train\DATA\non_cough\non_cough_READY\non_cough\non_cough_022067\data.wav,5.5,6.5,train
session_yamnet_review_5d7f20803250,P_YAMNET_1f8a8f91fd,yamnet_review_gold,non_cough,D:\cough_model_train\DATA\non_cough\FSD50K_Negative_clean\120898.wav,8.5,9.5,train
session_yamnet_review_cc49ad95e5ae,P_YAMNET_f25f17443a,yamnet_review_gold,non_cough,D:\cough_model_train\DATA\non_cough\non_cough_1.0_4305\non_cough_002563\data.wav,8.5,9.5,train
session_yamnet_review_5c124178d8ca,P_YAMNET_94f66fd9bc,yamnet_review_gold,non_cough,D:\cough_model_train\DATA\non_cough\FSD50K_Negative_clean\425588.wav,6.5,7.5,train
session_yamnet_review_b57d7f2dc9b5,P_YAMNET_2732e25e37,yamnet_review_gold,non_cough,D:\cough_model_train\DATA\non_cough\non_cough_READY\non_cough\non_cough_037442\data.wav,6.5,7.5,train
session_yamnet_review_41dc6cc27810,P_YAMNET_de4d07940d,yamnet_review_gold,non_cough,D:\cough_model_train\DATA\non_cough\FSD50K_Negative_clean\200338.wav,6.0,7.0,train
session_yamnet_review_4510e1ef03bb,P_YAMNET_6f1a611211,yamnet_review_gold,non_cough,D:\cough_model_train\DATA\non_cough\non_cough_READY\non_cough\non_cough_012059\data.wav,6.0,7.0,train
session_yamnet_review_98b4987d5309,P_YAMNET_9af7e063d7,yamnet_review_gold,non_cough,D:\cough_model_train\DATA\non_cough\FSD50K_Negative_clean\116890.wav,0.0,1.0,train
session_yamnet_review_4167c87ff82a,P_YAMNET_c295378746,yamnet_review_gold,non_cough,D:\cough_model_train\DATA\non_cough\non_cough_1.0_4305\non_cough_001705\data.wav,0.0,1.0,train
session_yamnet_review_c236fd318ed7,P_YAMNET_185bc4c28f,yamnet_review_gold,non_cough,D:\cough_model_train\DATA\non_cough\FSD50K_Negative_clean\274511.wav,0.0,1.0,train
session_yamnet_review_708629cb38b8,P_YAMNET_625ba7a4ff,yamnet_review_gold,non_cough,D:\cough_model_train\DATA\non_cough\non_cough_READY\non_cough\non_cough_020851\data.wav,0.0,1.0,train
session_yamnet_review_8e9425172145,P_YAMNET_99539abde5,yamnet_review_gold,non_cough,D:\cough_model_train\DATA\non_cough\FSD50K_Negative_clean\380696.wav,1.0,2.0,train
session_yamnet_review_29ab17d4fbc6,P_YAMNET_3009ba4720,yamnet_review_gold,non_cough,D:\cough_model_train\DATA\non_cough\non_cough_READY\non_cough\non_cough_032188\data.wav,1.0,2.0,train
session_yamnet_review_f16ef08eec46,P_YAMNET_1b2e8f3feb,yamnet_review_gold,non_cough,D:\cough_model_train\DATA\non_cough\FSD50K_Negative_clean\121306.wav,1.0,2.0,train
session_yamnet_review_453de763b754,P_YAMNET_1fb14c7095,yamnet_review_gold,non_cough,D:\cough_model_train\DATA\non_cough\non_cough_1.0_4305\non_cough_002603\data.wav,1.0,2.0,train
session_yamnet_review_9f9a45bf0eef,P_YAMNET_c40889202f,yamnet_review_gold,non_cough,D:\cough_model_train\DATA\non_cough\FSD50K_Negative_clean\157592.wav,3.0,4.0,train
session_yamnet_review_ffab7ed13d25,P_YAMNET_944a7af8cb,yamnet_review_gold,non_cough,D:\cough_model_train\DATA\non_cough\non_cough_READY\non_cough\non_cough_006979\data.wav,3.0,4.0,train
session_yamnet_review_36cd3f486118,P_YAMNET_47c10fc24b,yamnet_review_gold,non_cough,D:\cough_model_train\DATA\non_cough\FSD50K_Negative_clean\214516.wav,4.5,5.5,train
session_yamnet_review_628414a347a4,P_YAMNET_7e2e97f862,yamnet_review_gold,non_cough,D:\cough_model_train\DATA\non_cough\non_cough_READY\non_cough\non_cough_013585\data.wav,4.5,5.5,train
session_yamnet_review_70ce55301c53,P_YAMNET_e22c237e55,yamnet_review_gold,non_cough,D:\cough_model_train\DATA\non_cough\FSD50K_Negative_clean\103173.wav,0.5,1.5,train
session_yamnet_review_c42b1684a35e,P_YAMNET_3cc3a70f00,yamnet_review_gold,non_cough,D:\cough_model_train\DATA\non_cough\non_cough_1.0_4305\non_cough_000368\data.wav,0.5,1.5,train
session_yamnet_review_b7c8b0b7af02,P_YAMNET_1338210785,yamnet_review_gold,non_cough,D:\cough_model_train\DATA\non_cough\FSD50K_Negative_clean\380695.wav,1.0,2.0,train
session_yamnet_review_96942899bfbc,P_YAMNET_237dfcee7b,yamnet_review_gold,non_cough,D:\cough_model_train\DATA\non_cough\non_cough_READY\non_cough\non_cough_032187\data.wav,1.0,2.0,train
session_yamnet_review_789dd8bcd301,P_YAMNET_c19692dcdf,yamnet_review_gold,non_cough,D:\cough_model_train\DATA\non_cough\FSD50K_Negative_clean\130369.wav,7.0,8.0,train
session_yamnet_review_27321286fafe,P_YAMNET_3e994d3398,yamnet_review_gold,non_cough,D:\cough_model_train\DATA\non_cough\non_cough_1.0_4305\non_cough_003442\data.wav,7.0,8.0,train
session_yamnet_review_1f594756582f,P_YAMNET_d42315e5e0,yamnet_review_gold,non_cough,D:\cough_model_train\DATA\non_cough\FSD50K_Negative_clean\161427.wav,6.0,7.0,train
session_yamnet_review_4e3811ac496c,P_YAMNET_1f2bd9c03d,yamnet_review_gold,non_cough,D:\cough_model_train\DATA\non_cough\non_cough_READY\non_cough\non_cough_007384\data.wav,6.0,7.0,train
session_yamnet_review_7e55f81bca57,P_YAMNET_df14436692,yamnet_review_gold,non_cough,D:\cough_model_train\DATA\non_cough\FSD50K_Negative_clean\257874.wav,0.5,1.5,train
session_yamnet_review_4cfd8b249871,P_YAMNET_7dae4c0563,yamnet_review_gold,non_cough,D:\cough_model_train\DATA\non_cough\non_cough_READY\non_cough\non_cough_019248\data.wav,0.5,1.5,train
session_yamnet_review_49b0fcb4a451,P_YAMNET_e56cb52f10,yamnet_review_gold,non_cough,D:\cough_model_train\DATA\non_cough\FSD50K_Negative_clean\419267.wav,5.0,6.0,train
session_yamnet_review_a6272ef4aeab,P_YAMNET_dd5e859874,yamnet_review_gold,non_cough,D:\cough_model_train\DATA\non_cough\non_cough_READY\non_cough\non_cough_036809\data.wav,5.0,6.0,train
session_yamnet_review_8b578f9c7360,P_YAMNET_70d4b772fd,yamnet_review_gold,non_cough,D:\cough_model_train\DATA\non_cough\FSD50K_Negative_clean\213567.wav,4.0,5.0,train
session_yamnet_review_5b4116beacf0,P_YAMNET_1e2bb97570,yamnet_review_gold,non_cough,D:\cough_model_train\DATA\non_cough\non_cough_READY\non_cough\non_cough_013508\data.wav,4.0,5.0,train
session_yamnet_review_a870d3ba5364,P_YAMNET_b47a6483be,yamnet_review_gold,non_cough,D:\cough_model_train\DATA\non_cough\FSD50K_Negative_clean\119219.wav,0.5,1.5,train
session_yamnet_review_c5f85d737a74,P_YAMNET_91f65912c3,yamnet_review_gold,non_cough,D:\cough_model_train\DATA\non_cough\non_cough_1.0_4305\non_cough_002164\data.wav,0.5,1.5,train
session_yamnet_review_0cbf44864986,P_YAMNET_a410cff239,yamnet_review_gold,non_cough,D:\cough_model_train\DATA\non_cough\FSD50K_Negative_clean\187091.wav,3.0,4.0,train
session_yamnet_review_d86a6d5ea99d,P_YAMNET_fcdeae7e93,yamnet_review_gold,non_cough,D:\cough_model_train\DATA\non_cough\non_cough_READY\non_cough\non_cough_010527\data.wav,3.0,4.0,train
session_yamnet_review_f2a062cb88b7,P_YAMNET_de97103588,yamnet_review_gold,non_cough,D:\cough_model_train\DATA\non_cough\FSD50K_Negative_clean\110317.wav,17.5,18.5,train
session_yamnet_review_007daf3a5c45,P_YAMNET_c86346bb81,yamnet_review_gold,non_cough,D:\cough_model_train\DATA\non_cough\non_cough_1.0_4305\non_cough_001124\data.wav,17.5,18.5,train
session_yamnet_review_e7a0cba523c0,P_YAMNET_f27ff9889b,yamnet_review_gold,non_cough,D:\cough_model_train\DATA\non_cough\FSD50K_Negative_clean\318987.wav,4.0,5.0,train
session_yamnet_review_26be54cb4199,P_YAMNET_d55c80231f,yamnet_review_gold,non_cough,D:\cough_model_train\DATA\non_cough\non_cough_READY\non_cough\non_cough_021974\data.wav,4.0,5.0,train
session_yamnet_review_b2d4b705198e,P_YAMNET_937383e443,yamnet_review_gold,non_cough,D:\cough_model_train\DATA\non_cough\FSD50K_Negative_clean\332561.wav,4.0,5.0,train
session_yamnet_review_1bc53cc01efe,P_YAMNET_46ec98ce40,yamnet_review_gold,non_cough,D:\cough_model_train\DATA\non_cough\non_cough_READY\non_cough\non_cough_023795\data.wav,4.0,5.0,train
session_yamnet_review_c2f92eaad448,P_YAMNET_8b8fc0e034,yamnet_review_gold,non_cough,D:\cough_model_train\DATA\non_cough\FSD50K_Negative_clean\210633.wav,8.5,9.5,train
session_yamnet_review_809601e1b9ff,P_YAMNET_54ca96cecb,yamnet_review_gold,non_cough,D:\cough_model_train\DATA\non_cough\non_cough_READY\non_cough\non_cough_013094\data.wav,8.5,9.5,train
session_yamnet_review_aa39805e05bb,P_YAMNET_dced01feae,yamnet_review_gold,non_cough,D:\cough_model_train\DATA\non_cough\FSD50K_Negative_clean\324339.wav,4.5,5.5,train
session_yamnet_review_d94fa0c1e9c2,P_YAMNET_4b62b6e17c,yamnet_review_gold,non_cough,D:\cough_model_train\DATA\non_cough\non_cough_READY\non_cough\non_cough_022644\data.wav,4.5,5.5,train
session_yamnet_review_1cf1999ce8b9,P_YAMNET_f31482cf43,yamnet_review_gold,non_cough,D:\cough_model_train\DATA\non_cough\FSD50K_Negative_clean\360603.wav,0.5,1.5,train
session_yamnet_review_7c20aa21a814,P_YAMNET_e9ce62e512,yamnet_review_gold,non_cough,D:\cough_model_train\DATA\non_cough\non_cough_READY\non_cough\non_cough_028940\data.wav,0.5,1.5,train
session_yamnet_review_f21e05eb83d5,P_YAMNET_45682bed57,yamnet_review_gold,non_cough,D:\cough_model_train\DATA\non_cough\FSD50K_Negative_clean\387772.wav,11.0,12.0,train
session_yamnet_review_55fd5e4f8db9,P_YAMNET_e2ba45c963,yamnet_review_gold,non_cough,D:\cough_model_train\DATA\non_cough\non_cough_READY\non_cough\non_cough_033263\data.wav,11.0,12.0,train
session_yamnet_review_45b5644a1c9a,P_YAMNET_12ed4eeba3,yamnet_review_gold,non_cough,D:\cough_model_train\DATA\non_cough\FSD50K_Negative_clean\348816.wav,10.5,11.5,train
session_yamnet_review_d9d5242ba491,P_YAMNET_e76d886865,yamnet_review_gold,non_cough,D:\cough_model_train\DATA\non_cough\non_cough_READY\non_cough\non_cough_025907\data.wav,10.5,11.5,train
session_yamnet_review_26394b097da1,P_YAMNET_91c5268b3c,yamnet_review_gold,non_cough,D:\cough_model_train\DATA\non_cough\FSD50K_Negative_clean\24604.wav,7.5,8.5,train
session_yamnet_review_91a072bc7c40,P_YAMNET_9414dda8f8,yamnet_review_gold,non_cough,D:\cough_model_train\DATA\non_cough\non_cough_READY\non_cough\non_cough_017033\data.wav,7.5,8.5,train
session_yamnet_review_0eb51bb9a653,P_YAMNET_f56f0563ec,yamnet_review_gold,non_cough,D:\cough_model_train\DATA\non_cough\FSD50K_Negative_clean\265181.wav,7.5,8.5,train
session_yamnet_review_2fc6613ef6cf,P_YAMNET_0bb25105b7,yamnet_review_gold,non_cough,D:\cough_model_train\DATA\non_cough\non_cough_READY\non_cough\non_cough_019870\data.wav,7.5,8.5,train
session_yamnet_review_e6a6fdfc19a6,P_YAMNET_3d13ee2261,yamnet_review_gold,non_cough,D:\cough_model_train\DATA\non_cough\FSD50K_Negative_clean\399666.wav,1.5,2.5,train
session_yamnet_review_7343c49f931a,P_YAMNET_968daf33a5,yamnet_review_gold,non_cough,D:\cough_model_train\DATA\non_cough\non_cough_READY\non_cough\non_cough_034614\data.wav,1.5,2.5,train
session_yamnet_review_6c384c7d6065,P_YAMNET_2c54223e57,yamnet_review_gold,non_cough,D:\cough_model_train\DATA\non_cough\FSD50K_Negative_clean\377496.wav,4.5,5.5,train
session_yamnet_review_f6c02468b4c8,P_YAMNET_21c513098a,yamnet_review_gold,non_cough,D:\cough_model_train\DATA\non_cough\non_cough_READY\non_cough\non_cough_031733\data.wav,4.5,5.5,train
session_yamnet_review_577dc8ea2d55,P_YAMNET_f51676ef70,yamnet_review_gold,non_cough,D:\cough_model_train\DATA\non_cough\FSD50K_Negative_clean\221522.wav,1.5,2.5,train
session_yamnet_review_82c9fd05b8be,P_YAMNET_a93debf8ef,yamnet_review_gold,non_cough,D:\cough_model_train\DATA\non_cough\non_cough_READY\non_cough\non_cough_014350\data.wav,1.5,2.5,train
session_yamnet_review_6ea58663f590,P_YAMNET_4dd5bad617,yamnet_review_gold,non_cough,D:\cough_model_train\DATA\non_cough\FSD50K_Negative_clean\381460.wav,0.5,1.5,train
session_yamnet_review_d990f40be5e9,P_YAMNET_469b8c1948,yamnet_review_gold,non_cough,D:\cough_model_train\DATA\non_cough\non_cough_READY\non_cough\non_cough_032270\data.wav,0.5,1.5,train
session_yamnet_review_a9b4429b1d59,P_YAMNET_2461e4ba94,yamnet_review_gold,non_cough,D:\cough_model_train\DATA\non_cough\FSD50K_Negative_clean\373687.wav,6.0,7.0,train
session_yamnet_review_a7c9f4636c4c,P_YAMNET_aed3454a2b,yamnet_review_gold,non_cough,D:\cough_model_train\DATA\non_cough\non_cough_READY\non_cough\non_cough_030904\data.wav,6.0,7.0,train
session_yamnet_review_c946c3c85b80,P_YAMNET_f4524e6daf,yamnet_review_gold,non_cough,D:\cough_model_train\DATA\non_cough\FSD50K_Negative_clean\223321.wav,8.0,9.0,train
session_yamnet_review_65cfb7db8b19,P_YAMNET_75e18189a6,yamnet_review_gold,non_cough,D:\cough_model_train\DATA\non_cough\non_cough_READY\non_cough\non_cough_014598\data.wav,8.0,9.0,train
session_yamnet_review_818af8775e77,P_YAMNET_1372467d9e,yamnet_review_gold,non_cough,D:\cough_model_train\DATA\non_cough\FSD50K_Negative_clean\69511.wav,1.0,2.0,train
session_yamnet_review_1b9dd9deca94,P_YAMNET_27bce74b14,yamnet_review_gold,non_cough,D:\cough_model_train\DATA\non_cough\non_cough_READY\non_cough\non_cough_041786\data.wav,1.0,2.0,train
session_yamnet_review_ed5338387e75,P_YAMNET_2d770a56e4,yamnet_review_gold,non_cough,D:\cough_model_train\DATA\non_cough\FSD50K_Negative_clean\85747.wav,3.0,4.0,train
session_yamnet_review_c9a29f1c8fc2,P_YAMNET_33801cb9fe,yamnet_review_gold,non_cough,D:\cough_model_train\DATA\non_cough\non_cough_READY\non_cough\non_cough_043829\data.wav,3.0,4.0,train
session_yamnet_review_2001b989cabc,P_YAMNET_a39a9eb528,yamnet_review_gold,non_cough,D:\cough_model_train\DATA\non_cough\FSD50K_Negative_clean\67828.wav,7.0,8.0,train
session_yamnet_review_88af90a6cafb,P_YAMNET_a1e9849f8a,yamnet_review_gold,non_cough,D:\cough_model_train\DATA\non_cough\non_cough_READY\non_cough\non_cough_041587\data.wav,7.0,8.0,train
session_yamnet_review_7e2fc38c1d52,P_YAMNET_7773e41cd7,yamnet_review_gold,non_cough,D:\cough_model_train\DATA\non_cough\FSD50K_Negative_clean\338950.wav,0.5,1.5,train
session_yamnet_review_1e4dbc6b0492,P_YAMNET_a2a1ca9eed,yamnet_review_gold,non_cough,D:\cough_model_train\DATA\non_cough\non_cough_READY\non_cough\non_cough_024661\data.wav,0.5,1.5,train
session_yamnet_review_b3beca27752d,P_YAMNET_935dbcd506,yamnet_review_gold,non_cough,D:\cough_model_train\DATA\non_cough\FSD50K_Negative_clean\111615.wav,16.5,17.5,train
session_yamnet_review_4a26746a1998,P_YAMNET_7cb3977edb,yamnet_review_gold,non_cough,D:\cough_model_train\DATA\non_cough\non_cough_1.0_4305\non_cough_001258\data.wav,16.5,17.5,train
session_yamnet_review_14a0e9c90249,P_YAMNET_8d8557382f,yamnet_review_gold,non_cough,D:\cough_model_train\DATA\non_cough\FSD50K_Negative_clean\246900.wav,1.5,2.5,train
session_yamnet_review_6c6e9ccfcc3a,P_YAMNET_2f5eeea270,yamnet_review_gold,non_cough,D:\cough_model_train\DATA\non_cough\non_cough_READY\non_cough\non_cough_017231\data.wav,1.5,2.5,train
session_yamnet_review_1a57c3743d2b,P_YAMNET_a79620bb82,yamnet_review_gold,non_cough,D:\cough_model_train\DATA\non_cough\FSD50K_Negative_clean\141530.wav,4.5,5.5,train
session_yamnet_review_4195f86aa4d9,P_YAMNET_18635ec937,yamnet_review_gold,non_cough,D:\cough_model_train\DATA\non_cough\non_cough_READY\non_cough\non_cough_004796\data.wav,4.5,5.5,train
session_yamnet_review_78c0f12318ad,P_YAMNET_bc93babed1,yamnet_review_gold,non_cough,D:\cough_model_train\DATA\non_cough\FSD50K_Negative_clean\52231.wav,1.0,2.0,train
session_yamnet_review_5a5f90eb28d9,P_YAMNET_0b44a07079,yamnet_review_gold,non_cough,D:\cough_model_train\DATA\non_cough\non_cough_READY\non_cough\non_cough_039258\data.wav,1.0,2.0,train
session_yamnet_review_cf4de0c85630,P_YAMNET_a8aa46e677,yamnet_review_gold,non_cough,D:\cough_model_train\DATA\non_cough\FSD50K_Negative_clean\324351.wav,1.5,2.5,train
session_yamnet_review_1328b7ebd8a5,P_YAMNET_b092e1e6a1,yamnet_review_gold,non_cough,D:\cough_model_train\DATA\non_cough\non_cough_READY\non_cough\non_cough_022656\data.wav,1.5,2.5,train
session_yamnet_review_f0a436dc2c29,P_YAMNET_f187755d7f,yamnet_review_gold,non_cough,D:\cough_model_train\DATA\non_cough\FSD50K_Negative_clean\119344.wav,2.5,3.5,train
session_yamnet_review_7bd830f9ac33,P_YAMNET_362972aae3,yamnet_review_gold,non_cough,D:\cough_model_train\DATA\non_cough\non_cough_1.0_4305\non_cough_002284\data.wav,2.5,3.5,train
session_yamnet_review_ecd2f764e486,P_YAMNET_f40f7e6d13,yamnet_review_gold,non_cough,D:\cough_model_train\DATA\non_cough\FSD50K_Negative_clean\348820.wav,20.0,21.0,train
session_yamnet_review_5cec9fbd40e6,P_YAMNET_bc3df1201d,yamnet_review_gold,non_cough,D:\cough_model_train\DATA\non_cough\non_cough_READY\non_cough\non_cough_025909\data.wav,20.0,21.0,train
session_yamnet_review_0b83f235921e,P_YAMNET_51a119d625,yamnet_review_gold,non_cough,D:\cough_model_train\DATA\non_cough\FSD50K_Negative_clean\319964.wav,8.0,9.0,train
session_yamnet_review_c556f66f1d95,P_YAMNET_0e14290eff,yamnet_review_gold,non_cough,D:\cough_model_train\DATA\non_cough\non_cough_READY\non_cough\non_cough_022073\data.wav,8.0,9.0,train
session_yamnet_review_abfee00f765a,P_YAMNET_8c226c2749,yamnet_review_gold,non_cough,D:\cough_model_train\DATA\non_cough\FSD50K_Negative_clean\380760.wav,16.5,17.5,train
session_yamnet_review_d246d95eaa98,P_YAMNET_6c8f8b40fc,yamnet_review_gold,non_cough,D:\cough_model_train\DATA\non_cough\non_cough_READY\non_cough\non_cough_032195\data.wav,16.5,17.5,train
session_yamnet_review_fecd2ed4d6bb,P_YAMNET_4a39427201,yamnet_review_gold,non_cough,D:\cough_model_train\DATA\non_cough\FSD50K_Negative_clean\360604.wav,1.0,2.0,train
session_yamnet_review_30741a7d1033,P_YAMNET_d0825cdbda,yamnet_review_gold,non_cough,D:\cough_model_train\DATA\non_cough\non_cough_READY\non_cough\non_cough_028941\data.wav,1.0,2.0,train
session_yamnet_review_f97b3ad122ab,P_YAMNET_b788991e59,yamnet_review_gold,non_cough,D:\cough_model_train\DATA\non_cough\FSD50K_Negative_clean\247634.wav,0.5,1.5,train
session_yamnet_review_888d969d78b1,P_YAMNET_ee71727c65,yamnet_review_gold,non_cough,D:\cough_model_train\DATA\non_cough\non_cough_READY\non_cough\non_cough_017635\data.wav,0.5,1.5,train
session_yamnet_review_6b1af87f876f,P_YAMNET_3601acdd8d,yamnet_review_gold,non_cough,D:\cough_model_train\DATA\non_cough\FSD50K_Negative_clean\238244.wav,0.5,1.5,train
session_yamnet_review_0269fbfd7214,P_YAMNET_211ea5a896,yamnet_review_gold,non_cough,D:\cough_model_train\DATA\non_cough\non_cough_READY\non_cough\non_cough_016025\data.wav,0.5,1.5,train
session_yamnet_review_995d9131770c,P_YAMNET_98edcac453,yamnet_review_gold,non_cough,D:\cough_model_train\DATA\non_cough\FSD50K_Negative_clean\243480.wav,21.0,22.0,train
session_yamnet_review_1ea46369b711,P_YAMNET_6e786bbbd2,yamnet_review_gold,non_cough,D:\cough_model_train\DATA\non_cough\non_cough_READY\non_cough\non_cough_016748\data.wav,21.0,22.0,train
session_yamnet_review_bcc7d4dcf66b,P_YAMNET_4d150eb99b,yamnet_review_gold,non_cough,D:\cough_model_train\DATA\non_cough\FSD50K_Negative_clean\391758.wav,3.0,4.0,train
session_yamnet_review_04cac69a885c,P_YAMNET_e9e8ae852c,yamnet_review_gold,non_cough,D:\cough_model_train\DATA\non_cough\non_cough_READY\non_cough\non_cough_033778\data.wav,3.0,4.0,train
session_yamnet_review_4b377f5b0e64,P_YAMNET_c47e462602,yamnet_review_gold,non_cough,D:\cough_model_train\DATA\non_cough\FSD50K_Negative_clean\148480.wav,9.5,10.5,train
session_yamnet_review_d947df1a4d55,P_YAMNET_2f4cd03ac9,yamnet_review_gold,non_cough,D:\cough_model_train\DATA\non_cough\non_cough_READY\non_cough\non_cough_005574\data.wav,9.5,10.5,train
session_yamnet_review_2c3e7b251cad,P_YAMNET_a9dc431aec,yamnet_review_gold,non_cough,D:\cough_model_train\DATA\non_cough\FSD50K_Negative_clean\324340.wav,0.5,1.5,train
session_yamnet_review_61ae2c4e361e,P_YAMNET_868fa7f800,yamnet_review_gold,non_cough,D:\cough_model_train\DATA\non_cough\non_cough_READY\non_cough\non_cough_022645\data.wav,0.5,1.5,train
session_yamnet_review_05bd8b54bacc,P_YAMNET_fe726356fe,yamnet_review_gold,non_cough,D:\cough_model_train\DATA\non_cough\FSD50K_Negative_clean\119220.wav,0.5,1.5,train
session_yamnet_review_ed024348392d,P_YAMNET_5ff5217e35,yamnet_review_gold,non_cough,D:\cough_model_train\DATA\non_cough\non_cough_1.0_4305\non_cough_002165\data.wav,0.5,1.5,train
session_yamnet_review_c15a9fd139f1,P_YAMNET_acca20af27,yamnet_review_gold,non_cough,D:\cough_model_train\DATA\non_cough\FSD50K_Negative_clean\149395.wav,1.5,2.5,train
session_yamnet_review_7dad545904ab,P_YAMNET_02153dff6f,yamnet_review_gold,non_cough,D:\cough_model_train\DATA\non_cough\non_cough_READY\non_cough\non_cough_005701\data.wav,1.5,2.5,train
session_yamnet_review_7deb219417d5,P_YAMNET_ae1b19fef7,yamnet_review_gold,non_cough,D:\cough_model_train\DATA\non_cough\FSD50K_Negative_clean\66989.wav,3.5,4.5,train
session_yamnet_review_ab9512cab83b,P_YAMNET_5349c8b41b,yamnet_review_gold,non_cough,D:\cough_model_train\DATA\non_cough\non_cough_READY\non_cough\non_cough_041461\data.wav,3.5,4.5,train
session_yamnet_review_0a70188b79ce,P_YAMNET_5b4177ce62,yamnet_review_gold,non_cough,D:\cough_model_train\DATA\non_cough\FSD50K_Negative_clean\153593.wav,0.5,1.5,train
session_yamnet_review_ac3da6cf4eab,P_YAMNET_7ef1e36b7a,yamnet_review_gold,non_cough,D:\cough_model_train\DATA\non_cough\non_cough_READY\non_cough\non_cough_006170\data.wav,0.5,1.5,train
session_yamnet_review_98b2fdcb8642,P_YAMNET_27d65990e8,yamnet_review_gold,non_cough,D:\cough_model_train\DATA\non_cough\FSD50K_Negative_clean\146351.wav,0.5,1.5,train
session_yamnet_review_75747b2b488f,P_YAMNET_ed506e07a0,yamnet_review_gold,non_cough,D:\cough_model_train\DATA\non_cough\non_cough_READY\non_cough\non_cough_005381\data.wav,0.5,1.5,train
session_yamnet_review_7f0defcb1293,P_YAMNET_d21c8f2857,yamnet_review_gold,non_cough,D:\cough_model_train\DATA\non_cough\FSD50K_Negative_clean\373688.wav,1.5,2.5,train
session_yamnet_review_7028095e2867,P_YAMNET_0f8e8a92be,yamnet_review_gold,non_cough,D:\cough_model_train\DATA\non_cough\non_cough_READY\non_cough\non_cough_030905\data.wav,1.5,2.5,train
session_yamnet_review_69f9295a2a5d,P_YAMNET_b48e73d432,yamnet_review_gold,non_cough,D:\cough_model_train\DATA\non_cough\FSD50K_Negative_clean\251815.wav,2.0,3.0,train
session_yamnet_review_4a93e0eb3d47,P_YAMNET_4b662730da,yamnet_review_gold,non_cough,D:\cough_model_train\DATA\non_cough\non_cough_READY\non_cough\non_cough_018458\data.wav,2.0,3.0,train
session_yamnet_review_6e7eae560091,P_YAMNET_2b273455b7,yamnet_review_gold,non_cough,D:\cough_model_train\DATA\non_cough\FSD50K_Negative_clean\141534.wav,1.0,2.0,train
session_yamnet_review_23a648ccda4c,P_YAMNET_3aef14b5cb,yamnet_review_gold,non_cough,D:\cough_model_train\DATA\non_cough\non_cough_READY\non_cough\non_cough_004800\data.wav,1.0,2.0,train
session_yamnet_review_302cbf894c1c,P_YAMNET_3747a1f43f,yamnet_review_gold,non_cough,D:\cough_model_train\DATA\non_cough\FSD50K_Negative_clean\404387.wav,19.0,20.0,train
session_yamnet_review_6c67a9839db1,P_YAMNET_c15e8ae1e5,yamnet_review_gold,non_cough,D:\cough_model_train\DATA\non_cough\non_cough_READY\non_cough\non_cough_035081\data.wav,19.0,20.0,train
session_yamnet_review_0547d5121357,P_YAMNET_8d5649fa86,yamnet_review_gold,non_cough,D:\cough_model_train\DATA\non_cough\FSD50K_Negative_clean\219250.wav,0.5,1.5,train
session_yamnet_review_a85d85edf3fc,P_YAMNET_d05a883f86,yamnet_review_gold,non_cough,D:\cough_model_train\DATA\non_cough\non_cough_READY\non_cough\non_cough_014119\data.wav,0.5,1.5,train
session_yamnet_review_e4d417c270bd,P_YAMNET_0877bf636d,yamnet_review_gold,non_cough,D:\cough_model_train\DATA\non_cough\FSD50K_Negative_clean\174493.wav,1.0,2.0,train
session_yamnet_review_5c0779b09a09,P_YAMNET_8b74b79439,yamnet_review_gold,non_cough,D:\cough_model_train\DATA\non_cough\non_cough_READY\non_cough\non_cough_008908\data.wav,1.0,2.0,train
session_yamnet_review_41aad76f7f3e,P_YAMNET_9d30ed7ca2,yamnet_review_gold,non_cough,D:\cough_model_train\DATA\non_cough\FSD50K_Negative_clean\250059.wav,4.0,5.0,train
session_yamnet_review_4a25be8e2607,P_YAMNET_13b1453952,yamnet_review_gold,non_cough,D:\cough_model_train\DATA\non_cough\non_cough_READY\non_cough\non_cough_018207\data.wav,4.0,5.0,train
session_yamnet_review_6c64d348845a,P_YAMNET_23d6be0c4e,yamnet_review_gold,non_cough,D:\cough_model_train\DATA\non_cough\FSD50K_Negative_clean\404240.wav,10.5,11.5,train
session_yamnet_review_dd0d0c2a24b4,P_YAMNET_e853cececc,yamnet_review_gold,non_cough,D:\cough_model_train\DATA\non_cough\non_cough_READY\non_cough\non_cough_035053\data.wav,10.5,11.5,train
session_yamnet_review_4c96f51d3ee0,P_YAMNET_ae2e1931d2,yamnet_review_gold,non_cough,D:\cough_model_train\DATA\non_cough\FSD50K_Negative_clean\181483.wav,1.0,2.0,train
session_yamnet_review_6e024fb872b6,P_YAMNET_d15d6df207,yamnet_review_gold,non_cough,D:\cough_model_train\DATA\non_cough\non_cough_READY\non_cough\non_cough_009746\data.wav,1.0,2.0,train
session_yamnet_review_b3cd08cac04b,P_YAMNET_da03ecb70c,yamnet_review_gold,non_cough,D:\cough_model_train\DATA\non_cough\FSD50K_Negative_clean\219262.wav,7.0,8.0,train
session_yamnet_review_5e598854f6f7,P_YAMNET_1545f4e5e3,yamnet_review_gold,non_cough,D:\cough_model_train\DATA\non_cough\non_cough_READY\non_cough\non_cough_014125\data.wav,7.0,8.0,train
session_yamnet_review_ad257c6631da,P_YAMNET_b39c930412,yamnet_review_gold,non_cough,D:\cough_model_train\DATA\non_cough\FSD50K_Negative_clean\157593.wav,3.0,4.0,train
session_yamnet_review_7006da38a1e5,P_YAMNET_8b18bc3815,yamnet_review_gold,non_cough,D:\cough_model_train\DATA\non_cough\non_cough_READY\non_cough\non_cough_006980\data.wav,3.0,4.0,train
session_yamnet_review_eb7cd03f5f47,P_YAMNET_2c7923e342,yamnet_review_gold,non_cough,D:\cough_model_train\DATA\non_cough\FSD50K_Negative_clean\212845.wav,2.0,3.0,train
session_yamnet_review_00d5e6e6249a,P_YAMNET_f16d86fa93,yamnet_review_gold,non_cough,D:\cough_model_train\DATA\non_cough\non_cough_READY\non_cough\non_cough_013419\data.wav,2.0,3.0,train
session_yamnet_review_80c85c68532d,P_YAMNET_8723d1a2f3,yamnet_review_gold,non_cough,D:\cough_model_train\DATA\non_cough\FSD50K_Negative_clean\216383.wav,10.0,11.0,train
session_yamnet_review_44fe6f02c187,P_YAMNET_7c06bb4136,yamnet_review_gold,non_cough,D:\cough_model_train\DATA\non_cough\non_cough_READY\non_cough\non_cough_013793\data.wav,10.0,11.0,train
session_yamnet_review_f049e4fdcad8,P_YAMNET_be7725680a,yamnet_review_gold,non_cough,D:\cough_model_train\DATA\non_cough\FSD50K_Negative_clean\116883.wav,2.5,3.5,train
session_yamnet_review_d41402037faf,P_YAMNET_b23c5d9423,yamnet_review_gold,non_cough,D:\cough_model_train\DATA\non_cough\non_cough_1.0_4305\non_cough_001698\data.wav,2.5,3.5,train
session_yamnet_review_a82a517e76ca,P_YAMNET_1d9df022b1,yamnet_review_gold,non_cough,D:\cough_model_train\DATA\non_cough\FSD50K_Negative_clean\416911.wav,2.5,3.5,train
session_yamnet_review_517b3b99a60e,P_YAMNET_5ea28869ad,yamnet_review_gold,non_cough,D:\cough_model_train\DATA\non_cough\non_cough_READY\non_cough\non_cough_036563\data.wav,2.5,3.5,train
session_yamnet_review_9cd898739da1,P_YAMNET_f50d9f9485,yamnet_review_gold,non_cough,D:\cough_model_train\DATA\non_cough\FSD50K_Negative_clean\116910.wav,6.5,7.5,train
session_yamnet_review_d17ffa4738b5,P_YAMNET_4083df1500,yamnet_review_gold,non_cough,D:\cough_model_train\DATA\non_cough\non_cough_1.0_4305\non_cough_001725\data.wav,6.5,7.5,train
session_yamnet_review_b3865500d36a,P_YAMNET_d602c74f5e,yamnet_review_gold,non_cough,D:\cough_model_train\DATA\non_cough\FSD50K_Negative_clean\170313.wav,1.5,2.5,train
session_yamnet_review_f39d8814d634,P_YAMNET_448702bc64,yamnet_review_gold,non_cough,D:\cough_model_train\DATA\non_cough\non_cough_READY\non_cough\non_cough_008436\data.wav,1.5,2.5,train
session_yamnet_review_86f02619e040,P_YAMNET_9d1f55d922,yamnet_review_gold,non_cough,D:\cough_model_train\DATA\non_cough\FSD50K_Negative_clean\145298.wav,9.5,10.5,train
session_yamnet_review_aea175839446,P_YAMNET_7d780a3e5c,yamnet_review_gold,non_cough,D:\cough_model_train\DATA\non_cough\non_cough_READY\non_cough\non_cough_005258\data.wav,9.5,10.5,train
session_yamnet_review_51ed6299e137,P_YAMNET_90f73e30f7,yamnet_review_gold,non_cough,D:\cough_model_train\DATA\non_cough\FSD50K_Negative_clean\333711.wav,0.0,1.0,train
session_yamnet_review_49000bee3e20,P_YAMNET_6be6503807,yamnet_review_gold,non_cough,D:\cough_model_train\DATA\non_cough\non_cough_READY\non_cough\non_cough_023888\data.wav,0.0,1.0,train
session_yamnet_review_a5862246aba7,P_YAMNET_4e3d0593b0,yamnet_review_gold,non_cough,D:\cough_model_train\DATA\non_cough\FSD50K_Negative_clean\376195.wav,7.5,8.5,train
session_yamnet_review_01c99f863f45,P_YAMNET_aa06c741e6,yamnet_review_gold,non_cough,D:\cough_model_train\DATA\non_cough\non_cough_READY\non_cough\non_cough_031574\data.wav,7.5,8.5,train
session_yamnet_review_c93b5d005154,P_YAMNET_8a682fe750,yamnet_review_gold,non_cough,D:\cough_model_train\DATA\non_cough\FSD50K_Negative_clean\387615.wav,19.0,20.0,train
session_yamnet_review_d45204e854a3,P_YAMNET_5f451694b3,yamnet_review_gold,non_cough,D:\cough_model_train\DATA\non_cough\non_cough_READY\non_cough\non_cough_033204\data.wav,19.0,20.0,train
session_yamnet_review_7f93203726ed,P_YAMNET_edbb863208,yamnet_review_gold,non_cough,D:\cough_model_train\DATA\non_cough\FSD50K_Negative_clean\46536.wav,6.0,7.0,train
session_yamnet_review_c75c9b3cca01,P_YAMNET_943f8d477f,yamnet_review_gold,non_cough,D:\cough_model_train\DATA\non_cough\non_cough_READY\non_cough\non_cough_038607\data.wav,6.0,7.0,train
session_yamnet_review_a9b774550836,P_YAMNET_ec040359fb,yamnet_review_gold,non_cough,D:\cough_model_train\DATA\non_cough\FSD50K_Negative_clean\11847.wav,1.0,2.0,train
session_yamnet_review_b0c123293c24,P_YAMNET_ebbe99dcdc,yamnet_review_gold,non_cough,D:\cough_model_train\DATA\non_cough\non_cough_1.0_4305\non_cough_001978\data.wav,1.0,2.0,train
session_yamnet_review_ed01125db83c,P_YAMNET_37134e4132,yamnet_review_gold,non_cough,D:\cough_model_train\DATA\non_cough\FSD50K_Negative_clean\247557.wav,1.0,2.0,train
session_yamnet_review_5990ed092cda,P_YAMNET_8c5550f62d,yamnet_review_gold,non_cough,D:\cough_model_train\DATA\non_cough\non_cough_READY\non_cough\non_cough_017601\data.wav,1.0,2.0,train
session_yamnet_review_c5a987560468,P_YAMNET_63a3bc291b,yamnet_review_gold,non_cough,D:\cough_model_train\DATA\non_cough\FSD50K_Negative_clean\181482.wav,1.0,2.0,train
session_yamnet_review_d731382b4a1b,P_YAMNET_0d08f1b54a,yamnet_review_gold,non_cough,D:\cough_model_train\DATA\non_cough\non_cough_READY\non_cough\non_cough_009745\data.wav,1.0,2.0,train
session_yamnet_review_898f382459da,P_YAMNET_b56fc4949c,yamnet_review_gold,non_cough,D:\cough_model_train\DATA\non_cough\FSD50K_Negative_clean\249576.wav,0.5,1.5,train
session_yamnet_review_f71d4ff77298,P_YAMNET_ed7e436268,yamnet_review_gold,non_cough,D:\cough_model_train\DATA\non_cough\non_cough_READY\non_cough\non_cough_018152\data.wav,0.5,1.5,train
session_yamnet_review_9348bcb00010,P_YAMNET_d94c190e9c,yamnet_review_gold,non_cough,D:\cough_model_train\DATA\non_cough\FSD50K_Negative_clean\369401.wav,1.0,2.0,train
session_yamnet_review_132d56b4c16b,P_YAMNET_3b4388afa1,yamnet_review_gold,non_cough,D:\cough_model_train\DATA\non_cough\non_cough_READY\non_cough\non_cough_030045\data.wav,1.0,2.0,train
session_yamnet_review_e07f77989502,P_YAMNET_b9a6e0cf9f,yamnet_review_gold,non_cough,D:\cough_model_train\DATA\non_cough\FSD50K_Negative_clean\240112.wav,3.5,4.5,train
session_yamnet_review_c07ca3b6d7a4,P_YAMNET_375c1a503d,yamnet_review_gold,non_cough,D:\cough_model_train\DATA\non_cough\non_cough_READY\non_cough\non_cough_016400\data.wav,3.5,4.5,train
session_yamnet_review_6ab6edc04604,P_YAMNET_7026215b92,yamnet_review_gold,non_cough,D:\cough_model_train\DATA\non_cough\FSD50K_Negative_clean\373565.wav,2.0,3.0,train
session_yamnet_review_21fed6f16510,P_YAMNET_0fa08e534f,yamnet_review_gold,non_cough,D:\cough_model_train\DATA\non_cough\non_cough_READY\non_cough\non_cough_030777\data.wav,2.0,3.0,train
session_yamnet_review_a770e9d10ac6,P_YAMNET_1df3579755,yamnet_review_gold,non_cough,D:\cough_model_train\DATA\non_cough\FSD50K_Negative_clean\195301.wav,17.5,18.5,train
session_yamnet_review_104b53cd6262,P_YAMNET_5ba114379f,yamnet_review_gold,non_cough,D:\cough_model_train\DATA\non_cough\non_cough_READY\non_cough\non_cough_011472\data.wav,17.5,18.5,train
session_yamnet_review_6f829707583b,P_YAMNET_a73395de64,yamnet_review_gold,non_cough,D:\cough_model_train\DATA\non_cough\FSD50K_Negative_clean\85170.wav,12.5,13.5,train
session_yamnet_review_ccaac9581d05,P_YAMNET_a787c511ba,yamnet_review_gold,non_cough,D:\cough_model_train\DATA\non_cough\non_cough_READY\non_cough\non_cough_043719\data.wav,12.5,13.5,train
session_yamnet_review_c4946fad63cf,P_YAMNET_03041a98ef,yamnet_review_gold,non_cough,D:\cough_model_train\DATA\non_cough\FSD50K_Negative_clean\24092.wav,3.0,4.0,train
session_yamnet_review_81814cfbf332,P_YAMNET_7aa24741c6,yamnet_review_gold,non_cough,D:\cough_model_train\DATA\non_cough\non_cough_READY\non_cough\non_cough_016476\data.wav,3.0,4.0,train
session_yamnet_review_47539d372cec,P_YAMNET_b67d30b19e,yamnet_review_gold,non_cough,D:\cough_model_train\DATA\non_cough\FSD50K_Negative_clean\381481.wav,2.5,3.5,train
session_yamnet_review_20ba4ac3de14,P_YAMNET_7d6ab3e63c,yamnet_review_gold,non_cough,D:\cough_model_train\DATA\non_cough\non_cough_READY\non_cough\non_cough_032291\data.wav,2.5,3.5,train
session_yamnet_review_c14c28fb4c56,P_YAMNET_2064494ec7,yamnet_review_gold,non_cough,D:\cough_model_train\DATA\non_cough\FSD50K_Negative_clean\247985.wav,0.5,1.5,train
session_yamnet_review_2c732d4af75f,P_YAMNET_90840a4fd3,yamnet_review_gold,non_cough,D:\cough_model_train\DATA\non_cough\non_cough_READY\non_cough\non_cough_017784\data.wav,0.5,1.5,train
session_yamnet_review_dfe90ef70a20,P_YAMNET_a8cdc7c836,yamnet_review_gold,non_cough,D:\cough_model_train\DATA\non_cough\FSD50K_Negative_clean\317100.wav,1.0,2.0,train
session_yamnet_review_cc7432d8ec4f,P_YAMNET_dc509679cf,yamnet_review_gold,non_cough,D:\cough_model_train\DATA\non_cough\non_cough_READY\non_cough\non_cough_021858\data.wav,1.0,2.0,train
session_yamnet_review_acb4d22fa516,P_YAMNET_6aceffbedc,yamnet_review_gold,non_cough,D:\cough_model_train\DATA\non_cough\FSD50K_Negative_clean\85756.wav,2.5,3.5,train
session_yamnet_review_0f62813d84dd,P_YAMNET_683e23a44a,yamnet_review_gold,non_cough,D:\cough_model_train\DATA\non_cough\non_cough_READY\non_cough\non_cough_043832\data.wav,2.5,3.5,train
session_yamnet_review_bf7033f24ad3,P_YAMNET_918550ab03,yamnet_review_gold,non_cough,D:\cough_model_train\DATA\non_cough\FSD50K_Negative_clean\356866.wav,1.5,2.5,train
session_yamnet_review_ffc44fe32602,P_YAMNET_b16f34c521,yamnet_review_gold,non_cough,D:\cough_model_train\DATA\non_cough\non_cough_READY\non_cough\non_cough_027765\data.wav,1.5,2.5,train
session_yamnet_review_05e7f1dcef2a,P_YAMNET_93344cca92,yamnet_review_gold,non_cough,D:\cough_model_train\DATA\non_cough\FSD50K_Negative_clean\194432.wav,12.5,13.5,train
session_yamnet_review_2fd318283d26,P_YAMNET_740536c599,yamnet_review_gold,non_cough,D:\cough_model_train\DATA\non_cough\non_cough_READY\non_cough\non_cough_011333\data.wav,12.5,13.5,train
session_yamnet_review_a4b73182e623,P_YAMNET_b05d580ec1,yamnet_review_gold,non_cough,D:\cough_model_train\DATA\non_cough\FSD50K_Negative_clean\269379.wav,4.0,5.0,train
session_yamnet_review_0e6a4122b532,P_YAMNET_6e29781324,yamnet_review_gold,non_cough,D:\cough_model_train\DATA\non_cough\non_cough_READY\non_cough\non_cough_020319\data.wav,4.0,5.0,train
session_yamnet_review_c45c49e87896,P_YAMNET_c6fe11ebfa,yamnet_review_gold,non_cough,D:\cough_model_train\DATA\non_cough\FSD50K_Negative_clean\315942.wav,0.0,1.0,train
session_yamnet_review_30dbe7418b72,P_YAMNET_2feafb960d,yamnet_review_gold,non_cough,D:\cough_model_train\DATA\non_cough\non_cough_READY\non_cough\non_cough_021725\data.wav,0.0,1.0,train
session_yamnet_review_c917cfd7a7de,P_YAMNET_4258fd4856,yamnet_review_gold,non_cough,D:\cough_model_train\DATA\non_cough\FSD50K_Negative_clean\248570.wav,0.0,1.0,train
session_yamnet_review_04de847bb5cc,P_YAMNET_c849ae5e95,yamnet_review_gold,non_cough,D:\cough_model_train\DATA\non_cough\non_cough_READY\non_cough\non_cough_017905\data.wav,0.0,1.0,train
session_yamnet_review_a81e889b214b,P_YAMNET_f839c4b7d1,yamnet_review_gold,non_cough,D:\cough_model_train\DATA\non_cough\FSD50K_Negative_clean\200188.wav,13.5,14.5,train
session_yamnet_review_5913e158196d,P_YAMNET_745d6e75a9,yamnet_review_gold,non_cough,D:\cough_model_train\DATA\non_cough\non_cough_READY\non_cough\non_cough_012041\data.wav,13.5,14.5,train
session_yamnet_review_afd5c0a37e4c,P_YAMNET_64c98affbe,yamnet_review_gold,non_cough,D:\cough_model_train\DATA\non_cough\FSD50K_Negative_clean\181923.wav,9.5,10.5,train
session_yamnet_review_ba4ff7bb766d,P_YAMNET_4deb0e5dff,yamnet_review_gold,non_cough,D:\cough_model_train\DATA\non_cough\non_cough_READY\non_cough\non_cough_009821\data.wav,9.5,10.5,train
session_yamnet_review_817cebc6eadd,P_YAMNET_bfb9113940,yamnet_review_gold,non_cough,D:\cough_model_train\DATA\non_cough\FSD50K_Negative_clean\202019.wav,10.0,11.0,train
session_yamnet_review_38ad0644c3a0,P_YAMNET_a5f41e4983,yamnet_review_gold,non_cough,D:\cough_model_train\DATA\non_cough\non_cough_READY\non_cough\non_cough_012238\data.wav,10.0,11.0,train
session_yamnet_review_4acddd84e153,P_YAMNET_3ea21ec98d,yamnet_review_gold,non_cough,D:\cough_model_train\DATA\non_cough\FSD50K_Negative_clean\170664.wav,8.0,9.0,train
session_yamnet_review_9ced3e3e5614,P_YAMNET_f5f1c8961b,yamnet_review_gold,non_cough,D:\cough_model_train\DATA\non_cough\non_cough_READY\non_cough\non_cough_008462\data.wav,8.0,9.0,train
session_yamnet_review_b0107487e1c2,P_YAMNET_0c3471212b,yamnet_review_gold,non_cough,D:\cough_model_train\DATA\non_cough\FSD50K_Negative_clean\89878.wav,0.0,1.0,train
session_yamnet_review_c5f71c7733a3,P_YAMNET_709b311709,yamnet_review_gold,non_cough,D:\cough_model_train\DATA\non_cough\non_cough_READY\non_cough\non_cough_044376\data.wav,0.0,1.0,train
session_yamnet_review_3c017f68ba72,P_YAMNET_06ada5521d,yamnet_review_gold,non_cough,D:\cough_model_train\DATA\non_cough\FSD50K_Negative_clean\10422.wav,9.0,10.0,train
session_yamnet_review_4623ceb668c5,P_YAMNET_639f49dcf8,yamnet_review_gold,non_cough,D:\cough_model_train\DATA\non_cough\non_cough_1.0_4305\non_cough_000504\data.wav,9.0,10.0,train
session_yamnet_review_fd6688f6791c,P_YAMNET_eff571488a,yamnet_review_gold,non_cough,D:\cough_model_train\DATA\non_cough\FSD50K_Negative_clean\367669.wav,5.0,6.0,train
session_yamnet_review_f2de8183b2a5,P_YAMNET_c4e76fbcce,yamnet_review_gold,non_cough,D:\cough_model_train\DATA\non_cough\non_cough_READY\non_cough\non_cough_029802\data.wav,5.0,6.0,train
session_yamnet_review_29f9a55d18a7,P_YAMNET_5470193f9f,yamnet_review_gold,non_cough,D:\cough_model_train\DATA\non_cough\FSD50K_Negative_clean\350415.wav,5.0,6.0,train
session_yamnet_review_3eeb246b385d,P_YAMNET_231503d30f,yamnet_review_gold,non_cough,D:\cough_model_train\DATA\non_cough\non_cough_READY\non_cough\non_cough_026207\data.wav,5.0,6.0,train
session_yamnet_review_1bb2b40f864a,P_YAMNET_a32c3c37e1,yamnet_review_gold,non_cough,D:\cough_model_train\DATA\non_cough\FSD50K_Negative_clean\434478.wav,2.0,3.0,train
session_yamnet_review_7f71f11ea50e,P_YAMNET_e4f2d33d4f,yamnet_review_gold,non_cough,D:\cough_model_train\DATA\non_cough\FSD50K_Negative_clean\52306.wav,14.5,15.5,train
session_yamnet_review_990ae44b5fcc,P_YAMNET_92d608ce36,yamnet_review_gold,non_cough,D:\cough_model_train\DATA\non_cough\non_cough_READY\non_cough\non_cough_038269\data.wav,2.0,3.0,train
session_yamnet_review_d0b6882234ad,P_YAMNET_ea2a0f212c,yamnet_review_gold,non_cough,D:\cough_model_train\DATA\non_cough\non_cough_READY\non_cough\non_cough_039273\data.wav,14.5,15.5,train
session_yamnet_review_b1177d26a4f7,P_YAMNET_1baa38e37a,yamnet_review_gold,non_cough,D:\cough_model_train\DATA\non_cough\FSD50K_Negative_clean\356655.wav,0.0,1.0,train
session_yamnet_review_67489697c0b3,P_YAMNET_58850e5499,yamnet_review_gold,non_cough,D:\cough_model_train\DATA\non_cough\non_cough_READY\non_cough\non_cough_027701\data.wav,0.0,1.0,train
session_yamnet_review_010f70a65c4f,P_YAMNET_e134482407,yamnet_review_gold,non_cough,D:\cough_model_train\DATA\non_cough\FSD50K_Negative_clean\236561.wav,0.5,1.5,train
session_yamnet_review_59faa3968708,P_YAMNET_7595c37e39,yamnet_review_gold,non_cough,D:\cough_model_train\DATA\non_cough\non_cough_READY\non_cough\non_cough_015817\data.wav,0.5,1.5,train
session_yamnet_review_c498ef502fc7,P_YAMNET_648fc5488d,yamnet_review_gold,non_cough,D:\cough_model_train\DATA\non_cough\FSD50K_Negative_clean\162045.wav,18.5,19.5,train
session_yamnet_review_2c835b9bc87d,P_YAMNET_6e917eccfd,yamnet_review_gold,non_cough,D:\cough_model_train\DATA\non_cough\non_cough_READY\non_cough\non_cough_007434\data.wav,18.5,19.5,train
session_yamnet_review_ae7663c8e3f6,P_YAMNET_3c4d241695,yamnet_review_gold,non_cough,D:\cough_model_train\DATA\non_cough\FSD50K_Negative_clean\355978.wav,2.0,3.0,train
session_yamnet_review_5b27c7e4753f,P_YAMNET_da7d3242f7,yamnet_review_gold,non_cough,D:\cough_model_train\DATA\non_cough\non_cough_READY\non_cough\non_cough_027523\data.wav,2.0,3.0,train
session_yamnet_review_a7941ad26fa1,P_YAMNET_ebaabcef5f,yamnet_review_gold,non_cough,D:\cough_model_train\DATA\non_cough\FSD50K_Negative_clean\365760.wav,3.5,4.5,train
session_yamnet_review_84190ba3c04d,P_YAMNET_3dfeb0a033,yamnet_review_gold,non_cough,D:\cough_model_train\DATA\non_cough\non_cough_READY\non_cough\non_cough_029540\data.wav,3.5,4.5,train
session_yamnet_review_c46372493c7d,P_YAMNET_3cb7f77425,yamnet_review_gold,non_cough,D:\cough_model_train\DATA\non_cough\FSD50K_Negative_clean\241889.wav,5.0,6.0,train
session_yamnet_review_04986314ab68,P_YAMNET_438c19c938,yamnet_review_gold,non_cough,D:\cough_model_train\DATA\non_cough\non_cough_READY\non_cough\non_cough_016541\data.wav,5.0,6.0,train
session_yamnet_review_03907d792bec,P_YAMNET_c4d95321c2,yamnet_review_gold,non_cough,D:\cough_model_train\DATA\non_cough\FSD50K_Negative_clean\353193.wav,14.0,15.0,train
session_yamnet_review_fb1495f6a947,P_YAMNET_14666fcf38,yamnet_review_gold,non_cough,D:\cough_model_train\DATA\non_cough\non_cough_READY\non_cough\non_cough_026585\data.wav,14.0,15.0,train
session_yamnet_review_a123ef37cda7,P_YAMNET_309acda352,yamnet_review_gold,non_cough,D:\cough_model_train\DATA\non_cough\FSD50K_Negative_clean\336518.wav,8.5,9.5,train
session_yamnet_review_a920cd0c6bb9,P_YAMNET_b5fb71c5e8,yamnet_review_gold,non_cough,D:\cough_model_train\DATA\non_cough\non_cough_READY\non_cough\non_cough_024258\data.wav,8.5,9.5,train
session_yamnet_review_45e44eadba91,P_YAMNET_f0837cfb84,yamnet_review_gold,non_cough,D:\cough_model_train\DATA\non_cough\FSD50K_Negative_clean\181363.wav,7.0,8.0,train
session_yamnet_review_010c3cf312ee,P_YAMNET_ff0019b46b,yamnet_review_gold,non_cough,D:\cough_model_train\DATA\non_cough\non_cough_READY\non_cough\non_cough_009731\data.wav,7.0,8.0,train
session_yamnet_review_1e80a6e01292,P_YAMNET_062fbc2f67,yamnet_review_gold,non_cough,D:\cough_model_train\DATA\non_cough\FSD50K_Negative_clean\103626.wav,19.0,20.0,train
session_yamnet_review_92b0c2a204db,P_YAMNET_9a7eefa41a,yamnet_review_gold,non_cough,D:\cough_model_train\DATA\non_cough\non_cough_1.0_4305\non_cough_000442\data.wav,19.0,20.0,train
session_yamnet_review_8d6b48741743,P_YAMNET_864b9b448e,yamnet_review_gold,non_cough,D:\cough_model_train\DATA\non_cough\FSD50K_Negative_clean\110103.wav,13.0,14.0,train
session_yamnet_review_f0a2a3377eab,P_YAMNET_f38c88ff0e,yamnet_review_gold,non_cough,D:\cough_model_train\DATA\non_cough\non_cough_1.0_4305\non_cough_001101\data.wav,13.0,14.0,train
session_yamnet_review_a4e9ca3861f4,P_YAMNET_23acc2780b,yamnet_review_gold,non_cough,D:\cough_model_train\DATA\non_cough\FSD50K_Negative_clean\149614.wav,4.5,5.5,train
session_yamnet_review_545246f7f993,P_YAMNET_5475d3d166,yamnet_review_gold,non_cough,D:\cough_model_train\DATA\non_cough\non_cough_READY\non_cough\non_cough_005708\data.wav,4.5,5.5,train
session_yamnet_review_e8def52bd92f,P_YAMNET_c3cdad3cfb,yamnet_review_gold,non_cough,D:\cough_model_train\DATA\non_cough\FSD50K_Negative_clean\79101.wav,0.0,1.0,train
session_yamnet_review_9e23b17d98f9,P_YAMNET_1d593b9291,yamnet_review_gold,non_cough,D:\cough_model_train\DATA\non_cough\non_cough_READY\non_cough\non_cough_043038\data.wav,0.0,1.0,train
session_yamnet_review_f7563eadbe0d,P_YAMNET_06289bad7b,yamnet_review_gold,non_cough,D:\cough_model_train\DATA\non_cough\FSD50K_Negative_clean\100476.wav,17.0,18.0,train
session_yamnet_review_301639281631,P_YAMNET_d5665eb2cb,yamnet_review_gold,non_cough,D:\cough_model_train\DATA\non_cough\non_cough_1.0_4305\non_cough_000090\data.wav,17.0,18.0,train
session_yamnet_review_4c237c8c1a80,P_YAMNET_ae8f2f4af1,yamnet_review_gold,non_cough,D:\cough_model_train\DATA\non_cough\FSD50K_Negative_clean\124431.wav,1.0,2.0,train
session_yamnet_review_716fd039c875,P_YAMNET_7b0e9aefe1,yamnet_review_gold,non_cough,D:\cough_model_train\DATA\non_cough\non_cough_1.0_4305\non_cough_002886\data.wav,1.0,2.0,train
session_yamnet_review_8ab9ec8dbedf,P_YAMNET_4d08884f43,yamnet_review_gold,non_cough,D:\cough_model_train\DATA\non_cough\FSD50K_Negative_clean\108310.wav,4.0,5.0,train
session_yamnet_review_ef4717fa05f6,P_YAMNET_9f7657e42a,yamnet_review_gold,non_cough,D:\cough_model_train\DATA\non_cough\non_cough_1.0_4305\non_cough_000879\data.wav,4.0,5.0,train
session_yamnet_review_8735cbb86aa7,P_YAMNET_e345baf391,yamnet_review_gold,non_cough,D:\cough_model_train\DATA\non_cough\FSD50K_Negative_clean\131530.wav,0.5,1.5,train
session_yamnet_review_1b45736c0a71,P_YAMNET_6bbfc14a78,yamnet_review_gold,non_cough,D:\cough_model_train\DATA\non_cough\non_cough_1.0_4305\non_cough_003550\data.wav,0.5,1.5,train
session_yamnet_review_b429dc807fda,P_YAMNET_e17b3238c6,yamnet_review_gold,non_cough,D:\cough_model_train\DATA\non_cough\FSD50K_Negative_clean\327921.wav,1.5,2.5,train
session_yamnet_review_7e82d5cb686b,P_YAMNET_b8c6b5315b,yamnet_review_gold,non_cough,D:\cough_model_train\DATA\non_cough\non_cough_READY\non_cough\non_cough_023295\data.wav,1.5,2.5,train
session_yamnet_review_6951ce851802,P_YAMNET_3c20b94f8c,yamnet_review_gold,non_cough,D:\cough_model_train\DATA\non_cough\FSD50K_Negative_clean\88669.wav,0.0,1.0,train
session_yamnet_review_dbc008a3f919,P_YAMNET_6c778fb25d,yamnet_review_gold,non_cough,D:\cough_model_train\DATA\non_cough\non_cough_READY\non_cough\non_cough_044131\data.wav,0.0,1.0,train
session_yamnet_review_1d69331202fc,P_YAMNET_0b39526ba0,yamnet_review_gold,non_cough,D:\cough_model_train\DATA\non_cough\FSD50K_Negative_clean\247243.wav,4.0,5.0,train
session_yamnet_review_873c10ab8b28,P_YAMNET_6a2feacfcd,yamnet_review_gold,non_cough,D:\cough_model_train\DATA\non_cough\non_cough_READY\non_cough\non_cough_017425\data.wav,4.0,5.0,train
session_yamnet_review_d2d7987ee5c0,P_YAMNET_f7604ba167,yamnet_review_gold,non_cough,D:\cough_model_train\DATA\non_cough\FSD50K_Negative_clean\408390.wav,4.0,5.0,train
session_yamnet_review_3821a0076e97,P_YAMNET_c58c8d2031,yamnet_review_gold,non_cough,D:\cough_model_train\DATA\non_cough\non_cough_READY\non_cough\non_cough_035668\data.wav,4.0,5.0,train
session_yamnet_review_632e0f288a9b,P_YAMNET_387c2d5763,yamnet_review_gold,non_cough,D:\cough_model_train\DATA\non_cough\FSD50K_Negative_clean\273403.wav,12.5,13.5,train
session_yamnet_review_45d67e56bea1,P_YAMNET_2312a08c0c,yamnet_review_gold,non_cough,D:\cough_model_train\DATA\non_cough\non_cough_READY\non_cough\non_cough_020677\data.wav,12.5,13.5,train
session_yamnet_review_ecb4121dc06d,P_YAMNET_699d746e79,yamnet_review_gold,non_cough,D:\cough_model_train\DATA\non_cough\FSD50K_Negative_clean\424785.wav,5.5,6.5,train
session_yamnet_review_8f0380b83ef4,P_YAMNET_230e72d7e5,yamnet_review_gold,non_cough,D:\cough_model_train\DATA\non_cough\non_cough_READY\non_cough\non_cough_037344\data.wav,5.5,6.5,train
session_yamnet_review_ba084b8ae8de,P_YAMNET_71e4d836ca,yamnet_review_gold,non_cough,D:\cough_model_train\DATA\non_cough\FSD50K_Negative_clean\208690.wav,4.0,5.0,train
session_yamnet_review_904ec9fe3841,P_YAMNET_be2672d0bc,yamnet_review_gold,non_cough,D:\cough_model_train\DATA\non_cough\non_cough_READY\non_cough\non_cough_012840\data.wav,4.0,5.0,train
session_yamnet_review_11d2deaa3b7e,P_YAMNET_f13c63f65b,yamnet_review_gold,non_cough,D:\cough_model_train\DATA\non_cough\FSD50K_Negative_clean\357095.wav,0.5,1.5,train
session_yamnet_review_bb27b808d1ab,P_YAMNET_a774ae8807,yamnet_review_gold,non_cough,D:\cough_model_train\DATA\non_cough\FSD50K_Negative_clean\421041.wav,1.5,2.5,train
session_yamnet_review_df93bab8c67d,P_YAMNET_3b7024f6a7,yamnet_review_gold,non_cough,D:\cough_model_train\DATA\non_cough\non_cough_READY\non_cough\non_cough_027839\data.wav,0.5,1.5,train
session_yamnet_review_5f6985cf6aa6,P_YAMNET_e4690b6b82,yamnet_review_gold,non_cough,D:\cough_model_train\DATA\non_cough\non_cough_READY\non_cough\non_cough_036998\data.wav,1.5,2.5,train
session_yamnet_review_ec54678cb584,P_YAMNET_170731e21a,yamnet_review_gold,non_cough,D:\cough_model_train\DATA\non_cough\FSD50K_Negative_clean\332024.wav,6.5,7.5,train
session_yamnet_review_237c33ab0643,P_YAMNET_fab207b3f2,yamnet_review_gold,non_cough,D:\cough_model_train\DATA\non_cough\non_cough_READY\non_cough\non_cough_023718\data.wav,6.5,7.5,train
session_yamnet_review_63388826397a,P_YAMNET_90cab4123a,yamnet_review_gold,non_cough,D:\cough_model_train\DATA\non_cough\FSD50K_Negative_clean\170547.wav,27.5,28.5,train
session_yamnet_review_fa4c979b307d,P_YAMNET_bf9375d775,yamnet_review_gold,non_cough,D:\cough_model_train\DATA\non_cough\non_cough_READY\non_cough\non_cough_008450\data.wav,27.5,28.5,train
session_yamnet_review_9576ce2e8b70,P_YAMNET_a6d38936a8,yamnet_review_gold,non_cough,D:\cough_model_train\DATA\non_cough\FSD50K_Negative_clean\10332.wav,4.5,5.5,train
session_yamnet_review_0b5f48e28aac,P_YAMNET_347f3b5f67,yamnet_review_gold,non_cough,D:\cough_model_train\DATA\non_cough\non_cough_1.0_4305\non_cough_000376\data.wav,4.5,5.5,train
session_yamnet_review_4ebed7cd6d1c,P_YAMNET_1db4207398,yamnet_review_gold,non_cough,D:\cough_model_train\DATA\non_cough\FSD50K_Negative_clean\31547.wav,3.0,4.0,train
session_yamnet_review_1f91b951402f,P_YAMNET_8161b2b76b,yamnet_review_gold,non_cough,D:\cough_model_train\DATA\non_cough\FSD50K_Negative_clean\62164.wav,21.5,22.5,train
session_yamnet_review_179096a31a9a,P_YAMNET_bcd0769585,yamnet_review_gold,non_cough,D:\cough_model_train\DATA\non_cough\non_cough_READY\non_cough\non_cough_021680\data.wav,3.0,4.0,train
session_yamnet_review_2f5c7994c7f3,P_YAMNET_1ffedb31ed,yamnet_review_gold,non_cough,D:\cough_model_train\DATA\non_cough\non_cough_READY\non_cough\non_cough_040674\data.wav,21.5,22.5,train
session_yamnet_review_f7a34058f9c4,P_YAMNET_6dc1ab5ac0,yamnet_review_gold,non_cough,D:\cough_model_train\DATA\non_cough\FSD50K_Negative_clean\75374.wav,0.5,1.5,train
session_yamnet_review_639c08566d09,P_YAMNET_d17ccb41b6,yamnet_review_gold,non_cough,D:\cough_model_train\DATA\non_cough\non_cough_READY\non_cough\non_cough_042493\data.wav,0.5,1.5,train
session_yamnet_review_a6e30def176b,P_YAMNET_df2946f850,yamnet_review_gold,non_cough,D:\cough_model_train\DATA\non_cough\FSD50K_Negative_clean\26965.wav,6.5,7.5,train
session_yamnet_review_a57a6e8fd002,P_YAMNET_ca211b4a42,yamnet_review_gold,non_cough,D:\cough_model_train\DATA\non_cough\non_cough_READY\non_cough\non_cough_020358\data.wav,6.5,7.5,train
session_yamnet_review_4e4fbad7c4c8,P_YAMNET_c246632f46,yamnet_review_gold,non_cough,D:\cough_model_train\DATA\non_cough\FSD50K_Negative_clean\215476.wav,1.0,2.0,train
session_yamnet_review_db06299ac823,P_YAMNET_b557562b6f,yamnet_review_gold,non_cough,D:\cough_model_train\DATA\non_cough\non_cough_READY\non_cough\non_cough_013652\data.wav,1.0,2.0,train
session_yamnet_review_f7295859cc47,P_YAMNET_17cce95935,yamnet_review_gold,non_cough,D:\cough_model_train\DATA\non_cough\FSD50K_Negative_clean\391503.wav,4.0,5.0,train
session_yamnet_review_58b9c0a87cb2,P_YAMNET_3c8cc5cd51,yamnet_review_gold,non_cough,D:\cough_model_train\DATA\non_cough\non_cough_READY\non_cough\non_cough_033747\data.wav,4.0,5.0,train
session_yamnet_review_8e686ed6d127,P_YAMNET_71f9e5a374,yamnet_review_gold,non_cough,D:\cough_model_train\DATA\non_cough\FSD50K_Negative_clean\190922.wav,0.0,1.0,train
session_yamnet_review_40754ea9b676,P_YAMNET_b5d678747f,yamnet_review_gold,non_cough,D:\cough_model_train\DATA\non_cough\non_cough_READY\non_cough\non_cough_010979\data.wav,0.0,1.0,train
session_yamnet_review_8de750a49bd9,P_YAMNET_003bff6eaf,yamnet_review_gold,non_cough,D:\cough_model_train\DATA\non_cough\FSD50K_Negative_clean\174203.wav,19.5,20.5,train
session_yamnet_review_1a9d33d37125,P_YAMNET_5db60afa29,yamnet_review_gold,non_cough,D:\cough_model_train\DATA\non_cough\non_cough_READY\non_cough\non_cough_008886\data.wav,19.5,20.5,train
session_yamnet_review_94c7f5cbc053,P_YAMNET_c4186a0439,yamnet_review_gold,non_cough,D:\cough_model_train\DATA\non_cough\FSD50K_Negative_clean\355258.wav,0.5,1.5,train
session_yamnet_review_2a73b6e69af9,P_YAMNET_a831340bdd,yamnet_review_gold,non_cough,D:\cough_model_train\DATA\non_cough\non_cough_READY\non_cough\non_cough_027382\data.wav,0.5,1.5,train
session_yamnet_review_b0398a70d595,P_YAMNET_5fa41d3403,yamnet_review_gold,non_cough,D:\cough_model_train\DATA\non_cough\FSD50K_Negative_clean\96617.wav,23.0,24.0,train
session_yamnet_review_d792d4b728fb,P_YAMNET_ed44431a74,yamnet_review_gold,non_cough,D:\cough_model_train\DATA\non_cough\non_cough_READY\non_cough\non_cough_045284\data.wav,23.0,24.0,train
session_yamnet_review_88111d657899,P_YAMNET_877fad8760,yamnet_review_gold,non_cough,D:\cough_model_train\DATA\non_cough\FSD50K_Negative_clean\117120.wav,7.5,8.5,train
session_yamnet_review_81d3e30f0d62,P_YAMNET_11beee986e,yamnet_review_gold,non_cough,D:\cough_model_train\DATA\non_cough\non_cough_1.0_4305\non_cough_001796\data.wav,7.5,8.5,train
session_yamnet_review_74bfda02636a,P_YAMNET_d7b3397fff,yamnet_review_gold,non_cough,D:\cough_model_train\DATA\non_cough\FSD50K_Negative_clean\325230.wav,1.0,2.0,train
session_yamnet_review_1982105900bf,P_YAMNET_1897b8e190,yamnet_review_gold,non_cough,D:\cough_model_train\DATA\non_cough\non_cough_READY\non_cough\non_cough_022795\data.wav,1.0,2.0,train
session_yamnet_review_3860e2d395ca,P_YAMNET_ad6c3e4b04,yamnet_review_gold,non_cough,D:\cough_model_train\DATA\non_cough\FSD50K_Negative_clean\348369.wav,5.0,6.0,train
session_yamnet_review_ae95f9569f23,P_YAMNET_1eaa0302fb,yamnet_review_gold,non_cough,D:\cough_model_train\DATA\non_cough\non_cough_READY\non_cough\non_cough_025867\data.wav,5.0,6.0,train
session_yamnet_review_136c73016dc5,P_YAMNET_012f0d55e2,yamnet_review_gold,non_cough,D:\cough_model_train\DATA\non_cough\FSD50K_Negative_clean\247381.wav,5.0,6.0,train
session_yamnet_review_00b9d5e74e15,P_YAMNET_80518e4da6,yamnet_review_gold,non_cough,D:\cough_model_train\DATA\non_cough\FSD50K_Negative_clean\41012.wav,15.5,16.5,train
session_yamnet_review_3a90053b078c,P_YAMNET_3169880dd5,yamnet_review_gold,non_cough,D:\cough_model_train\DATA\non_cough\non_cough_READY\non_cough\non_cough_017513\data.wav,5.0,6.0,train
session_yamnet_review_c8d0870e253e,P_YAMNET_cca01898b4,yamnet_review_gold,non_cough,D:\cough_model_train\DATA\non_cough\non_cough_READY\non_cough\non_cough_035795\data.wav,15.5,16.5,train
session_yamnet_review_762ffb3367f2,P_YAMNET_58e58bde79,yamnet_review_gold,non_cough,D:\cough_model_train\DATA\non_cough\FSD50K_Negative_clean\395863.wav,17.0,18.0,train
session_yamnet_review_4a88d7cf7f6d,P_YAMNET_0e4c300ca4,yamnet_review_gold,non_cough,D:\cough_model_train\DATA\non_cough\non_cough_READY\non_cough\non_cough_034231\data.wav,17.0,18.0,train
session_yamnet_review_f6aac8b804d9,P_YAMNET_842b0983bd,yamnet_review_gold,non_cough,D:\cough_model_train\DATA\non_cough\FSD50K_Negative_clean\257652.wav,6.5,7.5,train
session_yamnet_review_6296404dd171,P_YAMNET_307498e81c,yamnet_review_gold,non_cough,D:\cough_model_train\DATA\non_cough\FSD50K_Negative_clean\273110.wav,15.5,16.5,train
session_yamnet_review_e52e4b410b2d,P_YAMNET_8e1c91bc0d,yamnet_review_gold,non_cough,D:\cough_model_train\DATA\non_cough\non_cough_READY\non_cough\non_cough_019205\data.wav,6.5,7.5,train
session_yamnet_review_c6cfecd9ed58,P_YAMNET_add8ba94cc,yamnet_review_gold,non_cough,D:\cough_model_train\DATA\non_cough\non_cough_READY\non_cough\non_cough_020642\data.wav,15.5,16.5,train
session_yamnet_review_71573f022fe7,P_YAMNET_fcaab375c5,yamnet_review_gold,non_cough,D:\cough_model_train\DATA\non_cough\FSD50K_Negative_clean\13405.wav,12.0,13.0,train
session_yamnet_review_92c04b07bd5b,P_YAMNET_fb9cf4b2d6,yamnet_review_gold,non_cough,D:\cough_model_train\DATA\non_cough\non_cough_1.0_4305\non_cough_003770\data.wav,12.0,13.0,train
session_yamnet_review_265d09b9c717,P_YAMNET_c79fcf9ff7,yamnet_review_gold,non_cough,D:\cough_model_train\DATA\non_cough\FSD50K_Negative_clean\267447.wav,2.0,3.0,train
session_yamnet_review_afaac75462fb,P_YAMNET_dcb95a6760,yamnet_review_gold,non_cough,D:\cough_model_train\DATA\non_cough\non_cough_READY\non_cough\non_cough_020078\data.wav,2.0,3.0,train
session_yamnet_review_82dd2b056c70,P_YAMNET_fc5ece142c,yamnet_review_gold,non_cough,D:\cough_model_train\DATA\non_cough\FSD50K_Negative_clean\327969.wav,8.5,9.5,train
session_yamnet_review_9f9f9a667f3c,P_YAMNET_7b38ded2ac,yamnet_review_gold,non_cough,D:\cough_model_train\DATA\non_cough\non_cough_READY\non_cough\non_cough_023302\data.wav,8.5,9.5,train
session_yamnet_review_263eaf0b2f39,P_YAMNET_ea5c23a81f,yamnet_review_gold,non_cough,D:\cough_model_train\DATA\non_cough\FSD50K_Negative_clean\266469.wav,4.0,5.0,train
session_yamnet_review_5a053bfb13d8,P_YAMNET_43736f0cfb,yamnet_review_gold,non_cough,D:\cough_model_train\DATA\non_cough\non_cough_READY\non_cough\non_cough_019958\data.wav,4.0,5.0,train
session_yamnet_review_2ae099baa1f0,P_YAMNET_b8d3513894,yamnet_review_gold,non_cough,D:\cough_model_train\DATA\non_cough\FSD50K_Negative_clean\98152.wav,4.0,5.0,train
session_yamnet_review_f659d536d28e,P_YAMNET_7bc0c029fb,yamnet_review_gold,non_cough,D:\cough_model_train\DATA\non_cough\non_cough_READY\non_cough\non_cough_045504\data.wav,4.0,5.0,train
session_yamnet_review_8d72a93e69b2,P_YAMNET_0173476fb1,yamnet_review_gold,non_cough,D:\cough_model_train\DATA\non_cough\FSD50K_Negative_clean\26104.wav,15.0,16.0,train
session_yamnet_review_9b28840988f5,P_YAMNET_42628f7ed5,yamnet_review_gold,non_cough,D:\cough_model_train\DATA\non_cough\non_cough_READY\non_cough\non_cough_019490\data.wav,15.0,16.0,train
session_yamnet_review_3fe91c0bf1e2,P_YAMNET_7e64943026,yamnet_review_gold,non_cough,D:\cough_model_train\DATA\non_cough\FSD50K_Negative_clean\368496.wav,7.5,8.5,train
session_yamnet_review_0e79eaa56c92,P_YAMNET_7b32fd1f57,yamnet_review_gold,non_cough,D:\cough_model_train\DATA\non_cough\non_cough_READY\non_cough\non_cough_029914\data.wav,7.5,8.5,train
session_yamnet_review_dc0440e92312,P_YAMNET_5b3a4c39bc,yamnet_review_gold,non_cough,D:\cough_model_train\DATA\non_cough\FSD50K_Negative_clean\273394.wav,18.5,19.5,train
session_yamnet_review_222c068c57bb,P_YAMNET_265aa797c2,yamnet_review_gold,non_cough,D:\cough_model_train\DATA\non_cough\non_cough_READY\non_cough\non_cough_020669\data.wav,18.5,19.5,train
session_yamnet_review_fe0da112e2ff,P_YAMNET_9411a69923,yamnet_review_gold,non_cough,D:\cough_model_train\DATA\non_cough\FSD50K_Negative_clean\109316.wav,11.0,12.0,train
session_yamnet_review_fa13c3702914,P_YAMNET_e6d0c2186f,yamnet_review_gold,non_cough,D:\cough_model_train\DATA\non_cough\non_cough_1.0_4305\non_cough_000994\data.wav,11.0,12.0,train
session_yamnet_review_e854e3458ddc,P_YAMNET_90411f6657,yamnet_review_gold,non_cough,D:\cough_model_train\DATA\non_cough\FSD50K_Negative_clean\46077.wav,10.5,11.5,train
session_yamnet_review_6a8327d352d4,P_YAMNET_9795791b71,yamnet_review_gold,non_cough,D:\cough_model_train\DATA\non_cough\non_cough_READY\non_cough\non_cough_038529\data.wav,10.5,11.5,train
session_yamnet_review_b3fe613a61b7,P_YAMNET_aff713313f,yamnet_review_gold,non_cough,D:\cough_model_train\DATA\non_cough\FSD50K_Negative_clean\343994.wav,3.0,4.0,train
session_yamnet_review_f4640f1081ec,P_YAMNET_3b8606b8e6,yamnet_review_gold,non_cough,D:\cough_model_train\DATA\non_cough\non_cough_READY\non_cough\non_cough_025321\data.wav,3.0,4.0,train
session_yamnet_review_0dec60df8da3,P_YAMNET_dff83c9035,yamnet_review_gold,non_cough,D:\cough_model_train\DATA\non_cough\FSD50K_Negative_clean\72197.wav,0.5,1.5,train
session_yamnet_review_97ca63874c1d,P_YAMNET_68cdf0416c,yamnet_review_gold,non_cough,D:\cough_model_train\DATA\non_cough\non_cough_READY\non_cough\non_cough_042144\data.wav,0.5,1.5,train
session_yamnet_review_fb46ad700254,P_YAMNET_ac365bd5cc,yamnet_review_gold,non_cough,D:\cough_model_train\DATA\non_cough\FSD50K_Negative_clean\363701.wav,7.5,8.5,train
session_yamnet_review_3cfa8d76715d,P_YAMNET_14e3455f66,yamnet_review_gold,non_cough,D:\cough_model_train\DATA\non_cough\non_cough_READY\non_cough\non_cough_029308\data.wav,7.5,8.5,train
session_yamnet_review_3cbbd469bb18,P_YAMNET_ff34ff019a,yamnet_review_gold,non_cough,D:\cough_model_train\DATA\non_cough\FSD50K_Negative_clean\235502.wav,1.5,2.5,train
session_yamnet_review_d2745a591477,P_YAMNET_54cf410ef7,yamnet_review_gold,non_cough,D:\cough_model_train\DATA\non_cough\non_cough_READY\non_cough\non_cough_015362\data.wav,1.5,2.5,train
session_yamnet_review_6735a810d8e8,P_YAMNET_91d9223470,yamnet_review_gold,non_cough,D:\cough_model_train\DATA\non_cough\FSD50K_Negative_clean\332312.wav,3.0,4.0,train
session_yamnet_review_29a95a41df41,P_YAMNET_48bac7ec5e,yamnet_review_gold,non_cough,D:\cough_model_train\DATA\non_cough\non_cough_READY\non_cough\non_cough_023762\data.wav,3.0,4.0,train
session_yamnet_review_daa8c7248147,P_YAMNET_6ee0a5448e,yamnet_review_gold,non_cough,D:\cough_model_train\DATA\non_cough\FSD50K_Negative_clean\117303.wav,12.0,13.0,train
session_yamnet_review_ecfc5f9611df,P_YAMNET_ba7cc4929a,yamnet_review_gold,non_cough,D:\cough_model_train\DATA\non_cough\FSD50K_Negative_clean\163733.wav,6.5,7.5,train
session_yamnet_review_9715cc7f527a,P_YAMNET_81e69c5251,yamnet_review_gold,non_cough,D:\cough_model_train\DATA\non_cough\FSD50K_Negative_clean\278925.wav,8.5,9.5,train
session_yamnet_review_06f94de7bec0,P_YAMNET_46caee75fa,yamnet_review_gold,non_cough,D:\cough_model_train\DATA\non_cough\FSD50K_Negative_clean\6255.wav,2.0,3.0,train
session_yamnet_review_983ab70d3fe0,P_YAMNET_1b3cf11446,yamnet_review_gold,non_cough,D:\cough_model_train\DATA\non_cough\non_cough_1.0_4305\non_cough_001829\data.wav,12.0,13.0,train
session_yamnet_review_73594cf304dc,P_YAMNET_38b80cc531,yamnet_review_gold,non_cough,D:\cough_model_train\DATA\non_cough\non_cough_READY\non_cough\non_cough_007725\data.wav,6.5,7.5,train
session_yamnet_review_bf51070d80e5,P_YAMNET_4072a89f50,yamnet_review_gold,non_cough,D:\cough_model_train\DATA\non_cough\non_cough_READY\non_cough\non_cough_021274\data.wav,8.5,9.5,train
session_yamnet_review_6e28551abd6e,P_YAMNET_e40dc212be,yamnet_review_gold,non_cough,D:\cough_model_train\DATA\non_cough\non_cough_READY\non_cough\non_cough_040743\data.wav,2.0,3.0,train
session_yamnet_review_fb6ec14d04b1,P_YAMNET_1c708088cb,yamnet_review_gold,non_cough,D:\cough_model_train\DATA\non_cough\FSD50K_Negative_clean\94788.wav,14.0,15.0,train
session_yamnet_review_31e856a0d9c2,P_YAMNET_7e26ef5c5a,yamnet_review_gold,non_cough,D:\cough_model_train\DATA\non_cough\non_cough_READY\non_cough\non_cough_045060\data.wav,14.0,15.0,train
session_yamnet_review_5eeeb3c95e2b,P_YAMNET_3f4c2870e6,yamnet_review_gold,non_cough,D:\cough_model_train\DATA\non_cough\FSD50K_Negative_clean\12041.wav,7.5,8.5,train
session_yamnet_review_9b8edebe0497,P_YAMNET_4d1ecb750b,yamnet_review_gold,non_cough,D:\cough_model_train\DATA\non_cough\non_cough_1.0_4305\non_cough_002499\data.wav,7.5,8.5,train
session_yamnet_review_e763448b5f60,P_YAMNET_82be6dbc15,yamnet_review_gold,non_cough,D:\cough_model_train\DATA\non_cough\FSD50K_Negative_clean\247180.wav,1.0,2.0,train
session_yamnet_review_182bce01bd7e,P_YAMNET_b48ec542ca,yamnet_review_gold,non_cough,D:\cough_model_train\DATA\non_cough\non_cough_READY\non_cough\non_cough_017384\data.wav,1.0,2.0,train
session_yamnet_review_b34d1e26fc36,P_YAMNET_7a9d05c58c,yamnet_review_gold,non_cough,D:\cough_model_train\DATA\non_cough\FSD50K_Negative_clean\361544.wav,3.0,4.0,train
session_yamnet_review_603df525cf2e,P_YAMNET_a128533349,yamnet_review_gold,non_cough,D:\cough_model_train\DATA\non_cough\non_cough_READY\non_cough\non_cough_029056\data.wav,3.0,4.0,train
session_yamnet_review_9c052240d8f1,P_YAMNET_e820ab0040,yamnet_review_gold,non_cough,D:\cough_model_train\DATA\non_cough\FSD50K_Negative_clean\98063.wav,21.0,22.0,train
session_yamnet_review_661e76d09123,P_YAMNET_0e0405fca6,yamnet_review_gold,non_cough,D:\cough_model_train\DATA\non_cough\non_cough_READY\non_cough\non_cough_045497\data.wav,21.0,22.0,train
session_yamnet_review_6644d9bf1019,P_YAMNET_00a2fc494a,yamnet_review_gold,non_cough,D:\cough_model_train\DATA\non_cough\FSD50K_Negative_clean\94102.wav,4.0,5.0,train
session_yamnet_review_5ffd7a689655,P_YAMNET_e261adad51,yamnet_review_gold,non_cough,D:\cough_model_train\DATA\non_cough\non_cough_READY\non_cough\non_cough_044960\data.wav,4.0,5.0,train
session_yamnet_review_aee59c563971,P_YAMNET_aadd530452,yamnet_review_gold,non_cough,D:\cough_model_train\DATA\non_cough\FSD50K_Negative_clean\202529.wav,9.5,10.5,train
session_yamnet_review_933b497174b0,P_YAMNET_143ec7cc02,yamnet_review_gold,non_cough,D:\cough_model_train\DATA\non_cough\non_cough_READY\non_cough\non_cough_012285\data.wav,9.5,10.5,train
session_yamnet_review_c0397fae54ed,P_YAMNET_890fd339d4,yamnet_review_gold,non_cough,D:\cough_model_train\DATA\non_cough\FSD50K_Negative_clean\188012.wav,8.0,9.0,train
session_yamnet_review_06c62d4fd7be,P_YAMNET_5fcb9d45ca,yamnet_review_gold,non_cough,D:\cough_model_train\DATA\non_cough\FSD50K_Negative_clean\366070.wav,22.0,23.0,train
session_yamnet_review_e06734792fdb,P_YAMNET_79774ea32e,yamnet_review_gold,non_cough,D:\cough_model_train\DATA\non_cough\non_cough_READY\non_cough\non_cough_010668\data.wav,8.0,9.0,train
session_yamnet_review_8ea6712e2151,P_YAMNET_dc38b81815,yamnet_review_gold,non_cough,D:\cough_model_train\DATA\non_cough\non_cough_READY\non_cough\non_cough_029588\data.wav,22.0,23.0,train
session_yamnet_review_56c46570e84e,P_YAMNET_adb98c3468,yamnet_review_gold,non_cough,D:\cough_model_train\DATA\non_cough\FSD50K_Negative_clean\108452.wav,17.0,18.0,train
session_yamnet_review_13da8f991f07,P_YAMNET_f676ea3851,yamnet_review_gold,non_cough,D:\cough_model_train\DATA\non_cough\non_cough_1.0_4305\non_cough_000897\data.wav,17.0,18.0,train
session_yamnet_review_369b78ff092a,P_YAMNET_7df35b6a44,yamnet_review_gold,non_cough,D:\cough_model_train\DATA\non_cough\FSD50K_Negative_clean\100317.wav,1.5,2.5,train
session_yamnet_review_941286b6c107,P_YAMNET_dfb9f8ebff,yamnet_review_gold,non_cough,D:\cough_model_train\DATA\non_cough\FSD50K_Negative_clean\354942.wav,2.5,3.5,train
session_yamnet_review_da7b0f947b2d,P_YAMNET_f39d69c542,yamnet_review_gold,non_cough,D:\cough_model_train\DATA\non_cough\non_cough_1.0_4305\non_cough_000061\data.wav,1.5,2.5,train
session_yamnet_review_9b7f8b9e2363,P_YAMNET_76515e6189,yamnet_review_gold,non_cough,D:\cough_model_train\DATA\non_cough\non_cough_READY\non_cough\non_cough_027154\data.wav,2.5,3.5,train
session_yamnet_review_f16c320c8f0c,P_YAMNET_2b424184f1,yamnet_review_gold,non_cough,D:\cough_model_train\DATA\non_cough\FSD50K_Negative_clean\378353.wav,5.5,6.5,train
session_yamnet_review_dba54f81474b,P_YAMNET_78775a0735,yamnet_review_gold,non_cough,D:\cough_model_train\DATA\non_cough\non_cough_READY\non_cough\non_cough_031897\data.wav,5.5,6.5,train
session_yamnet_review_184c49ae88a6,P_YAMNET_938c5d5745,yamnet_review_gold,non_cough,D:\cough_model_train\DATA\non_cough\FSD50K_Negative_clean\234441.wav,2.0,3.0,train
session_yamnet_review_621df5a41c6d,P_YAMNET_8e57e01242,yamnet_review_gold,non_cough,D:\cough_model_train\DATA\non_cough\non_cough_READY\non_cough\non_cough_015238\data.wav,2.0,3.0,train
session_yamnet_review_49b0010bfd3c,P_YAMNET_45232555eb,yamnet_review_gold,non_cough,D:\cough_model_train\DATA\non_cough\FSD50K_Negative_clean\390710.wav,1.5,2.5,train
session_yamnet_review_cea088d9a72f,P_YAMNET_f65c658ed2,yamnet_review_gold,non_cough,D:\cough_model_train\DATA\non_cough\non_cough_READY\non_cough\non_cough_033661\data.wav,1.5,2.5,train
session_yamnet_review_a1dc2e2f073d,P_YAMNET_fcce8aa689,yamnet_review_gold,non_cough,D:\cough_model_train\DATA\non_cough\FSD50K_Negative_clean\173717.wav,0.5,1.5,train
session_yamnet_review_858a752cb5aa,P_YAMNET_bc7ca73390,yamnet_review_gold,non_cough,D:\cough_model_train\DATA\non_cough\non_cough_READY\non_cough\non_cough_008804\data.wav,0.5,1.5,train
session_yamnet_review_1e9cefd7eba2,P_YAMNET_4114c4c312,yamnet_review_gold,non_cough,D:\cough_model_train\DATA\non_cough\FSD50K_Negative_clean\391338.wav,17.5,18.5,train
session_yamnet_review_c4ea32dad935,P_YAMNET_2473077cb4,yamnet_review_gold,non_cough,D:\cough_model_train\DATA\non_cough\non_cough_READY\non_cough\non_cough_033728\data.wav,17.5,18.5,train
session_yamnet_review_010d9721c102,P_YAMNET_779ca1786c,yamnet_review_gold,non_cough,D:\cough_model_train\DATA\non_cough\FSD50K_Negative_clean\182857.wav,15.0,16.0,train
session_yamnet_review_6046530b7e22,P_YAMNET_ee9d515449,yamnet_review_gold,non_cough,D:\cough_model_train\DATA\non_cough\non_cough_READY\non_cough\non_cough_009938\data.wav,15.0,16.0,train
session_yamnet_review_a08bfaf77ba3,P_YAMNET_44d9472bfe,yamnet_review_gold,non_cough,D:\cough_model_train\DATA\non_cough\FSD50K_Negative_clean\400591.wav,0.0,1.0,train
session_yamnet_review_9f81fbdcde3b,P_YAMNET_d005be2221,yamnet_review_gold,non_cough,D:\cough_model_train\DATA\non_cough\non_cough_READY\non_cough\non_cough_034696\data.wav,0.0,1.0,train
session_yamnet_review_e6fd38b59098,P_YAMNET_8d09b5cae1,yamnet_review_gold,non_cough,D:\cough_model_train\DATA\non_cough\FSD50K_Negative_clean\420451.wav,11.5,12.5,train
session_yamnet_review_422f2bebff76,P_YAMNET_2f496f7f08,yamnet_review_gold,non_cough,D:\cough_model_train\DATA\non_cough\non_cough_READY\non_cough\non_cough_036938\data.wav,11.5,12.5,train
session_yamnet_review_4b1a64c52a30,P_YAMNET_8dc5354ab4,yamnet_review_gold,non_cough,D:\cough_model_train\DATA\non_cough\FSD50K_Negative_clean\357738.wav,4.5,5.5,train
session_yamnet_review_0de2850044b0,P_YAMNET_450cc89a33,yamnet_review_gold,non_cough,D:\cough_model_train\DATA\non_cough\non_cough_READY\non_cough\non_cough_028096\data.wav,4.5,5.5,train
session_yamnet_review_b40e1a0d6171,P_YAMNET_f1e69a287d,yamnet_review_gold,non_cough,D:\cough_model_train\DATA\non_cough\FSD50K_Negative_clean\327391.wav,14.0,15.0,train
session_yamnet_review_e0297163a2dc,P_YAMNET_0e486ff488,yamnet_review_gold,non_cough,D:\cough_model_train\DATA\non_cough\non_cough_READY\non_cough\non_cough_023220\data.wav,14.0,15.0,train
session_yamnet_review_58427aed5296,P_YAMNET_e92eed30e9,yamnet_review_gold,non_cough,D:\cough_model_train\DATA\non_cough\FSD50K_Negative_clean\212113.wav,1.5,2.5,train
session_yamnet_review_5a8a43cef8cc,P_YAMNET_0adc3871cd,yamnet_review_gold,non_cough,D:\cough_model_train\DATA\non_cough\non_cough_READY\non_cough\non_cough_013308\data.wav,1.5,2.5,train
session_yamnet_review_075e97036a94,P_YAMNET_eb0e9ee1b6,yamnet_review_gold,non_cough,D:\cough_model_train\DATA\non_cough\FSD50K_Negative_clean\187669.wav,2.5,3.5,train
session_yamnet_review_02a4babcca9a,P_YAMNET_b0028193a3,yamnet_review_gold,non_cough,D:\cough_model_train\DATA\non_cough\non_cough_READY\non_cough\non_cough_010596\data.wav,2.5,3.5,train
session_yamnet_review_0dbfa3a2e034,P_YAMNET_b45bfdbe9c,yamnet_review_gold,non_cough,D:\cough_model_train\DATA\non_cough\FSD50K_Negative_clean\139767.wav,14.0,15.0,train
session_yamnet_review_107bb1658329,P_YAMNET_c6870090b4,yamnet_review_gold,non_cough,D:\cough_model_train\DATA\non_cough\non_cough_READY\non_cough\non_cough_004628\data.wav,14.0,15.0,train
session_yamnet_review_45dfdaa4c09a,P_YAMNET_2357b8b0f5,yamnet_review_gold,non_cough,D:\cough_model_train\DATA\non_cough\FSD50K_Negative_clean\180284.wav,17.5,18.5,train
session_yamnet_review_e9a0f2a4cd1d,P_YAMNET_5372492e23,yamnet_review_gold,non_cough,D:\cough_model_train\DATA\non_cough\non_cough_READY\non_cough\non_cough_009579\data.wav,17.5,18.5,train
session_yamnet_review_1e94119984e1,P_YAMNET_4ff276dbc0,yamnet_review_gold,non_cough,D:\cough_model_train\DATA\non_cough\FSD50K_Negative_clean\400875.wav,4.0,5.0,train
session_yamnet_review_23c511815b0f,P_YAMNET_9de15157d4,yamnet_review_gold,non_cough,D:\cough_model_train\DATA\non_cough\non_cough_READY\non_cough\non_cough_034725\data.wav,4.0,5.0,train
session_yamnet_review_2f940604b586,P_YAMNET_2cfd3a2984,yamnet_review_gold,non_cough,D:\cough_model_train\DATA\non_cough\FSD50K_Negative_clean\119374.wav,2.0,3.0,train
session_yamnet_review_38a004dc4f90,P_YAMNET_c4e44470f0,yamnet_review_gold,non_cough,D:\cough_model_train\DATA\non_cough\non_cough_1.0_4305\non_cough_002314\data.wav,2.0,3.0,train
session_yamnet_review_5e753a034a45,P_YAMNET_aa1582affc,yamnet_review_gold,non_cough,D:\cough_model_train\DATA\non_cough\FSD50K_Negative_clean\56013.wav,0.0,1.0,train
session_yamnet_review_117acc3e68b7,P_YAMNET_61dc832485,yamnet_review_gold,non_cough,D:\cough_model_train\DATA\non_cough\non_cough_READY\non_cough\non_cough_039693\data.wav,0.0,1.0,train
session_yamnet_review_22d121c606e0,P_YAMNET_dac5b553dc,yamnet_review_gold,non_cough,D:\cough_model_train\DATA\non_cough\FSD50K_Negative_clean\121904.wav,3.5,4.5,train
session_yamnet_review_c8b53182d1cb,P_YAMNET_3e1518aac5,yamnet_review_gold,non_cough,D:\cough_model_train\DATA\non_cough\non_cough_1.0_4305\non_cough_002696\data.wav,3.5,4.5,train
session_yamnet_review_7244909e4729,P_YAMNET_40150a1bd9,yamnet_review_gold,non_cough,D:\cough_model_train\DATA\non_cough\FSD50K_Negative_clean\359057.wav,7.5,8.5,train
session_yamnet_review_9eb7ac262393,P_YAMNET_fba7f53b6a,yamnet_review_gold,non_cough,D:\cough_model_train\DATA\non_cough\non_cough_READY\non_cough\non_cough_028564\data.wav,7.5,8.5,train
session_yamnet_review_432ca5b4b1c4,P_YAMNET_6a7369f585,yamnet_review_gold,non_cough,D:\cough_model_train\DATA\non_cough\FSD50K_Negative_clean\408186.wav,3.0,4.0,train
session_yamnet_review_01c1e2932692,P_YAMNET_331cc2899b,yamnet_review_gold,non_cough,D:\cough_model_train\DATA\non_cough\non_cough_READY\non_cough\non_cough_035637\data.wav,3.0,4.0,train
session_yamnet_review_232536b22a36,P_YAMNET_b6980d765c,yamnet_review_gold,non_cough,D:\cough_model_train\DATA\non_cough\FSD50K_Negative_clean\251886.wav,1.0,2.0,train
session_yamnet_review_6bb39fef50d9,P_YAMNET_33f32262e4,yamnet_review_gold,non_cough,D:\cough_model_train\DATA\non_cough\non_cough_READY\non_cough\non_cough_018478\data.wav,1.0,2.0,train
session_yamnet_review_ba55dc709bbd,P_YAMNET_e028475846,yamnet_review_gold,non_cough,D:\cough_model_train\DATA\non_cough\FSD50K_Negative_clean\325770.wav,1.5,2.5,train
session_yamnet_review_a5f556dc4a64,P_YAMNET_c7f32e4f88,yamnet_review_gold,non_cough,D:\cough_model_train\DATA\non_cough\non_cough_READY\non_cough\non_cough_022919\data.wav,1.5,2.5,train
session_yamnet_review_a70543bc4c9c,P_YAMNET_3fe275b6d4,yamnet_review_gold,non_cough,D:\cough_model_train\DATA\non_cough\FSD50K_Negative_clean\353612.wav,8.0,9.0,train
session_yamnet_review_71bfe19bbb9d,P_YAMNET_e16769e81a,yamnet_review_gold,non_cough,D:\cough_model_train\DATA\non_cough\non_cough_READY\non_cough\non_cough_026672\data.wav,8.0,9.0,train
session_yamnet_review_534e16debe03,P_YAMNET_9a2c424049,yamnet_review_gold,non_cough,D:\cough_model_train\DATA\non_cough\FSD50K_Negative_clean\248833.wav,2.5,3.5,train
session_yamnet_review_ded7ffc1aee6,P_YAMNET_fc50f72794,yamnet_review_gold,non_cough,D:\cough_model_train\DATA\non_cough\FSD50K_Negative_clean\30149.wav,2.5,3.5,train
session_yamnet_review_6f5cfc3ea23d,P_YAMNET_1daf247ad7,yamnet_review_gold,non_cough,D:\cough_model_train\DATA\non_cough\non_cough_READY\non_cough\non_cough_018002\data.wav,2.5,3.5,train
session_yamnet_review_dbf37c4f0729,P_YAMNET_d38b53f2ed,yamnet_review_gold,non_cough,D:\cough_model_train\DATA\non_cough\non_cough_READY\non_cough\non_cough_021554\data.wav,2.5,3.5,train
session_yamnet_review_7ab65a1acec9,P_YAMNET_228d5c2411,yamnet_review_gold,non_cough,D:\cough_model_train\DATA\non_cough\FSD50K_Negative_clean\372923.wav,0.0,1.0,train
session_yamnet_review_8b0942caea52,P_YAMNET_9b3dc8917f,yamnet_review_gold,non_cough,D:\cough_model_train\DATA\non_cough\non_cough_READY\non_cough\non_cough_030623\data.wav,0.0,1.0,train
session_yamnet_review_048c266a3c21,P_YAMNET_fb70afb68c,yamnet_review_gold,non_cough,D:\cough_model_train\DATA\non_cough\FSD50K_Negative_clean\119145.wav,3.0,4.0,train
session_yamnet_review_7654b588b216,P_YAMNET_9b551158b3,yamnet_review_gold,non_cough,D:\cough_model_train\DATA\non_cough\non_cough_1.0_4305\non_cough_002116\data.wav,3.0,4.0,train
session_yamnet_review_f4278b74f5c8,P_YAMNET_d88b2fb8ce,yamnet_review_gold,non_cough,D:\cough_model_train\DATA\non_cough\FSD50K_Negative_clean\172564.wav,5.5,6.5,train
session_yamnet_review_591e1d6a3c8f,P_YAMNET_298bbe0bf8,yamnet_review_gold,non_cough,D:\cough_model_train\DATA\non_cough\non_cough_READY\non_cough\non_cough_008646\data.wav,5.5,6.5,train
session_yamnet_review_56039d1e7065,P_YAMNET_4d16e1006f,yamnet_review_gold,non_cough,D:\cough_model_train\DATA\non_cough\FSD50K_Negative_clean\148837.wav,2.5,3.5,train
session_yamnet_review_49f5d51cc4fa,P_YAMNET_2ca3f530d8,yamnet_review_gold,non_cough,D:\cough_model_train\DATA\non_cough\non_cough_READY\non_cough\non_cough_005633\data.wav,2.5,3.5,train
session_yamnet_review_4a74e527d60f,P_YAMNET_78293baf07,yamnet_review_gold,non_cough,D:\cough_model_train\DATA\non_cough\FSD50K_Negative_clean\158509.wav,8.5,9.5,train
session_yamnet_review_ec597e088cb7,P_YAMNET_616f8f3d0b,yamnet_review_gold,non_cough,D:\cough_model_train\DATA\non_cough\non_cough_READY\non_cough\non_cough_007036\data.wav,8.5,9.5,train
session_yamnet_review_69f751e00460,P_YAMNET_4e8609e2c2,yamnet_review_gold,non_cough,D:\cough_model_train\DATA\non_cough\FSD50K_Negative_clean\13432.wav,2.5,3.5,train
session_yamnet_review_6927f635f545,P_YAMNET_dc986b7513,yamnet_review_gold,non_cough,D:\cough_model_train\DATA\non_cough\non_cough_1.0_4305\non_cough_003799\data.wav,2.5,3.5,train
session_yamnet_review_3332195ef181,P_YAMNET_0ead22ac6a,yamnet_review_gold,non_cough,D:\cough_model_train\DATA\non_cough\FSD50K_Negative_clean\76441.wav,0.5,1.5,train
session_yamnet_review_b330f44e25c6,P_YAMNET_177828b570,yamnet_review_gold,non_cough,D:\cough_model_train\DATA\non_cough\non_cough_READY\non_cough\non_cough_042605\data.wav,0.5,1.5,train
session_yamnet_review_b1f3cfc8d74e,P_YAMNET_bc8131d780,yamnet_review_gold,non_cough,D:\cough_model_train\DATA\non_cough\FSD50K_Negative_clean\241892.wav,0.0,1.0,train
session_yamnet_review_02ee7c5d802f,P_YAMNET_bd0b40ed53,yamnet_review_gold,non_cough,D:\cough_model_train\DATA\non_cough\non_cough_READY\non_cough\non_cough_016542\data.wav,0.0,1.0,train
session_yamnet_review_d8c1dba6ac2c,P_YAMNET_88ba5fa5e5,yamnet_review_gold,non_cough,D:\cough_model_train\DATA\non_cough\FSD50K_Negative_clean\248582.wav,6.5,7.5,train
session_yamnet_review_9e33510f61b3,P_YAMNET_6c7c0271b9,yamnet_review_gold,non_cough,D:\cough_model_train\DATA\non_cough\non_cough_READY\non_cough\non_cough_017910\data.wav,6.5,7.5,train
session_yamnet_review_3ce7a4846650,P_YAMNET_2027623e9c,yamnet_review_gold,non_cough,D:\cough_model_train\DATA\non_cough\FSD50K_Negative_clean\256898.wav,5.5,6.5,train
session_yamnet_review_f2594c5bb30b,P_YAMNET_70c34b0552,yamnet_review_gold,non_cough,D:\cough_model_train\DATA\non_cough\non_cough_READY\non_cough\non_cough_019113\data.wav,5.5,6.5,train
session_yamnet_review_d92e5a360940,P_YAMNET_fa399c971d,yamnet_review_gold,non_cough,D:\cough_model_train\DATA\non_cough\FSD50K_Negative_clean\146933.wav,2.0,3.0,train
session_yamnet_review_fad4057970e4,P_YAMNET_e4143ae31c,yamnet_review_gold,non_cough,D:\cough_model_train\DATA\non_cough\non_cough_READY\non_cough\non_cough_005438\data.wav,2.0,3.0,train
session_yamnet_review_eeefb2f6da90,P_YAMNET_aa75385b53,yamnet_review_gold,non_cough,D:\cough_model_train\DATA\non_cough\FSD50K_Negative_clean\323046.wav,4.5,5.5,train
session_yamnet_review_7aae73ecfdcc,P_YAMNET_444f98103b,yamnet_review_gold,non_cough,D:\cough_model_train\DATA\non_cough\non_cough_READY\non_cough\non_cough_022457\data.wav,4.5,5.5,train
session_yamnet_review_394da13a47a0,P_YAMNET_14e8167992,yamnet_review_gold,non_cough,D:\cough_model_train\DATA\non_cough\FSD50K_Negative_clean\410391.wav,3.0,4.0,train
session_yamnet_review_d4df59d3af34,P_YAMNET_123db8bb96,yamnet_review_gold,non_cough,D:\cough_model_train\DATA\non_cough\non_cough_READY\non_cough\non_cough_035821\data.wav,3.0,4.0,train
session_yamnet_review_0d3fd328d365,P_YAMNET_09e0d8a61e,yamnet_review_gold,non_cough,D:\cough_model_train\DATA\non_cough\FSD50K_Negative_clean\20436.wav,0.5,1.5,train
session_yamnet_review_0a6610e43d56,P_YAMNET_e7f06dee18,yamnet_review_gold,non_cough,D:\cough_model_train\DATA\non_cough\non_cough_READY\non_cough\non_cough_012552\data.wav,0.5,1.5,train
session_yamnet_review_0077b11fd8a6,P_YAMNET_f299db06c8,yamnet_review_gold,non_cough,D:\cough_model_train\DATA\non_cough\FSD50K_Negative_clean\102369.wav,5.5,6.5,train
session_yamnet_review_1a25f501a3ba,P_YAMNET_dfcbf19c95,yamnet_review_gold,non_cough,D:\cough_model_train\DATA\non_cough\non_cough_1.0_4305\non_cough_000284\data.wav,5.5,6.5,train
session_yamnet_review_f613fede8258,P_YAMNET_78a09ad2d1,yamnet_review_gold,non_cough,D:\cough_model_train\DATA\non_cough\FSD50K_Negative_clean\13460.wav,6.5,7.5,train
session_yamnet_review_a1b2a7d8aac9,P_YAMNET_6697708448,yamnet_review_gold,non_cough,D:\cough_model_train\DATA\non_cough\non_cough_1.0_4305\non_cough_003829\data.wav,6.5,7.5,train
session_yamnet_review_3a09fc505e36,P_YAMNET_1da811733d,yamnet_review_gold,non_cough,D:\cough_model_train\DATA\non_cough\FSD50K_Negative_clean\241898.wav,2.0,3.0,train
session_yamnet_review_88c871bd55e7,P_YAMNET_f4d6a04db7,yamnet_review_gold,non_cough,D:\cough_model_train\DATA\non_cough\non_cough_READY\non_cough\non_cough_016548\data.wav,2.0,3.0,train
session_yamnet_review_8f97c2be4edb,P_YAMNET_8f3c9fb7ce,yamnet_review_gold,non_cough,D:\cough_model_train\DATA\non_cough\FSD50K_Negative_clean\238056.wav,1.5,2.5,train
session_yamnet_review_cb2fe0f7743a,P_YAMNET_6248ab5eb6,yamnet_review_gold,non_cough,D:\cough_model_train\DATA\non_cough\non_cough_READY\non_cough\non_cough_016009\data.wav,1.5,2.5,train
session_yamnet_review_0b52c6cd9837,P_YAMNET_cafcedde3b,yamnet_review_gold,non_cough,D:\cough_model_train\DATA\non_cough\FSD50K_Negative_clean\121046.wav,4.5,5.5,train
session_yamnet_review_2086d24929b8,P_YAMNET_14e8e087e9,yamnet_review_gold,non_cough,D:\cough_model_train\DATA\non_cough\non_cough_1.0_4305\non_cough_002585\data.wav,4.5,5.5,train
session_yamnet_review_042610c678d3,P_YAMNET_e821712157,yamnet_review_gold,non_cough,D:\cough_model_train\DATA\non_cough\FSD50K_Negative_clean\211704.wav,9.5,10.5,train
session_yamnet_review_3db74e65c7fb,P_YAMNET_462293c462,yamnet_review_gold,non_cough,D:\cough_model_train\DATA\non_cough\non_cough_READY\non_cough\non_cough_013246\data.wav,9.5,10.5,train
session_yamnet_review_64116cde0134,P_YAMNET_1ee0641ec9,yamnet_review_gold,non_cough,D:\cough_model_train\DATA\non_cough\FSD50K_Negative_clean\172717.wav,1.5,2.5,train
session_yamnet_review_dfde5c20aa4a,P_YAMNET_ba4d3161ae,yamnet_review_gold,non_cough,D:\cough_model_train\DATA\non_cough\non_cough_READY\non_cough\non_cough_008661\data.wav,1.5,2.5,train
session_yamnet_review_4f0da754e175,P_YAMNET_3265459021,yamnet_review_gold,non_cough,D:\cough_model_train\DATA\non_cough\FSD50K_Negative_clean\358526.wav,2.0,3.0,train
session_yamnet_review_52b410ad5393,P_YAMNET_2ab8e54c62,yamnet_review_gold,non_cough,D:\cough_model_train\DATA\non_cough\non_cough_READY\non_cough\non_cough_028443\data.wav,2.0,3.0,train
session_yamnet_review_49f24718ea98,P_YAMNET_8699709fe3,yamnet_review_gold,non_cough,D:\cough_model_train\DATA\non_cough\FSD50K_Negative_clean\339448.wav,0.0,1.0,train
session_yamnet_review_9db44d94c3b0,P_YAMNET_036d982fd4,yamnet_review_gold,non_cough,D:\cough_model_train\DATA\non_cough\non_cough_READY\non_cough\non_cough_024705\data.wav,0.0,1.0,train
session_yamnet_review_03863ab0c6c4,P_YAMNET_473aef1102,yamnet_review_gold,non_cough,D:\cough_model_train\DATA\non_cough\FSD50K_Negative_clean\43438.wav,1.5,2.5,train
session_yamnet_review_a28d2a44a8bd,P_YAMNET_b98776726c,yamnet_review_gold,non_cough,D:\cough_model_train\DATA\non_cough\non_cough_READY\non_cough\non_cough_038233\data.wav,1.5,2.5,train
session_yamnet_review_160e16588e1a,P_YAMNET_eb354c8c4f,yamnet_review_gold,non_cough,D:\cough_model_train\DATA\non_cough\FSD50K_Negative_clean\370244.wav,0.5,1.5,train
session_yamnet_review_faadf87c8559,P_YAMNET_32b61dbc7c,yamnet_review_gold,non_cough,D:\cough_model_train\DATA\non_cough\FSD50K_Negative_clean\415372.wav,8.0,9.0,train
session_yamnet_review_b2bb478bc0ba,P_YAMNET_e6f7bc99cc,yamnet_review_gold,non_cough,D:\cough_model_train\DATA\non_cough\non_cough_READY\non_cough\non_cough_030140\data.wav,0.5,1.5,train
session_yamnet_review_33d18a895e09,P_YAMNET_d4bb16bc5e,yamnet_review_gold,non_cough,D:\cough_model_train\DATA\non_cough\non_cough_READY\non_cough\non_cough_036353\data.wav,8.0,9.0,train
session_yamnet_review_6b4296d38d09,P_YAMNET_476809fbc7,yamnet_review_gold,non_cough,D:\cough_model_train\DATA\non_cough\FSD50K_Negative_clean\164789.wav,1.0,2.0,train
session_yamnet_review_ce499b5fa3b3,P_YAMNET_fb4bee009d,yamnet_review_gold,non_cough,D:\cough_model_train\DATA\non_cough\non_cough_READY\non_cough\non_cough_007858\data.wav,1.0,2.0,train
session_yamnet_review_4bf436d12349,P_YAMNET_fc82b4157b,yamnet_review_gold,non_cough,D:\cough_model_train\DATA\non_cough\FSD50K_Negative_clean\274047.wav,8.0,9.0,train
session_yamnet_review_ef97a9e1c7ae,P_YAMNET_1ade2a2cb0,yamnet_review_gold,non_cough,D:\cough_model_train\DATA\non_cough\non_cough_READY\non_cough\non_cough_020781\data.wav,8.0,9.0,train
session_yamnet_review_5ad40b43e445,P_YAMNET_3083dc06ed,yamnet_review_gold,non_cough,D:\cough_model_train\DATA\non_cough\FSD50K_Negative_clean\220779.wav,10.5,11.5,train
session_yamnet_review_6ee3cfba5980,P_YAMNET_41f9c78f25,yamnet_review_gold,non_cough,D:\cough_model_train\DATA\non_cough\non_cough_READY\non_cough\non_cough_014307\data.wav,10.5,11.5,train
session_yamnet_review_72e6d5314805,P_YAMNET_3ee0ab1caa,yamnet_review_gold,non_cough,D:\cough_model_train\DATA\non_cough\FSD50K_Negative_clean\26010.wav,2.5,3.5,train
session_yamnet_review_37bc63e91aab,P_YAMNET_4f571966f9,yamnet_review_gold,non_cough,D:\cough_model_train\DATA\non_cough\non_cough_READY\non_cough\non_cough_019405\data.wav,2.5,3.5,train
session_yamnet_review_596a3dee53b8,P_YAMNET_9bb10f52d1,yamnet_review_gold,non_cough,D:\cough_model_train\DATA\non_cough\FSD50K_Negative_clean\76465.wav,1.5,2.5,train
session_yamnet_review_5d159e3126c2,P_YAMNET_0458054bf2,yamnet_review_gold,non_cough,D:\cough_model_train\DATA\non_cough\non_cough_READY\non_cough\non_cough_042613\data.wav,1.5,2.5,train
session_yamnet_review_422efd78a667,P_YAMNET_b72bfb09c3,yamnet_review_gold,non_cough,D:\cough_model_train\DATA\non_cough\non_cough_1.0_4305\non_cough_000356\data.wav,10.5,11.5,train
session_yamnet_review_47f40a396f90,P_YAMNET_6b372bd999,yamnet_review_gold,non_cough,D:\cough_model_train\DATA\non_cough\non_cough_READY\non_cough\non_cough_033318\data.wav,16.0,17.0,train
session_yamnet_review_e2a23b433db5,P_YAMNET_68edfe4f81,yamnet_review_gold,non_cough,D:\cough_model_train\DATA\non_cough\FSD50K_Negative_clean\353771.wav,14.0,15.0,train
session_yamnet_review_4214db9df625,P_YAMNET_21c9f95554,yamnet_review_gold,non_cough,D:\cough_model_train\DATA\non_cough\non_cough_READY\non_cough\non_cough_034686\data.wav,4.0,5.0,train
session_yamnet_review_4c96f18c41de,P_YAMNET_b401a75737,yamnet_review_gold,non_cough,D:\cough_model_train\DATA\non_cough\FSD50K_Negative_clean\392078.wav,8.0,9.0,train
session_yamnet_review_ed2a74f8f9b4,P_YAMNET_897af6bd1e,yamnet_review_gold,non_cough,D:\cough_model_train\DATA\non_cough\non_cough_READY\non_cough\non_cough_029860\data.wav,4.0,5.0,train
session_yamnet_review_a975c3ac03d1,P_YAMNET_3cb5a14718,yamnet_review_gold,non_cough,D:\cough_model_train\DATA\non_cough\non_cough_1.0_4305\non_cough_001862\data.wav,23.5,24.5,train
session_yamnet_review_1cb288a705a8,P_YAMNET_733f913a2e,yamnet_review_gold,non_cough,D:\cough_model_train\DATA\non_cough\non_cough_READY\non_cough\non_cough_022426\data.wav,7.0,8.0,train
session_yamnet_review_f60b0d4939ce,P_YAMNET_3b3af34640,yamnet_review_gold,non_cough,D:\cough_model_train\DATA\non_cough\non_cough_READY\non_cough\non_cough_039075\data.wav,16.5,17.5,train
session_yamnet_review_31c50000110a,P_YAMNET_273e5064ba,yamnet_review_gold,non_cough,D:\cough_model_train\DATA\non_cough\non_cough_READY\non_cough\non_cough_041974\data.wav,17.0,18.0,train
session_yamnet_review_46468bb24016,P_YAMNET_6ab8f39dfa,yamnet_review_gold,non_cough,D:\cough_model_train\DATA\non_cough\FSD50K_Negative_clean\24242.wav,10.5,11.5,train
session_yamnet_review_5b16bebacbae,P_YAMNET_f76cf1822d,yamnet_review_gold,non_cough,D:\cough_model_train\DATA\non_cough\FSD50K_Negative_clean\56954.wav,4.5,5.5,train
session_yamnet_review_af4132d8fc25,P_YAMNET_ffa7180b58,yamnet_review_gold,non_cough,D:\cough_model_train\DATA\non_cough\non_cough_READY\non_cough\non_cough_043717\data.wav,2.5,3.5,train
session_yamnet_review_fbc547575ccd,P_YAMNET_80b8b975ac,yamnet_review_gold,non_cough,D:\cough_model_train\DATA\non_cough\non_cough_1.0_4305\non_cough_001388\data.wav,17.0,18.0,train
session_yamnet_review_a532bfbc2285,P_YAMNET_bae46ac94e,yamnet_review_gold,non_cough,D:\cough_model_train\DATA\non_cough\FSD50K_Negative_clean\181545.wav,4.5,5.5,train
session_yamnet_review_fd7fc989118d,P_YAMNET_d1ad660187,yamnet_review_gold,non_cough,D:\cough_model_train\DATA\non_cough\non_cough_READY\non_cough\non_cough_031834\data.wav,23.0,24.0,train
session_yamnet_review_7cc911d948c5,P_YAMNET_c2c9b5bafd,yamnet_review_gold,non_cough,D:\cough_model_train\DATA\non_cough\non_cough_1.0_4305\non_cough_003555\data.wav,1.0,2.0,train
session_yamnet_review_cdb2bcd8c5bf,P_YAMNET_b497be977d,yamnet_review_gold,non_cough,D:\cough_model_train\DATA\non_cough\non_cough_READY\non_cough\non_cough_013320\data.wav,15.0,16.0,train
session_yamnet_review_720a986d0b76,P_YAMNET_0e95c3e3b8,yamnet_review_gold,non_cough,D:\cough_model_train\DATA\non_cough\non_cough_READY\non_cough\non_cough_023827\data.wav,6.0,7.0,train
session_yamnet_review_03c1a9534891,P_YAMNET_6d08a7f8a9,yamnet_review_gold,non_cough,D:\cough_model_train\DATA\non_cough\FSD50K_Negative_clean\400079.wav,17.0,18.0,train
session_yamnet_review_f66c7a90e7dc,P_YAMNET_fbc687e1d4,yamnet_review_gold,non_cough,D:\cough_model_train\DATA\non_cough\FSD50K_Negative_clean\360481.wav,4.0,5.0,train
session_yamnet_review_ae7356ea6fe0,P_YAMNET_d625310ba7,yamnet_review_gold,non_cough,D:\cough_model_train\DATA\non_cough\FSD50K_Negative_clean\58162.wav,17.5,18.5,train
session_yamnet_review_7154e2278bed,P_YAMNET_6ee650b6cf,yamnet_review_gold,non_cough,D:\cough_model_train\DATA\non_cough\non_cough_READY\non_cough\non_cough_043403\data.wav,1.5,2.5,train
session_yamnet_review_3b086253325e,P_YAMNET_43d15d0c13,yamnet_review_gold,non_cough,D:\cough_model_train\DATA\non_cough\FSD50K_Negative_clean\71736.wav,0.0,1.0,train
session_yamnet_review_182cf8718e5a,P_YAMNET_e2caa56f34,yamnet_review_gold,non_cough,D:\cough_model_train\DATA\non_cough\non_cough_1.0_4305\non_cough_000282\data.wav,0.5,1.5,train
session_yamnet_review_bb81b6cb0aeb,P_YAMNET_9c82dc915c,yamnet_review_gold,non_cough,D:\cough_model_train\DATA\non_cough\non_cough_READY\non_cough\non_cough_025405\data.wav,2.5,3.5,train
session_yamnet_review_ff79cc0cf3d7,P_YAMNET_3a626777e9,yamnet_review_gold,non_cough,D:\cough_model_train\DATA\non_cough\FSD50K_Negative_clean\353650.wav,16.5,17.5,train
session_yamnet_review_83cb2c5e1453,P_YAMNET_587a297d19,yamnet_review_gold,non_cough,D:\cough_model_train\DATA\non_cough\FSD50K_Negative_clean\35220.wav,2.0,3.0,train
session_yamnet_review_1b03151eb7b7,P_YAMNET_764d573da9,yamnet_review_gold,non_cough,D:\cough_model_train\DATA\non_cough\FSD50K_Negative_clean\111178.wav,23.0,24.0,train
session_yamnet_review_ebadfb661673,P_YAMNET_e29580c8b2,yamnet_review_gold,non_cough,D:\cough_model_train\DATA\non_cough\FSD50K_Negative_clean\262001.wav,13.5,14.5,train
session_yamnet_review_f996515c65b4,P_YAMNET_8177753546,yamnet_review_gold,non_cough,D:\cough_model_train\DATA\non_cough\FSD50K_Negative_clean\114285.wav,0.5,1.5,train
session_yamnet_review_d393f12fdcff,P_YAMNET_6e7ec2e896,yamnet_review_gold,non_cough,D:\cough_model_train\DATA\non_cough\non_cough_READY\non_cough\non_cough_020162\data.wav,8.0,9.0,train
session_yamnet_review_fddb1b93b3a8,P_YAMNET_cc20f12224,yamnet_review_gold,non_cough,D:\cough_model_train\DATA\non_cough\non_cough_READY\non_cough\non_cough_014086\data.wav,21.0,22.0,train
session_yamnet_review_1adb4464e7bb,P_YAMNET_9f58d35722,yamnet_review_gold,non_cough,D:\cough_model_train\DATA\non_cough\FSD50K_Negative_clean\156145.wav,8.0,9.0,train
session_yamnet_review_4f842ffd6383,P_YAMNET_46c600145b,yamnet_review_gold,non_cough,D:\cough_model_train\DATA\non_cough\non_cough_1.0_4305\non_cough_003583\data.wav,6.0,7.0,train
session_yamnet_review_73320e65da9b,P_YAMNET_0cdb80740e,yamnet_review_gold,non_cough,D:\cough_model_train\DATA\non_cough\FSD50K_Negative_clean\233152.wav,0.5,1.5,train
session_yamnet_review_f6ed3e0fe22e,P_YAMNET_8c6c3dfa6d,yamnet_review_gold,non_cough,D:\cough_model_train\DATA\non_cough\FSD50K_Negative_clean\89581.wav,15.5,16.5,train
session_yamnet_review_64df46bb0612,P_YAMNET_69e45da3b1,yamnet_review_gold,non_cough,D:\cough_model_train\DATA\non_cough\non_cough_READY\non_cough\non_cough_009242\data.wav,0.5,1.5,train
session_yamnet_review_3e598bc399ea,P_YAMNET_3bdab7a3d5,yamnet_review_gold,non_cough,D:\cough_model_train\DATA\non_cough\FSD50K_Negative_clean\350534.wav,9.0,10.0,train
session_yamnet_review_98aef8432f4e,P_YAMNET_1f5b3536c0,yamnet_review_gold,non_cough,D:\cough_model_train\DATA\non_cough\FSD50K_Negative_clean\396459.wav,19.0,20.0,train
session_yamnet_review_3025fd7f36be,P_YAMNET_e8211e7b10,yamnet_review_gold,non_cough,D:\cough_model_train\DATA\non_cough\FSD50K_Negative_clean\360119.wav,1.5,2.5,train
session_yamnet_review_320785c04304,P_YAMNET_cf290887be,yamnet_review_gold,non_cough,D:\cough_model_train\DATA\non_cough\non_cough_READY\non_cough\non_cough_022132\data.wav,3.0,4.0,train
session_yamnet_review_59574d6eb44a,P_YAMNET_3ba863f3e2,yamnet_review_gold,non_cough,D:\cough_model_train\DATA\non_cough\FSD50K_Negative_clean\202544.wav,2.0,3.0,train
session_yamnet_review_3886c3099ba6,P_YAMNET_13211fb19a,yamnet_review_gold,non_cough,D:\cough_model_train\DATA\non_cough\non_cough_READY\non_cough\non_cough_021373\data.wav,0.5,1.5,train
session_yamnet_review_9e65431da3c2,P_YAMNET_4e9aa0c717,yamnet_review_gold,non_cough,D:\cough_model_train\DATA\non_cough\non_cough_READY\non_cough\non_cough_021844\data.wav,3.5,4.5,train
session_yamnet_review_e1a809b28aee,P_YAMNET_8cf43c982a,yamnet_review_gold,non_cough,D:\cough_model_train\DATA\non_cough\FSD50K_Negative_clean\119497.wav,0.0,1.0,train
session_yamnet_review_12054b03abcf,P_YAMNET_1df92ef7da,yamnet_review_gold,non_cough,D:\cough_model_train\DATA\non_cough\FSD50K_Negative_clean\424592.wav,3.0,4.0,train
session_yamnet_review_5f5181f416cc,P_YAMNET_bdcaf87e0f,yamnet_review_gold,non_cough,D:\cough_model_train\DATA\non_cough\FSD50K_Negative_clean\109578.wav,6.0,7.0,train
session_yamnet_review_e230e9310b61,P_YAMNET_2857bccd4e,yamnet_review_gold,non_cough,D:\cough_model_train\DATA\non_cough\FSD50K_Negative_clean\238793.wav,3.5,4.5,train
session_yamnet_review_7f8674677a2a,P_YAMNET_b00fd4c8cc,yamnet_review_gold,non_cough,D:\cough_model_train\DATA\non_cough\non_cough_READY\non_cough\non_cough_008037\data.wav,5.5,6.5,train
session_yamnet_review_127085001323,P_YAMNET_54e60e10ee,yamnet_review_gold,non_cough,D:\cough_model_train\DATA\non_cough\non_cough_READY\non_cough\non_cough_008122\data.wav,21.0,22.0,train
session_yamnet_review_44b5a849982b,P_YAMNET_da68633169,yamnet_review_gold,non_cough,D:\cough_model_train\DATA\non_cough\FSD50K_Negative_clean\76440.wav,2.5,3.5,train
session_yamnet_review_2c4e90d8ffa4,P_YAMNET_fb9457ac54,yamnet_review_gold,non_cough,D:\cough_model_train\DATA\non_cough\FSD50K_Negative_clean\406129.wav,10.5,11.5,train
session_yamnet_review_f7e37a67eb91,P_YAMNET_b3702b786f,yamnet_review_gold,non_cough,D:\cough_model_train\DATA\non_cough\FSD50K_Negative_clean\131918.wav,18.0,19.0,train
session_yamnet_review_b24bd2d42e01,P_YAMNET_a06a569e48,yamnet_review_gold,non_cough,D:\cough_model_train\DATA\non_cough\non_cough_READY\non_cough\non_cough_032412\data.wav,17.0,18.0,train
session_yamnet_review_d08cd7fba3d0,P_YAMNET_ef9b49e951,yamnet_review_gold,non_cough,D:\cough_model_train\DATA\non_cough\FSD50K_Negative_clean\157789.wav,4.0,5.0,train
session_yamnet_review_6773c49d3615,P_YAMNET_a7a3871a9a,yamnet_review_gold,non_cough,D:\cough_model_train\DATA\non_cough\FSD50K_Negative_clean\3188.wav,8.5,9.5,train
session_yamnet_review_ef6875f411f3,P_YAMNET_24fc18a19b,yamnet_review_gold,non_cough,D:\cough_model_train\DATA\non_cough\non_cough_READY\non_cough\non_cough_041310\data.wav,10.0,11.0,train
session_yamnet_review_03f5ef02e634,P_YAMNET_3dcbc70c48,yamnet_review_gold,non_cough,D:\cough_model_train\DATA\non_cough\non_cough_1.0_4305\non_cough_003837\data.wav,10.5,11.5,train
session_yamnet_review_f06caaf15b93,P_YAMNET_3a20286447,yamnet_review_gold,non_cough,D:\cough_model_train\DATA\non_cough\FSD50K_Negative_clean\203948.wav,6.0,7.0,train
session_yamnet_review_befe3a3c6608,P_YAMNET_f002fc163d,yamnet_review_gold,non_cough,D:\cough_model_train\DATA\non_cough\FSD50K_Negative_clean\369927.wav,21.5,22.5,train
session_yamnet_review_b920c0ce3b41,P_YAMNET_1eb88cb628,yamnet_review_gold,non_cough,D:\cough_model_train\DATA\non_cough\FSD50K_Negative_clean\64781.wav,1.0,2.0,train
session_yamnet_review_55ce03dea14c,P_YAMNET_c002bd9ce0,yamnet_review_gold,non_cough,D:\cough_model_train\DATA\non_cough\FSD50K_Negative_clean\16687.wav,10.0,11.0,train
session_yamnet_review_3ddac4a14303,P_YAMNET_2fe27b7d83,yamnet_review_gold,non_cough,D:\cough_model_train\DATA\non_cough\non_cough_READY\non_cough\non_cough_025856\data.wav,2.5,3.5,train
session_yamnet_review_fc235251eeb2,P_YAMNET_0020180528,yamnet_review_gold,non_cough,D:\cough_model_train\DATA\non_cough\FSD50K_Negative_clean\430176.wav,0.5,1.5,train
session_yamnet_review_eb1659569c13,P_YAMNET_27ba9c4f79,yamnet_review_gold,non_cough,D:\cough_model_train\DATA\non_cough\non_cough_READY\non_cough\non_cough_012322\data.wav,5.0,6.0,train
session_yamnet_review_4a573003deb5,P_YAMNET_ad43915a58,yamnet_review_gold,non_cough,D:\cough_model_train\DATA\non_cough\FSD50K_Negative_clean\362942.wav,6.0,7.0,train
session_yamnet_review_cfe8e8052d2b,P_YAMNET_16246e7dfc,yamnet_review_gold,non_cough,D:\cough_model_train\DATA\non_cough\FSD50K_Negative_clean\205408.wav,0.0,1.0,train
session_yamnet_review_74af6e6a4071,P_YAMNET_399fb84e64,yamnet_review_gold,non_cough,D:\cough_model_train\DATA\non_cough\non_cough_READY\non_cough\non_cough_019764\data.wav,13.0,14.0,train
session_yamnet_review_379d9436c03d,P_YAMNET_66e2024f07,yamnet_review_gold,non_cough,D:\cough_model_train\DATA\non_cough\FSD50K_Negative_clean\138210.wav,1.5,2.5,train
session_yamnet_review_a29cda94f0c4,P_YAMNET_5653048bca,yamnet_review_gold,non_cough,D:\cough_model_train\DATA\non_cough\FSD50K_Negative_clean\233386.wav,15.5,16.5,train
session_yamnet_review_e9274364509b,P_YAMNET_c99ad10092,yamnet_review_gold,non_cough,D:\cough_model_train\DATA\non_cough\non_cough_1.0_4305\non_cough_003252\data.wav,1.0,2.0,train
session_yamnet_review_d7442b896f3b,P_YAMNET_5519878132,yamnet_review_gold,non_cough,D:\cough_model_train\DATA\non_cough\FSD50K_Negative_clean\146205.wav,1.0,2.0,train
session_yamnet_review_960c4c97b299,P_YAMNET_be686f3144,yamnet_review_gold,non_cough,D:\cough_model_train\DATA\non_cough\non_cough_READY\non_cough\non_cough_022590\data.wav,3.5,4.5,train
session_yamnet_review_ed17657e5882,P_YAMNET_43f4a19bd5,yamnet_review_gold,non_cough,D:\cough_model_train\DATA\non_cough\FSD50K_Negative_clean\123987.wav,0.0,1.0,train
session_yamnet_review_9917fe01e1ed,P_YAMNET_81d0a285de,yamnet_review_gold,non_cough,D:\cough_model_train\DATA\non_cough\non_cough_READY\non_cough\non_cough_039847\data.wav,14.0,15.0,train
session_yamnet_review_7c4ff3e934df,P_YAMNET_79406e7819,yamnet_review_gold,non_cough,D:\cough_model_train\DATA\non_cough\non_cough_READY\non_cough\non_cough_025292\data.wav,22.0,23.0,train
session_yamnet_review_c7bcbdc843bd,P_YAMNET_822e8842f7,yamnet_review_gold,non_cough,D:\cough_model_train\DATA\non_cough\FSD50K_Negative_clean\169289.wav,5.5,6.5,train
session_yamnet_review_4f2e3b46bb79,P_YAMNET_8e10f4a477,yamnet_review_gold,non_cough,D:\cough_model_train\DATA\non_cough\non_cough_READY\non_cough\non_cough_007049\data.wav,3.0,4.0,train
session_yamnet_review_49e6d3e82934,P_YAMNET_76ff0e06a3,yamnet_review_gold,non_cough,D:\cough_model_train\DATA\non_cough\non_cough_READY\non_cough\non_cough_007679\data.wav,1.5,2.5,train
session_yamnet_review_9a3f3318cf52,P_YAMNET_e2d80b551c,yamnet_review_gold,non_cough,D:\cough_model_train\DATA\non_cough\FSD50K_Negative_clean\390270.wav,4.0,5.0,train
session_yamnet_review_575d56979b3c,P_YAMNET_8b24741915,yamnet_review_gold,non_cough,D:\cough_model_train\DATA\non_cough\FSD50K_Negative_clean\185055.wav,3.0,4.0,train
session_yamnet_review_19e84bd83781,P_YAMNET_f676eb9227,yamnet_review_gold,non_cough,D:\cough_model_train\DATA\non_cough\non_cough_READY\non_cough\non_cough_020918\data.wav,2.5,3.5,train
session_yamnet_review_4d9f1869e9f1,P_YAMNET_a2be7fd84e,yamnet_review_gold,non_cough,D:\cough_model_train\DATA\non_cough\non_cough_READY\non_cough\non_cough_014705\data.wav,5.0,6.0,train
session_yamnet_review_d6ae8cb1fcd3,P_YAMNET_2bef5dc78d,yamnet_review_gold,non_cough,D:\cough_model_train\DATA\non_cough\FSD50K_Negative_clean\111077.wav,3.0,4.0,train
session_yamnet_review_c43d9296121b,P_YAMNET_25708ac50a,yamnet_review_gold,non_cough,D:\cough_model_train\DATA\non_cough\non_cough_READY\non_cough\non_cough_021685\data.wav,11.5,12.5,train
session_yamnet_review_8109ef27d709,P_YAMNET_e5e5eae1af,yamnet_review_gold,non_cough,D:\cough_model_train\DATA\non_cough\non_cough_READY\non_cough\non_cough_037437\data.wav,6.5,7.5,train
session_yamnet_review_7301cdc6413b,P_YAMNET_c38f1a3ede,yamnet_review_gold,non_cough,D:\cough_model_train\DATA\non_cough\non_cough_READY\non_cough\non_cough_021553\data.wav,1.5,2.5,train
session_yamnet_review_31485e49121f,P_YAMNET_4ca67773d6,yamnet_review_gold,non_cough,D:\cough_model_train\DATA\non_cough\non_cough_READY\non_cough\non_cough_029571\data.wav,2.5,3.5,train
session_yamnet_review_3f8fd2f147e2,P_YAMNET_84eab4021c,yamnet_review_gold,non_cough,D:\cough_model_train\DATA\non_cough\FSD50K_Negative_clean\165037.wav,0.5,1.5,train
session_yamnet_review_0ba4e7b599c0,P_YAMNET_810cc77486,yamnet_review_gold,non_cough,D:\cough_model_train\DATA\non_cough\non_cough_READY\non_cough\non_cough_037289\data.wav,11.0,12.0,train
session_yamnet_review_1e15b5a9ff7c,P_YAMNET_d9eba4f9c4,yamnet_review_gold,non_cough,D:\cough_model_train\DATA\non_cough\FSD50K_Negative_clean\164309.wav,5.5,6.5,train
